transaction_id,customer_id,amount,customer_age,past_fraud_count,avg_spend,is_international,device_type,customer_region,category,merchant,transaction_time,is_fraud
T1000,C291,46.93,68.0,0,124.55,1,mobile,North,travel,Walmart,01/01/2024 08:10,0
T1001,C280,301.01,57.0,1,116.49,0,pos,North,travel,,2024-01-01 07:50:12,0
T1002,C321,131.67,,1,96.91,0,web,North,grocery,Amazon,2024-01-01 18:09:06,0
T1003,C450,91.29,49.0,0,108.17,0,pos,West,electronics,,2024/01/01 03:52,0
T1004,C111,16.96,65.0,0,70.14,0,pos,South,grocery,Amazon,Jan 01 2024 09:08,0
T1005,C286,16.96,36.0,0,130.83,0,mobile,East,shopping,Amazon,01/01/2024 18:06,0
T1006,C163,5.98,23.0,0,34.65,0,pos,West,electronics,Target,2024-01-01 18:40:45,0
T1007,C329,201.12,37.0,0,109.3,0,web,East,shopping,Amazon,01/01/2024 23:35,0
T1008,C472,91.91,44.0,0,128.08,0,web,West,electronics,Starbucks,2024/01/01 08:38,0
T1009,C209,123.13,60.0,0,90.07,0,web,East,food,Starbucks,01/01/2024 19:18,0
T1010,C345,2.08,,0,118.54,0,web,East,,Starbucks,Jan 01 2024 07:47,0
T1011,C137,350.36,65.0,1,50.43,1,mobile,South,food,Walmart,Jan 01 2024 03:52,1
T1012,C150,178.64,24.0,0,51.71,1,pos,East,grocery,BestBuy,2024/01/01 20:23,0
T1013,C200,23.87,22.0,0,111.84,0,mobile,West,electronics,Amazon,Jan 01 2024 22:09,0
T1014,C440,20.07,28.0,0,133.93,0,pos,East,,BestBuy,2024-01-01 16:51:05,0
T1015,C411,20.26,32.0,0,6.26,0,mobile,South,electronics,Starbucks,2024/01/01 19:27,0
T1016,C347,36.28,20.0,0,126.1,0,mobile,East,shopping,Target,Jan 02 2024 03:24,0
T1017,C199,74.39,22.0,0,72.84,0,mobile,West,food,,2024/01/01 17:02,0
T1018,C280,56.55,40.0,0,90.36,1,web,East,food,Amazon,Jan 02 2024 02:20,0
T1019,C149,34.42,,0,33.02,0,web,South,,BestBuy,Jan 01 2024 07:41,0
T1020,C134,94.64,26.0,0,57.42,0,mobile,South,grocery,BestBuy,2024-01-01 00:43:17,0
T1021,C148,15.02,32.0,0,148.31,0,pos,South,,Walmart,01/01/2024 08:06,0
T1022,C396,34.55,20.0,1,101.64,0,pos,South,,Target,Jan 01 2024 16:51,0
T1023,C254,45.63,46.0,0,80.86,0,web,North,food,Starbucks,2024-01-01 00:21:42,0
T1024,C191,60.89,23.0,1,94.18,1,mobile,South,food,Target,01/01/2024 17:23,0
T1025,C449,153.79,34.0,0,124.46,0,web,East,grocery,Amazon,Jan 01 2024 21:24,0
T1026,C457,22.27,43.0,0,122.02,0,web,East,food,Walmart,Jan 01 2024 21:36,0
T1027,C475,72.2,38.0,1,96.25,0,web,East,grocery,,01/01/2024 18:54,0
T1028,C183,89.75,25.0,1,154.65,0,mobile,East,travel,Amazon,2024-01-01 13:57:20,0
T1029,C440,4.76,38.0,0,148.52,0,mobile,North,electronics,Target,Jan 01 2024 15:14,0
T1030,C367,93.53,,0,120.67,0,web,North,,,01/01/2024 14:01,0
T1031,C416,18.7,55.0,0,102.73,0,mobile,North,travel,Starbucks,2024/01/01 02:04,0
T1032,C178,6.73,25.0,0,132.87,0,pos,East,food,Target,01/01/2024 22:09,0
T1033,C275,297.37,59.0,1,115.71,0,pos,West,shopping,Starbucks,Jan 02 2024 00:51,0
T1034,C331,337.06,41.0,0,153.04,0,web,West,food,Walmart,01/01/2024 16:17,0
T1035,C330,165.23,52.0,0,144.98,0,pos,East,grocery,Walmart,Jan 01 2024 00:55,0
T1036,C481,36.33,31.0,0,49.09,0,web,South,shopping,Target,01/01/2024 06:16,0
T1037,C340,10.28,31.0,0,45.7,0,web,South,travel,Starbucks,Jan 02 2024 03:36,0
T1038,C183,115.28,27.0,0,64.94,0,web,East,electronics,BestBuy,2024-01-01 04:50:51,0
T1039,C395,58.01,29.0,0,148.81,0,mobile,South,electronics,Amazon,2024/01/02 03:30,0
T1040,C413,13.02,,0,21.18,0,mobile,South,food,Walmart,2024-01-01 00:51:14,0
T1041,C432,68.35,61.0,0,119.74,0,mobile,West,,Starbucks,Jan 01 2024 14:20,0
T1042,C426,3.5,,0,118.13,0,mobile,East,food,Target,2024-01-01 15:44:56,0
T1043,C258,240.04,51.0,1,158.13,1,web,North,,Target,2024/01/01 08:34,1
T1044,C391,29.95,58.0,0,109.02,1,mobile,West,,Walmart,01/01/2024 09:53,0
T1045,C405,108.63,27.0,0,32.84,1,pos,East,travel,Walmart,2024-01-01 07:40:54,0
T1046,C160,37.35,34.0,0,52.03,0,pos,East,grocery,BestBuy,Jan 01 2024 16:10,0
T1047,C327,73.41,34.0,0,40.9,0,mobile,West,food,Target,01/01/2024 03:56,0
T1048,C263,79.12,20.0,0,73.1,0,pos,South,electronics,Starbucks,2024/01/01 15:18,0
T1049,C213,20.44,48.0,0,90.85,0,pos,South,grocery,Amazon,2024-01-01 15:33:40,0
T1050,C106,349.28,68.0,0,41.73,0,mobile,West,grocery,Amazon,01/01/2024 00:42,0
T1051,C485,149.22,18.0,0,173.53,0,web,East,food,BestBuy,2024-01-01 10:25:59,0
T1052,C458,280.51,29.0,0,33.74,0,web,North,grocery,Starbucks,01/01/2024 06:50,0
T1053,C220,225.22,56.0,0,167.31,0,web,East,electronics,Amazon,2024/01/01 14:31,0
T1054,C250,91.11,,0,159.26,0,mobile,North,electronics,Amazon,01/01/2024 17:46,0
T1055,C222,254.94,59.0,0,144.92,0,web,North,,Starbucks,Jan 01 2024 17:35,0
T1056,C287,9.27,30.0,0,65.31,0,web,East,electronics,Starbucks,01/01/2024 12:51,0
T1057,C362,21.81,51.0,1,117.12,0,pos,East,,Walmart,2024-01-01 18:29:08,0
T1058,C229,4.63,59.0,0,36.13,1,web,East,electronics,Amazon,2024/01/01 23:57,0
T1059,C201,39.35,38.0,0,145.55,0,mobile,North,shopping,Amazon,01/01/2024 10:05,0
T1060,C271,49.21,39.0,0,96.3,0,web,South,electronics,BestBuy,2024-01-01 00:38:45,0
T1061,C265,31.66,21.0,1,79.53,1,pos,North,electronics,,2024-01-01 15:35:09,0
T1062,C268,176.46,35.0,0,38.81,0,pos,North,food,Walmart,02/01/2024 01:30,0
T1063,C235,44.12,22.0,0,-23.88,0,pos,North,electronics,Amazon,02/01/2024 03:12,0
T1064,C313,32.98,36.0,0,48.07,0,pos,West,grocery,Target,Jan 01 2024 23:51,0
T1065,C459,78.24,19.0,1,155.64,0,web,South,electronics,Target,01/01/2024 05:12,0
T1066,C270,15.19,29.0,0,79.86,0,pos,North,travel,Starbucks,Jan 01 2024 21:34,0
T1067,C103,162.05,34.0,0,91.53,0,pos,North,food,Walmart,Jan 01 2024 21:13,0
T1068,C287,7.75,27.0,0,132.78,0,pos,West,food,Amazon,Jan 01 2024 15:30,0
T1069,C350,433.41,51.0,0,190.28,0,web,North,,Amazon,01/01/2024 21:22,0
T1070,C318,147.95,23.0,0,166.25,0,mobile,South,travel,Amazon,Jan 01 2024 12:35,0
T1071,C326,22.15,25.0,1,51.38,0,pos,North,,BestBuy,01/01/2024 23:25,0
T1072,C283,0.55,68.0,0,2.87,0,pos,South,grocery,Target,01/01/2024 10:38,0
T1073,C330,168.99,28.0,1,217.98,0,pos,South,food,BestBuy,2024-01-01 04:33:45,0
T1074,C152,122.71,29.0,0,213.45,0,web,East,food,Amazon,01/01/2024 13:10,0
T1075,C162,130.57,26.0,0,109.42,0,web,West,travel,Amazon,2024-01-02 02:20:45,0
T1076,C361,147.52,19.0,1,36.48,1,pos,West,shopping,Walmart,2024/01/01 05:03,0
T1077,C291,384.5,25.0,1,148.16,0,mobile,West,travel,Walmart,01/01/2024 21:04,0
T1078,C431,44.39,28.0,0,94.6,0,pos,East,,,01/01/2024 19:22,0
T1079,C194,12.32,53.0,0,94.35,0,mobile,East,travel,Starbucks,2024-01-01 15:43:02,0
T1080,C464,198.85,27.0,0,144.72,0,mobile,South,shopping,Amazon,2024-01-01 14:26:58,0
T1081,C102,97.63,38.0,0,116.72,0,web,West,grocery,Walmart,01/01/2024 03:37,0
T1082,C420,40.18,37.0,0,40.71,0,web,East,grocery,Target,2024/01/02 01:29,0
T1083,C290,6.57,65.0,1,83.76,0,web,East,shopping,BestBuy,2024/01/01 15:34,0
T1084,C141,37.25,25.0,0,133.06,1,mobile,East,electronics,,2024/01/01 15:59,0
T1085,C485,39.33,,0,125.51,0,mobile,South,,Starbucks,Jan 01 2024 03:46,0
T1086,C157,130.79,46.0,0,113.1,0,mobile,North,grocery,Target,2024-01-01 19:07:50,0
T1087,C467,101.49,,0,146.67,0,web,East,travel,Starbucks,Jan 01 2024 23:46,0
T1088,C313,218.23,29.0,0,81.91,0,web,East,,,02/01/2024 00:43,0
T1089,C321,63.91,31.0,0,108.93,1,web,East,,Target,Jan 01 2024 20:52,0
T1090,C498,12.74,65.0,0,-68.78,0,pos,West,shopping,Walmart,2024/01/02 02:03,0
T1091,C377,124.91,67.0,0,77.52,0,mobile,West,travel,Starbucks,01/01/2024 06:47,0
T1092,C126,143.04,,0,138.2,0,mobile,East,,BestBuy,01/01/2024 06:02,0
T1093,C487,82.39,,0,80.48,0,pos,South,travel,BestBuy,2024-01-01 01:30:52,0
T1094,C352,147.39,38.0,0,76.69,0,mobile,North,food,Starbucks,2024-01-01 05:53:43,0
T1095,C264,68.08,61.0,0,47.93,0,mobile,West,grocery,,Jan 01 2024 20:18,0
T1096,C223,73.97,67.0,0,150.17,0,pos,North,food,Amazon,Jan 01 2024 22:16,0
T1097,C152,55.78,,0,127.42,0,mobile,East,electronics,Amazon,Jan 01 2024 08:42,0
T1098,C388,2.57,56.0,0,141.27,0,web,West,shopping,,2024/01/02 03:26,0
T1099,C176,11.42,37.0,0,13.69,0,pos,North,electronics,BestBuy,2024/01/01 23:54,0
T1100,C327,3.19,41.0,0,91.98,0,mobile,East,travel,Walmart,2024/01/01 21:32,0
T1101,C252,101.17,40.0,0,85.99,0,web,West,electronics,Amazon,2024-01-01 16:51:49,0
T1102,C382,37.74,,0,85.97,0,mobile,East,shopping,BestBuy,01/01/2024 16:33,0
T1103,C157,71.04,26.0,0,69.2,0,pos,West,grocery,BestBuy,01/01/2024 03:23,0
T1104,C411,238.13,18.0,0,82.69,0,web,North,food,,Jan 01 2024 11:26,0
T1105,C378,1433.5,43.0,1,142.48,0,mobile,North,grocery,Amazon,2024-01-01 08:17:39,0
T1106,C397,52.83,55.0,0,4.36,1,pos,West,electronics,BestBuy,2024-01-01 16:49:45,0
T1107,C185,140.87,55.0,0,188.86,0,mobile,South,travel,Starbucks,Jan 01 2024 12:00,0
T1108,C350,25.98,61.0,1,124.19,0,mobile,East,electronics,BestBuy,2024-01-01 19:37:35,0
T1109,C127,8.01,39.0,0,97.88,0,web,North,shopping,Walmart,2024/01/01 17:33,0
T1110,C207,34.21,61.0,1,145.34,0,mobile,South,shopping,Target,2024/01/01 09:44,0
T1111,C172,17.58,27.0,0,27.41,1,pos,West,travel,Amazon,2024-01-01 22:38:57,0
T1112,C132,265.5,23.0,0,66.76,1,pos,North,grocery,Walmart,2024-01-01 19:37:35,0
T1113,C424,165.09,34.0,0,93.95,0,web,North,shopping,Starbucks,2024-01-01 06:08:40,0
T1114,C435,100.35,68.0,0,168.28,0,web,East,shopping,Target,Jan 01 2024 18:21,0
T1115,C331,205.15,67.0,0,97.68,0,mobile,South,travel,BestBuy,01/01/2024 16:57,0
T1116,C490,162.8,55.0,0,122.5,0,pos,East,,,Jan 01 2024 11:13,0
T1117,C224,20.65,41.0,0,70.52,0,web,West,electronics,BestBuy,01/01/2024 03:21,0
T1118,C358,223.08,,0,124.34,0,mobile,North,food,Walmart,Jan 01 2024 20:42,0
T1119,C132,77.51,27.0,0,183.86,0,mobile,South,travel,Amazon,2024/01/01 14:00,0
T1120,C375,164.73,25.0,0,149.78,1,pos,East,grocery,BestBuy,2024/01/01 07:50,0
T1121,C273,226.42,38.0,1,95.93,1,pos,South,food,Amazon,2024/01/01 12:41,1
T1122,C449,38.27,23.0,0,133.77,1,mobile,West,travel,Walmart,2024-01-01 06:32:55,0
T1123,C415,11.66,38.0,0,128.88,0,pos,North,electronics,BestBuy,Jan 01 2024 19:37,0
T1124,C276,25.87,56.0,0,125.33,0,mobile,South,electronics,Target,2024-01-01 14:37:36,0
T1125,C444,55.71,41.0,0,155.6,0,mobile,West,grocery,Starbucks,Jan 01 2024 08:08,0
T1126,C329,170.38,50.0,0,155.22,0,pos,West,grocery,BestBuy,2024-01-01 03:54:22,0
T1127,C293,197.13,,0,93.64,0,web,North,,,2024/01/01 12:04,0
T1128,C326,0.7,45.0,0,132.09,0,mobile,East,,,02/01/2024 00:18,0
T1129,C457,71.49,69.0,0,80.85,0,pos,North,travel,Amazon,2024-01-01 02:57:01,0
T1130,C359,54.03,49.0,0,53.85,0,mobile,North,grocery,Walmart,2024/01/01 17:17,0
T1131,C490,25.12,29.0,0,86.53,0,mobile,South,food,Starbucks,2024-01-01 06:21:41,0
T1132,C162,12.77,65.0,0,96.19,0,mobile,South,electronics,Amazon,2024/01/01 11:01,0
T1133,C462,41.19,59.0,0,16.92,0,pos,East,food,BestBuy,2024/01/01 03:47,0
T1134,C253,286.31,,0,143.02,0,pos,West,grocery,Walmart,01/01/2024 07:42,0
T1135,C292,39.04,27.0,0,-38.37,0,pos,South,,Target,Jan 01 2024 18:18,0
T1136,C439,73.15,63.0,0,235.74,1,web,East,,BestBuy,2024/01/01 11:21,0
T1137,C221,121.41,69.0,0,175.09,0,mobile,North,electronics,Starbucks,2024/01/01 13:57,0
T1138,C495,45.2,,1,86.95,0,web,West,grocery,Walmart,2024/01/02 02:37,0
T1139,C365,356.78,49.0,0,100.47,0,mobile,North,grocery,BestBuy,Jan 01 2024 15:31,0
T1140,C459,328.2,59.0,1,115.15,0,pos,West,electronics,Amazon,01/01/2024 21:04,0
T1141,C136,29.01,43.0,0,70.54,0,mobile,South,,Amazon,01/01/2024 16:22,0
T1142,C447,68.77,42.0,0,109.63,1,mobile,North,shopping,Amazon,02/01/2024 00:19,0
T1143,C251,35.79,28.0,0,92.8,1,mobile,North,shopping,BestBuy,2024-01-01 10:33:30,0
T1144,C142,33.52,40.0,0,95.29,0,web,West,shopping,Starbucks,01/01/2024 18:59,0
T1145,C442,3.76,51.0,0,109.07,0,pos,East,travel,Amazon,Jan 01 2024 03:14,0
T1146,C302,94.05,69.0,0,34.32,0,pos,West,electronics,BestBuy,2024-01-01 20:29:10,0
T1147,C470,69.85,57.0,0,101.98,0,mobile,South,electronics,BestBuy,2024-01-01 10:57:10,0
T1148,C250,5.29,40.0,0,108.17,0,pos,East,electronics,Starbucks,2024-01-01 14:35:00,0
T1149,C223,32.66,46.0,0,106.44,0,web,North,shopping,Walmart,Jan 01 2024 22:29,0
T1150,C141,238.89,48.0,0,89.21,0,web,North,shopping,Walmart,2024-01-01 02:31:50,0
T1151,C315,27.39,24.0,0,156.89,0,pos,North,grocery,BestBuy,2024/01/01 21:01,0
T1152,C430,15.65,,0,82.32,0,web,South,travel,Walmart,Jan 01 2024 09:12,0
T1153,C136,67.23,50.0,0,111.37,0,web,North,electronics,Target,Jan 01 2024 22:28,0
T1154,C278,424.4,38.0,0,164.86,0,pos,North,travel,Starbucks,2024/01/01 10:53,0
T1155,C308,27.71,19.0,0,96.03,0,pos,East,electronics,BestBuy,2024/01/01 07:10,0
T1156,C417,111.52,,0,110.72,0,mobile,South,shopping,Walmart,01/01/2024 11:42,0
T1157,C386,143.39,64.0,0,95.18,0,mobile,North,shopping,Walmart,2024/01/01 07:17,0
T1158,C278,27.13,50.0,0,161.87,0,web,East,electronics,Starbucks,01/01/2024 06:40,0
T1159,C448,130.27,54.0,0,87.11,0,pos,North,food,Amazon,01/01/2024 22:33,0
T1160,C499,45.85,51.0,0,164.17,0,web,East,shopping,Walmart,2024/01/01 12:15,0
T1161,C399,100.05,37.0,0,94.82,0,pos,North,grocery,Starbucks,2024-01-01 03:12:24,0
T1162,C134,100.38,52.0,0,57.03,0,web,South,shopping,Amazon,01/01/2024 03:05,0
T1163,C495,76.74,68.0,0,133.97,0,web,West,grocery,BestBuy,2024-01-01 18:11:31,0
T1164,C135,9.46,67.0,1,84.77,0,web,South,travel,,2024-01-01 06:21:09,0
T1165,C443,180.36,35.0,2,131.03,0,mobile,East,shopping,Walmart,2024/01/01 08:12,0
T1166,C395,38.68,63.0,0,-36.47,0,pos,North,shopping,BestBuy,02/01/2024 03:41,0
T1167,C266,20.64,41.0,0,100.26,0,web,South,travel,BestBuy,2024/01/01 05:02,0
T1168,C340,4.16,,1,77.02,1,mobile,North,grocery,Amazon,2024-01-02 00:17:05,1
T1169,C258,4469.0,47.0,1,46.84,0,web,South,food,BestBuy,2024-01-01 02:55:56,0
T1170,C341,113.19,61.0,0,72.34,0,web,East,grocery,Amazon,2024/01/01 07:55,0
T1171,C281,1.67,27.0,0,71.31,0,pos,West,electronics,Amazon,2024-01-01 14:33:16,0
T1172,C127,71.76,40.0,0,97.6,0,web,South,electronics,Amazon,2024-01-01 22:54:23,0
T1173,C393,25.68,69.0,0,31.63,0,pos,North,electronics,Starbucks,2024-01-01 03:11:03,0
T1174,C269,103.61,66.0,0,115.81,0,mobile,North,travel,,01/01/2024 12:23,0
T1175,C430,19.16,28.0,0,168.31,0,mobile,North,grocery,BestBuy,01/01/2024 08:29,0
T1176,C369,117.42,19.0,0,114.05,0,web,East,,Target,2024-01-01 04:00:10,0
T1177,C390,48.9,43.0,0,140.45,0,mobile,East,electronics,,02/01/2024 00:26,0
T1178,C353,276.03,53.0,0,154.73,0,pos,West,grocery,Target,Jan 01 2024 16:08,0
T1179,C118,14.79,50.0,0,161.82,1,pos,North,shopping,Amazon,Jan 01 2024 04:32,0
T1180,C429,41.71,64.0,0,193.51,0,mobile,West,grocery,BestBuy,2024-01-01 09:33:08,0
T1181,C256,12.04,30.0,0,75.04,0,pos,North,travel,Walmart,01/01/2024 04:09,0
T1182,C462,258.62,57.0,0,64.08,1,pos,South,electronics,Target,01/01/2024 20:37,0
T1183,C401,209.83,42.0,0,139.17,0,web,South,food,Target,Jan 02 2024 02:17,0
T1184,C315,29.83,21.0,0,135.41,0,web,South,electronics,Target,2024-01-01 11:16:36,0
T1185,C162,107.88,59.0,0,138.78,1,pos,North,,Walmart,01/01/2024 23:00,0
T1186,C222,169.95,,0,194.46,0,mobile,South,travel,Starbucks,2024/01/01 16:27,0
T1187,C450,81.01,35.0,0,100.57,0,pos,North,shopping,Amazon,2024/01/02 02:09,0
T1188,C403,75.43,,0,121.31,0,web,West,electronics,BestBuy,2024/01/01 13:45,0
T1189,C206,27.69,47.0,0,50.98,0,mobile,East,shopping,Target,2024/01/01 11:49,0
T1190,C223,9.77,36.0,0,206.77,0,pos,South,shopping,Walmart,Jan 01 2024 10:03,0
T1191,C473,227.51,40.0,0,83.17,0,mobile,North,travel,Target,2024-01-02 02:29:38,0
T1192,C148,230.68,33.0,2,84.59,1,mobile,North,electronics,Walmart,01/01/2024 00:39,0
T1193,C103,100.27,18.0,0,82.66,1,mobile,West,,Starbucks,02/01/2024 02:51,0
T1194,C200,41.4,29.0,1,67.76,1,pos,West,travel,Target,02/01/2024 00:47,0
T1195,C476,42.96,41.0,0,63.53,0,web,East,food,Target,01/01/2024 07:37,0
T1196,C181,129.45,,0,73.81,1,mobile,West,travel,,2024-01-01 09:11:25,0
T1197,C382,227.41,25.0,0,31.71,0,mobile,East,food,Walmart,01/01/2024 06:22,0
T1198,C263,218.11,35.0,1,60.73,0,pos,East,shopping,Walmart,Jan 01 2024 21:43,0
T1199,C295,151.36,65.0,0,197.45,0,web,West,shopping,Starbucks,2024-01-01 02:28:16,0
T1200,C280,102.73,22.0,0,136.78,0,web,East,grocery,Target,01/01/2024 03:49,0
T1201,C393,8.79,43.0,0,146.3,0,pos,South,grocery,BestBuy,2024/01/01 16:13,0
T1202,C174,17.63,47.0,1,158.86,0,mobile,East,shopping,Amazon,Jan 02 2024 01:49,0
T1203,C388,228.82,30.0,0,191.71,0,pos,North,electronics,BestBuy,2024-01-01 23:56:04,0
T1204,C249,93.25,36.0,0,11.43,0,web,North,grocery,BestBuy,2024-01-01 14:56:45,0
T1205,C378,0.92,46.0,1,38.51,0,mobile,North,travel,BestBuy,01/01/2024 11:00,0
T1206,C241,10.7,20.0,0,59.81,1,mobile,West,grocery,BestBuy,Jan 01 2024 12:04,0
T1207,C438,108.92,43.0,0,76.51,0,web,North,shopping,Target,01/01/2024 08:51,0
T1208,C142,0.51,57.0,0,84.97,0,mobile,West,electronics,BestBuy,Jan 01 2024 19:19,0
T1209,C451,17.53,29.0,0,77.65,0,pos,North,shopping,Walmart,01/01/2024 21:32,0
T1210,C133,79.57,19.0,0,110.97,0,web,East,electronics,,2024-01-02 01:52:16,0
T1211,C369,117.73,28.0,0,101.76,1,web,West,grocery,BestBuy,2024/01/01 13:14,0
T1212,C485,105.54,61.0,0,63.86,0,mobile,North,travel,Walmart,Jan 02 2024 00:02,0
T1213,C210,25.39,45.0,0,-8.78,0,web,East,travel,Target,01/01/2024 14:14,0
T1214,C104,124.54,35.0,0,50.36,0,pos,West,shopping,Amazon,2024-01-01 03:52:30,0
T1215,C201,27.08,30.0,0,72.54,1,web,East,electronics,BestBuy,Jan 01 2024 08:16,0
T1216,C466,39.36,54.0,0,87.65,0,mobile,East,grocery,Walmart,Jan 01 2024 14:25,0
T1217,C368,137.24,39.0,0,43.52,0,web,East,electronics,Walmart,Jan 01 2024 15:59,0
T1218,C163,104.88,29.0,0,75.46,0,mobile,West,electronics,Target,01/01/2024 06:49,0
T1219,C247,189.2,19.0,0,43.45,0,mobile,West,electronics,Target,Jan 01 2024 13:24,0
T1220,C242,107.18,54.0,0,93.71,1,pos,South,grocery,Amazon,2024/01/01 05:33,0
T1221,C197,84.0,,1,46.35,1,web,South,electronics,Starbucks,Jan 01 2024 13:12,0
T1222,C488,9.84,43.0,1,57.55,1,pos,South,travel,Starbucks,Jan 01 2024 16:40,1
T1223,C212,45.84,43.0,0,34.57,1,pos,South,shopping,Starbucks,Jan 01 2024 11:44,0
T1224,C456,30.82,41.0,0,92.32,0,web,West,food,Amazon,01/01/2024 10:36,0
T1225,C222,27.97,29.0,0,56.68,0,pos,South,electronics,BestBuy,Jan 01 2024 12:00,0
T1226,C154,361.23,33.0,0,145.34,0,pos,North,travel,Starbucks,01/01/2024 13:39,0
T1227,C202,49.94,40.0,0,120.29,0,mobile,South,travel,Starbucks,Jan 01 2024 14:18,0
T1228,C126,222.61,57.0,1,96.51,0,pos,North,shopping,Walmart,01/01/2024 09:49,0
T1229,C124,99.73,26.0,1,60.13,0,web,North,shopping,Walmart,01/01/2024 01:35,0
T1230,C222,158.38,49.0,0,119.03,1,mobile,East,food,,2024/01/01 06:39,0
T1231,C411,69.84,32.0,0,134.54,0,pos,East,food,Target,Jan 01 2024 14:00,0
T1232,C245,86.02,54.0,0,107.13,1,pos,East,food,Amazon,Jan 01 2024 00:49,0
T1233,C194,67.83,30.0,0,180.19,0,web,South,,Starbucks,2024-01-02 02:19:36,0
T1234,C400,21.72,22.0,0,122.98,0,pos,West,grocery,Amazon,Jan 01 2024 12:14,0
T1235,C292,128.18,28.0,0,145.68,0,web,North,travel,Walmart,02/01/2024 02:47,0
T1236,C243,32.96,27.0,0,106.68,0,pos,West,shopping,Amazon,01/01/2024 20:18,0
T1237,C334,2.46,69.0,1,133.78,0,pos,West,electronics,Walmart,01/01/2024 05:23,0
T1238,C224,103.7,30.0,0,60.16,0,web,South,,Amazon,Jan 01 2024 15:49,0
T1239,C277,19.49,58.0,0,77.08,0,mobile,West,grocery,Walmart,2024/01/01 11:06,0
T1240,C361,282.11,63.0,1,117.47,0,web,West,travel,Amazon,02/01/2024 02:52,0
T1241,C290,307.76,67.0,0,117.1,0,mobile,East,,Starbucks,01/01/2024 05:43,0
T1242,C457,246.35,32.0,0,125.38,0,mobile,East,food,Starbucks,Jan 01 2024 12:34,0
T1243,C169,46.23,59.0,1,155.02,0,web,North,food,BestBuy,01/01/2024 01:07,0
T1244,C136,1.56,24.0,0,28.75,0,web,North,grocery,Amazon,2024/01/01 10:17,0
T1245,C301,263.55,57.0,0,51.28,0,pos,East,travel,Target,2024/01/01 13:09,0
T1246,C196,55.89,45.0,0,111.48,0,pos,South,shopping,BestBuy,2024/01/01 19:18,0
T1247,C182,340.08,49.0,0,63.78,0,mobile,South,grocery,Amazon,2024/01/01 05:11,0
T1248,C232,331.37,52.0,1,268.89,0,pos,North,shopping,Target,01/01/2024 01:45,0
T1249,C483,191.74,32.0,1,125.79,0,web,East,electronics,Starbucks,2024/01/01 10:03,0
T1250,C145,34.88,65.0,0,96.08,0,mobile,South,,Starbucks,01/01/2024 23:02,0
T1251,C106,48.63,53.0,0,74.23,0,pos,West,electronics,Starbucks,2024-01-01 17:19:08,0
T1252,C150,190.47,,0,75.99,0,pos,North,travel,Target,Jan 01 2024 18:36,0
T1253,C475,38.11,23.0,0,101.51,0,web,North,grocery,,01/01/2024 19:37,0
T1254,C240,18.57,,0,105.6,0,web,West,shopping,,Jan 01 2024 08:45,0
T1255,C116,81.37,21.0,0,77.17,0,pos,West,travel,BestBuy,Jan 01 2024 17:26,0
T1256,C145,275.13,28.0,0,86.34,0,mobile,North,travel,BestBuy,01/01/2024 14:47,0
T1257,C169,119.08,61.0,0,167.21,0,mobile,West,shopping,Starbucks,Jan 01 2024 02:08,0
T1258,C494,84.41,43.0,0,169.23,1,web,South,food,Walmart,Jan 01 2024 18:31,0
T1259,C461,10.22,,0,112.6,0,web,North,food,Amazon,01/01/2024 06:50,0
T1260,C378,95.45,40.0,0,32.94,1,web,South,electronics,Amazon,02/01/2024 00:33,0
T1261,C490,461.06,46.0,0,126.93,0,pos,North,travel,BestBuy,2024/01/01 23:47,0
T1262,C139,15.09,38.0,0,177.71,0,pos,South,grocery,BestBuy,2024/01/01 18:08,0
T1263,C192,73.05,65.0,0,168.49,0,web,East,grocery,BestBuy,2024-01-02 02:49:41,0
T1264,C356,209.86,62.0,0,136.72,0,mobile,South,travel,Amazon,01/01/2024 04:19,0
T1265,C278,135.0,62.0,0,171.12,0,web,West,food,BestBuy,2024-01-01 11:09:36,0
T1266,C324,119.41,66.0,0,102.67,0,web,East,travel,Amazon,2024-01-01 03:13:22,0
T1267,C208,121.23,44.0,0,131.41,0,mobile,North,electronics,,2024/01/01 15:40,0
T1268,C367,44.55,56.0,0,65.96,0,mobile,South,travel,Walmart,01/01/2024 21:18,0
T1269,C483,34.76,,0,114.61,0,mobile,North,shopping,BestBuy,Jan 01 2024 17:22,0
T1270,C252,165.74,,0,166.48,0,mobile,East,food,Amazon,Jan 01 2024 21:53,0
T1271,C293,166.13,40.0,0,70.53,0,pos,West,shopping,,01/01/2024 06:24,0
T1272,C396,201.8,33.0,0,56.93,0,pos,West,shopping,,2024-01-01 10:09:24,0
T1273,C461,12223.0,47.0,0,104.87,0,web,West,travel,,2024/01/01 19:09,0
T1274,C112,71.61,21.0,0,88.67,0,pos,North,,Walmart,2024/01/01 02:17,0
T1275,C439,69.62,57.0,0,132.46,0,web,West,grocery,Starbucks,Jan 02 2024 02:13,0
T1276,C241,160.09,33.0,0,77.34,0,web,West,shopping,BestBuy,2024/01/01 21:25,0
T1277,C276,104.97,48.0,0,185.92,0,mobile,North,travel,BestBuy,2024/01/01 03:32,0
T1278,C199,121.06,59.0,0,35.52,0,mobile,North,grocery,Target,Jan 01 2024 01:14,0
T1279,C203,158.86,42.0,1,162.69,0,pos,East,shopping,,2024-01-01 15:08:42,0
T1280,C187,220.73,61.0,0,61.76,0,pos,West,grocery,Starbucks,01/01/2024 03:05,0
T1281,C295,41.25,29.0,1,10.2,0,pos,East,food,Target,2024-01-01 21:05:58,0
T1282,C357,47.09,43.0,0,111.89,0,pos,South,electronics,BestBuy,Jan 01 2024 03:01,0
T1283,C225,9.87,54.0,0,87.27,0,mobile,South,shopping,Amazon,01/01/2024 18:56,0
T1284,C181,86.34,65.0,0,44.52,0,mobile,South,travel,,01/01/2024 07:06,0
T1285,C306,3.66,50.0,0,15.93,1,pos,South,food,Walmart,Jan 01 2024 03:48,0
T1286,C280,62.66,45.0,1,99.58,0,web,North,grocery,BestBuy,2024/01/01 13:54,0
T1287,C270,78.23,26.0,0,148.79,1,mobile,East,electronics,Amazon,01/01/2024 03:48,0
T1288,C364,33.76,29.0,0,129.25,0,mobile,East,shopping,Walmart,01/01/2024 17:30,0
T1289,C402,89.36,22.0,0,102.84,0,mobile,North,electronics,Walmart,2024-01-01 03:37:30,0
T1290,C248,3.1,69.0,0,123.94,0,mobile,South,food,BestBuy,2024-01-02 01:46:11,0
T1291,C357,3.81,45.0,2,98.64,0,pos,East,electronics,Amazon,01/01/2024 13:06,0
T1292,C113,172.94,52.0,1,28.51,1,pos,West,shopping,Amazon,2024/01/01 19:50,1
T1293,C489,44.66,22.0,0,28.96,0,web,North,food,Starbucks,02/01/2024 00:22,0
T1294,C133,13.59,51.0,0,89.84,1,mobile,North,grocery,Amazon,2024-01-01 05:36:33,0
T1295,C304,3693.5,,0,91.97,0,pos,West,shopping,Walmart,2024/01/02 02:37,0
T1296,C320,146.96,51.0,0,142.55,0,pos,South,,Target,2024-01-01 20:55:21,0
T1297,C468,24.31,30.0,0,137.87,1,mobile,South,shopping,BestBuy,Jan 01 2024 22:10,0
T1298,C443,97.52,56.0,0,130.26,0,pos,East,food,Target,2024-01-02 03:09:18,0
T1299,C255,8.92,59.0,0,85.99,1,pos,West,electronics,Amazon,2024-01-01 04:10:17,0
T1300,C293,5.31,62.0,0,30.97,0,pos,East,grocery,Walmart,Jan 01 2024 20:47,0
T1301,C348,75.79,65.0,1,120.6,0,web,South,travel,Target,2024-01-01 07:17:37,0
T1302,C461,77.79,31.0,0,126.26,0,pos,East,grocery,BestBuy,01/01/2024 00:32,0
T1303,C319,101.45,28.0,0,-19.43,1,mobile,West,shopping,Starbucks,2024/01/01 00:40,0
T1304,C351,129.5,59.0,0,58.28,0,mobile,West,travel,Target,2024-01-01 17:11:47,0
T1305,C135,372.36,55.0,0,65.45,0,mobile,West,food,,02/01/2024 00:42,0
T1306,C374,72.63,21.0,0,105.92,0,pos,South,electronics,Amazon,01/01/2024 10:03,0
T1307,C143,39.0,50.0,0,59.83,0,web,North,electronics,Amazon,Jan 01 2024 18:01,0
T1308,C330,158.57,24.0,0,98.09,0,pos,North,food,BestBuy,2024-01-01 08:32:17,0
T1309,C214,31.59,58.0,0,89.47,0,mobile,North,shopping,Starbucks,01/01/2024 23:05,0
T1310,C499,57.8,25.0,0,92.04,0,web,East,grocery,Starbucks,01/01/2024 16:15,0
T1311,C387,8.17,54.0,0,64.18,0,web,West,travel,BestBuy,2024/01/01 19:45,0
T1312,C340,2.57,68.0,0,68.05,0,pos,South,food,Target,2024/01/01 18:03,0
T1313,C327,328.74,,0,45.99,0,mobile,North,shopping,BestBuy,01/01/2024 02:19,0
T1314,C265,180.78,60.0,0,119.0,0,pos,North,shopping,Amazon,Jan 01 2024 19:29,0
T1315,C113,119.06,32.0,0,128.56,0,mobile,East,travel,Starbucks,01/01/2024 22:14,0
T1316,C350,52.59,55.0,1,61.47,1,web,East,food,Walmart,01/01/2024 13:36,0
T1317,C271,19.03,32.0,0,176.03,0,pos,North,grocery,Walmart,01/01/2024 11:40,0
T1318,C185,17.01,22.0,0,84.27,0,web,West,grocery,Amazon,2024/01/01 03:45,0
T1319,C456,28.8,46.0,0,176.51,1,mobile,West,food,Starbucks,Jan 01 2024 12:06,0
T1320,C439,79.68,36.0,0,67.89,0,web,East,electronics,Starbucks,2024/01/01 03:03,0
T1321,C226,125.38,68.0,2,-1.33,0,web,East,grocery,BestBuy,2024/01/01 04:00,0
T1322,C324,107.94,27.0,0,120.11,1,web,West,electronics,Target,2024/01/02 01:35,0
T1323,C100,32.84,29.0,0,112.43,0,pos,East,food,BestBuy,Jan 01 2024 21:20,0
T1324,C108,309.81,21.0,0,101.72,1,mobile,East,shopping,Walmart,2024/01/02 01:10,0
T1325,C415,133.9,48.0,0,67.89,0,web,West,food,Starbucks,2024-01-01 13:14:00,0
T1326,C342,80.82,35.0,0,98.27,0,web,West,shopping,Target,Jan 01 2024 12:37,0
T1327,C298,94.6,,0,74.44,0,web,South,food,BestBuy,2024-01-01 11:07:08,0
T1328,C414,54.4,57.0,0,84.88,0,web,East,electronics,Target,Jan 01 2024 07:10,0
T1329,C314,28.47,53.0,0,142.08,0,mobile,East,electronics,Walmart,2024/01/01 07:55,0
T1330,C132,44.0,42.0,0,109.21,0,mobile,South,food,Target,2024-01-02 03:12:55,0
T1331,C159,141.82,40.0,0,130.5,0,pos,East,shopping,Starbucks,2024-01-01 21:06:32,0
T1332,C313,1.45,29.0,0,88.41,0,mobile,East,food,,2024-01-02 01:04:22,0
T1333,C371,12.34,51.0,1,82.9,0,mobile,North,shopping,Target,2024/01/01 12:54,0
T1334,C398,4.71,53.0,0,42.33,1,web,North,electronics,BestBuy,Jan 01 2024 11:02,0
T1335,C461,4.16,54.0,0,81.5,0,pos,North,travel,Target,2024-01-02 01:12:22,0
T1336,C208,193.42,20.0,0,-66.06,0,pos,South,grocery,,Jan 01 2024 13:29,0
T1337,C488,121.62,26.0,0,70.49,1,web,East,electronics,Walmart,2024-01-01 08:08:37,0
T1338,C145,64.28,35.0,0,95.91,0,pos,South,food,,2024/01/01 02:49,0
T1339,C492,10.3,60.0,1,128.18,1,mobile,South,food,BestBuy,02/01/2024 01:00,0
T1340,C320,67.65,52.0,0,86.57,0,pos,East,,BestBuy,2024/01/01 18:15,0
T1341,C104,64.15,51.0,0,117.38,0,web,West,grocery,Starbucks,01/01/2024 09:53,0
T1342,C294,19.02,58.0,1,-8.99,0,pos,West,electronics,Walmart,2024-01-01 07:03:29,0
T1343,C441,56.89,31.0,2,97.16,0,pos,East,grocery,Amazon,Jan 02 2024 01:45,0
T1344,C337,50.83,21.0,0,16.02,1,pos,West,grocery,Starbucks,01/01/2024 05:45,0
T1345,C199,95.67,46.0,1,39.58,0,web,North,electronics,Target,01/01/2024 22:07,0
T1346,C149,100.81,58.0,0,90.64,0,mobile,East,shopping,,2024/01/01 16:26,0
T1347,C344,4.64,62.0,0,163.81,0,pos,South,shopping,Starbucks,2024/01/01 15:33,0
T1348,C306,46.94,67.0,0,118.56,0,mobile,North,shopping,BestBuy,2024-01-01 18:01:38,0
T1349,C395,98.31,32.0,0,100.91,0,mobile,South,travel,Walmart,2024/01/02 00:29,0
T1350,C315,69.94,45.0,0,99.02,0,mobile,West,grocery,Walmart,2024-01-01 23:37:47,0
T1351,C346,194.13,,0,64.32,1,pos,East,travel,Target,01/01/2024 10:22,0
T1352,C448,107.5,33.0,0,72.8,0,mobile,North,shopping,Walmart,2024-01-02 03:00:03,0
T1353,C471,17.79,29.0,0,121.37,0,pos,East,electronics,Walmart,Jan 01 2024 21:40,0
T1354,C347,7.32,69.0,1,30.73,0,pos,North,grocery,Amazon,2024-01-01 11:21:42,0
T1355,C122,102.84,22.0,0,129.65,0,pos,North,electronics,Target,01/01/2024 13:13,0
T1356,C303,2.69,51.0,0,80.57,0,mobile,North,food,Walmart,01/01/2024 01:01,0
T1357,C291,88.13,59.0,0,141.28,0,pos,East,grocery,Walmart,02/01/2024 00:26,0
T1358,C322,281.73,18.0,1,148.05,0,web,North,electronics,Amazon,2024-01-01 12:41:43,0
T1359,C347,85.68,56.0,0,16.35,0,web,North,shopping,Amazon,2024/01/01 05:07,0
T1360,C417,49.13,49.0,2,70.92,1,web,East,travel,BestBuy,01/01/2024 23:58,0
T1361,C472,103.08,43.0,0,57.22,0,pos,South,electronics,Target,2024-01-01 13:27:09,0
T1362,C147,61.3,34.0,0,9.36,0,web,West,food,Amazon,2024/01/01 12:12,0
T1363,C336,78.88,65.0,0,48.37,0,pos,East,shopping,Walmart,Jan 01 2024 03:41,0
T1364,C248,283.81,44.0,0,222.06,0,pos,East,food,Amazon,2024/01/02 01:51,0
T1365,C478,48.79,41.0,0,130.48,0,pos,North,travel,Starbucks,01/01/2024 14:58,0
T1366,C337,324.91,52.0,0,195.86,0,mobile,East,food,,01/01/2024 17:52,0
T1367,C397,235.76,63.0,0,141.45,0,web,East,electronics,BestBuy,2024-01-01 13:38:09,0
T1368,C500,21.79,59.0,0,62.91,0,pos,West,electronics,Target,01/01/2024 06:49,0
T1369,C435,7.19,56.0,1,80.91,1,web,East,shopping,BestBuy,2024/01/01 01:46,1
T1370,C363,10.62,43.0,2,129.42,0,web,North,travel,Target,01/01/2024 21:13,0
T1371,C440,1.84,66.0,0,121.88,0,mobile,West,travel,Starbucks,Jan 01 2024 07:22,0
T1372,C451,9.92,,0,71.13,0,web,East,,Walmart,01/01/2024 05:13,0
T1373,C196,114.89,40.0,0,24.5,1,pos,North,grocery,Starbucks,2024-01-02 01:46:07,0
T1374,C175,7.38,39.0,0,264.39,1,pos,West,electronics,Target,2024-01-02 02:31:45,0
T1375,C329,38.42,21.0,0,92.94,0,web,East,,Target,Jan 01 2024 07:20,0
T1376,C334,186.35,66.0,1,83.71,0,web,North,food,Target,2024/01/01 11:11,0
T1377,C132,2.35,26.0,0,105.67,0,mobile,West,shopping,Walmart,01/01/2024 19:54,0
T1378,C187,168.45,,0,87.86,0,pos,North,travel,Target,2024-01-01 06:15:42,0
T1379,C455,33.11,24.0,0,106.14,0,web,West,electronics,Starbucks,2024/01/02 03:21,0
T1380,C133,12.58,40.0,1,164.35,0,web,East,food,Walmart,Jan 01 2024 15:46,0
T1381,C232,119.32,19.0,0,93.77,0,pos,South,grocery,Starbucks,2024-01-01 15:51:31,0
T1382,C270,99.14,66.0,0,41.86,0,web,West,electronics,Walmart,2024/01/01 14:48,0
T1383,C453,209.94,41.0,0,91.92,1,mobile,East,shopping,Target,2024/01/02 00:07,0
T1384,C416,132.83,57.0,0,76.78,0,web,West,electronics,Walmart,01/01/2024 03:14,0
T1385,C113,162.7,48.0,0,171.19,0,web,South,food,Amazon,2024-01-02 03:18:51,0
T1386,C293,33.13,64.0,0,158.56,0,mobile,North,shopping,Starbucks,2024-01-01 13:04:49,0
T1387,C126,19.53,,2,105.38,0,mobile,South,grocery,Amazon,2024-01-02 01:47:36,0
T1388,C158,138.88,64.0,1,36.06,0,mobile,South,,Amazon,01/01/2024 04:00,0
T1389,C137,164.42,57.0,0,38.71,0,pos,North,food,Target,01/01/2024 11:28,0
T1390,C470,465.7,65.0,0,100.76,1,web,South,,,02/01/2024 00:40,0
T1391,C104,53.21,68.0,0,116.82,0,web,East,grocery,Amazon,2024-01-01 07:44:41,0
T1392,C323,46.52,60.0,0,81.27,0,mobile,West,shopping,Walmart,2024-01-01 15:32:05,0
T1393,C194,149.8,,0,75.99,0,pos,South,electronics,Target,2024-01-02 02:40:03,0
T1394,C155,41.67,41.0,0,70.36,0,mobile,West,travel,Starbucks,Jan 01 2024 21:57,0
T1395,C102,267.01,66.0,0,98.83,1,web,West,travel,Amazon,2024-01-01 19:50:57,0
T1396,C169,195.48,43.0,0,-19.14,0,pos,North,travel,Starbucks,Jan 01 2024 16:59,0
T1397,C434,56.04,33.0,0,44.93,0,pos,South,grocery,Starbucks,Jan 01 2024 00:05,0
T1398,C349,138.98,64.0,1,68.65,0,web,North,food,Starbucks,2024-01-01 09:11:24,0
T1399,C465,140.46,30.0,0,160.38,0,pos,North,travel,Amazon,02/01/2024 00:29,0
T1400,C278,10.88,32.0,0,59.31,1,pos,West,food,BestBuy,Jan 01 2024 22:15,0
T1401,C199,232.84,44.0,0,109.02,0,mobile,East,travel,Target,01/01/2024 19:11,0
T1402,C359,70.37,21.0,0,111.33,0,pos,West,electronics,Starbucks,2024-01-01 10:47:46,0
T1403,C355,175.13,33.0,0,164.9,0,mobile,North,travel,Amazon,2024/01/01 16:44,0
T1404,C490,38.57,47.0,1,163.13,0,pos,South,food,BestBuy,01/01/2024 02:09,0
T1405,C442,225.88,61.0,1,97.12,0,mobile,East,grocery,,2024-01-01 08:01:32,0
T1406,C490,49.3,47.0,0,76.23,0,mobile,East,electronics,Target,2024/01/01 07:12,0
T1407,C362,1.09,53.0,0,66.81,0,pos,South,food,Amazon,2024/01/01 22:28,0
T1408,C356,235.79,20.0,0,87.95,0,mobile,South,shopping,Walmart,Jan 01 2024 13:02,0
T1409,C127,9.57,39.0,0,78.3,0,web,East,travel,Walmart,Jan 02 2024 00:49,0
T1410,C157,38.47,,0,127.68,0,web,North,electronics,,01/01/2024 11:51,0
T1411,C245,299.7,39.0,0,121.02,0,pos,East,grocery,Amazon,01/01/2024 20:18,0
T1412,C203,300.79,67.0,0,129.59,0,pos,East,shopping,Amazon,2024-01-01 05:49:17,0
T1413,C415,85.2,67.0,0,162.96,0,pos,East,travel,Starbucks,01/01/2024 03:55,0
T1414,C328,99.92,66.0,0,193.14,1,web,North,,Starbucks,01/01/2024 08:49,0
T1415,C305,59.5,29.0,1,106.23,0,pos,South,food,BestBuy,02/01/2024 00:59,0
T1416,C247,34.7,38.0,0,154.97,1,pos,South,travel,Amazon,01/01/2024 21:35,0
T1417,C293,39.85,21.0,0,82.42,0,mobile,South,electronics,Target,2024/01/01 13:19,0
T1418,C316,111.63,48.0,0,159.25,0,pos,North,travel,,Jan 01 2024 00:20,0
T1419,C120,139.58,61.0,0,153.08,0,web,North,electronics,Target,2024-01-01 04:35:53,0
T1420,C273,156.82,48.0,0,150.42,1,web,South,food,Starbucks,2024-01-02 02:51:33,0
T1421,C257,155.88,40.0,0,104.7,0,pos,West,travel,Starbucks,01/01/2024 08:48,0
T1422,C135,9.56,37.0,0,66.58,0,web,West,electronics,Starbucks,2024/01/01 23:58,0
T1423,C137,68.2,,1,30.27,1,mobile,South,shopping,Target,Jan 01 2024 04:10,0
T1424,C461,5.93,40.0,1,98.0,1,mobile,West,grocery,BestBuy,Jan 01 2024 05:30,0
T1425,C102,79.75,45.0,1,176.65,0,pos,West,electronics,Walmart,2024/01/01 18:43,0
T1426,C415,58.26,33.0,0,84.51,1,pos,South,electronics,Amazon,01/01/2024 05:40,0
T1427,C432,218.66,54.0,2,139.26,0,mobile,South,electronics,Walmart,2024/01/01 19:06,0
T1428,C387,43.22,38.0,0,142.2,0,mobile,North,travel,Amazon,2024-01-01 14:43:45,0
T1429,C480,12.45,32.0,0,85.82,0,pos,West,grocery,Starbucks,2024-01-01 21:05:19,0
T1430,C257,15.43,34.0,0,165.82,0,web,West,travel,Target,2024-01-01 02:25:14,0
T1431,C152,143.34,67.0,0,-45.43,0,pos,South,electronics,Walmart,2024-01-01 10:05:20,0
T1432,C155,96.29,54.0,0,38.86,0,pos,East,electronics,Starbucks,2024/01/01 08:57,0
T1433,C418,10.66,30.0,1,54.22,0,pos,South,grocery,Amazon,Jan 02 2024 00:18,0
T1434,C486,8.79,36.0,0,59.01,0,pos,North,shopping,,2024-01-01 18:57:22,0
T1435,C279,120.72,,0,116.81,1,pos,East,travel,Walmart,Jan 01 2024 22:42,0
T1436,C485,7.55,62.0,0,114.5,0,pos,East,shopping,Walmart,2024/01/01 09:04,0
T1437,C187,172.52,,0,119.7,1,pos,East,electronics,Walmart,2024-01-01 18:54:28,0
T1438,C118,122.5,31.0,0,129.8,1,web,North,electronics,Walmart,01/01/2024 13:52,0
T1439,C447,8.48,53.0,0,52.49,1,pos,West,,Starbucks,2024/01/01 10:04,0
T1440,C325,8.87,53.0,1,39.09,0,mobile,South,food,Amazon,01/01/2024 13:42,0
T1441,C358,431.55,37.0,0,119.82,0,pos,North,shopping,Amazon,2024/01/01 04:40,0
T1442,C298,46.88,69.0,0,68.49,0,web,North,,BestBuy,01/01/2024 09:56,0
T1443,C402,46.31,36.0,1,21.48,0,mobile,East,grocery,Target,2024-01-01 15:54:57,0
T1444,C363,167.56,62.0,0,148.57,0,pos,East,shopping,Walmart,2024/01/01 13:24,0
T1445,C271,294.22,61.0,0,169.76,0,pos,North,food,Amazon,Jan 01 2024 00:42,0
T1446,C340,426.88,24.0,1,177.86,0,mobile,West,food,Target,2024-01-01 09:07:47,0
T1447,C378,139.99,,0,109.35,1,pos,East,grocery,Target,2024/01/01 02:18,0
T1448,C138,2360.0,21.0,1,131.3,1,web,North,grocery,Starbucks,2024-01-01 08:04:11,1
T1449,C183,8.72,51.0,0,168.49,0,pos,East,shopping,Walmart,Jan 01 2024 15:14,0
T1450,C496,150.12,19.0,0,67.93,0,web,South,travel,BestBuy,01/01/2024 07:37,0
T1451,C303,81.74,22.0,0,155.53,0,pos,South,grocery,Target,01/01/2024 02:51,0
T1452,C254,55.2,27.0,0,113.77,1,mobile,South,food,Starbucks,2024-01-01 19:56:51,0
T1453,C167,236.82,49.0,0,145.69,0,web,East,shopping,Walmart,Jan 01 2024 22:17,0
T1454,C161,11.79,,0,109.3,0,pos,East,travel,,01/01/2024 23:30,0
T1455,C240,67.85,58.0,0,164.81,0,pos,West,shopping,BestBuy,Jan 02 2024 03:42,0
T1456,C243,1.14,30.0,1,111.18,0,mobile,South,,Walmart,01/01/2024 18:43,0
T1457,C395,63.24,56.0,0,25.8,1,mobile,West,travel,Starbucks,Jan 01 2024 09:56,0
T1458,C397,5.8,,0,172.6,0,web,North,travel,Starbucks,2024-01-01 03:48:59,0
T1459,C435,12.65,27.0,0,52.62,0,web,North,grocery,Starbucks,2024/01/02 01:48,0
T1460,C208,625.0,,0,162.65,1,web,South,,Starbucks,2024-01-01 22:33:41,0
T1461,C212,104.76,55.0,0,95.49,1,pos,West,food,Starbucks,2024-01-01 15:20:14,0
T1462,C141,137.06,44.0,1,158.8,1,pos,East,electronics,BestBuy,Jan 01 2024 23:28,1
T1463,C430,87.56,68.0,2,156.74,0,web,West,food,Target,Jan 01 2024 10:54,0
T1464,C171,327.47,38.0,0,121.51,0,pos,North,shopping,Target,2024-01-01 10:28:27,0
T1465,C331,46.98,25.0,2,125.43,0,mobile,West,electronics,Amazon,Jan 01 2024 17:59,0
T1466,C383,33.65,18.0,0,121.13,0,pos,North,travel,Target,01/01/2024 01:58,0
T1467,C308,202.95,45.0,0,-0.69,0,web,North,grocery,Starbucks,Jan 01 2024 08:02,0
T1468,C129,25.31,66.0,1,105.92,0,pos,West,food,Target,01/01/2024 07:59,0
T1469,C189,330.29,56.0,0,44.2,0,mobile,East,grocery,Target,Jan 01 2024 04:07,0
T1470,C140,1.22,31.0,1,108.56,1,web,North,food,Starbucks,Jan 01 2024 02:00,1
T1471,C294,350.25,38.0,0,42.85,0,web,West,travel,BestBuy,Jan 01 2024 14:27,0
T1472,C330,4.41,,0,40.75,1,web,North,travel,Starbucks,Jan 01 2024 12:16,0
T1473,C331,221.77,38.0,1,180.25,0,web,South,travel,Target,01/01/2024 11:00,0
T1474,C329,75.01,66.0,0,153.47,0,pos,East,travel,Target,Jan 01 2024 08:42,0
T1475,C426,495.68,,0,99.79,0,mobile,South,travel,Amazon,01/01/2024 21:13,0
T1476,C330,7.67,34.0,0,109.24,0,pos,North,grocery,Starbucks,Jan 01 2024 09:36,0
T1477,C259,80.71,22.0,0,87.6,0,pos,East,,Amazon,Jan 01 2024 13:23,0
T1478,C467,348.36,48.0,0,128.49,1,web,West,electronics,Amazon,2024/01/01 09:23,0
T1479,C450,74.04,69.0,0,66.2,0,mobile,West,grocery,Walmart,01/01/2024 18:25,0
T1480,C151,99.26,57.0,0,149.69,1,pos,East,electronics,Amazon,2024/01/01 14:09,0
T1481,C422,118.99,55.0,0,87.35,0,mobile,South,shopping,Target,01/01/2024 08:38,0
T1482,C152,60.61,60.0,0,79.01,1,mobile,South,food,,01/01/2024 07:44,0
T1483,C496,98.77,36.0,0,101.09,0,mobile,East,shopping,Walmart,2024/01/01 01:26,0
T1484,C303,87.78,53.0,0,70.44,0,mobile,West,shopping,Walmart,2024/01/01 20:12,0
T1485,C391,231.42,67.0,1,116.43,0,pos,East,food,Starbucks,2024-01-01 16:01:44,0
T1486,C448,4.65,50.0,0,73.13,0,mobile,South,electronics,Walmart,01/01/2024 10:56,0
T1487,C349,32.98,30.0,0,123.43,1,pos,North,travel,BestBuy,2024/01/01 14:35,0
T1488,C322,300.4,31.0,0,160.8,0,mobile,West,food,Target,2024-01-01 09:26:34,0
T1489,C375,220.97,50.0,0,64.03,0,mobile,East,food,Target,2024/01/01 18:56,0
T1490,C217,60.82,46.0,0,93.47,0,pos,North,shopping,Walmart,Jan 01 2024 10:06,0
T1491,C318,96.79,60.0,0,123.07,0,web,South,,Walmart,2024/01/02 02:25,0
T1492,C175,32.49,66.0,0,78.21,0,pos,West,,Target,2024/01/01 17:08,0
T1493,C408,20.84,,0,123.22,0,mobile,East,travel,,2024-01-01 17:51:16,0
T1494,C211,62.31,61.0,0,127.77,0,pos,South,,,Jan 01 2024 10:40,0
T1495,C347,43.6,27.0,0,154.16,0,mobile,East,electronics,Walmart,Jan 01 2024 09:59,0
T1496,C182,87.62,,0,69.7,0,pos,East,,Walmart,01/01/2024 20:58,0
T1497,C385,8.09,23.0,0,52.86,0,pos,West,electronics,Starbucks,Jan 01 2024 16:52,0
T1498,C169,366.5,18.0,0,84.62,1,pos,South,electronics,Starbucks,2024-01-01 02:01:33,0
T1499,C228,428.39,24.0,0,51.61,1,web,South,electronics,Starbucks,Jan 01 2024 11:46,0
T1500,C195,119.79,44.0,0,128.22,0,pos,North,shopping,Target,01/01/2024 17:51,0
T1501,C261,76.81,38.0,0,41.91,0,pos,South,,Walmart,2024/01/01 06:43,0
T1502,C494,37.04,45.0,0,216.65,0,web,South,grocery,Starbucks,2024/01/01 16:01,0
T1503,C462,168.09,33.0,1,164.8,0,web,West,electronics,Starbucks,2024-01-02 02:44:44,0
T1504,C350,115.43,63.0,0,100.63,0,mobile,North,grocery,Target,2024/01/01 06:12,0
T1505,C432,17.75,,0,143.37,1,mobile,West,travel,BestBuy,2024-01-01 20:08:03,0
T1506,C493,241.83,69.0,0,18.16,0,pos,South,grocery,Walmart,2024/01/01 00:14,0
T1507,C192,172.9,37.0,0,226.17,0,mobile,North,food,BestBuy,Jan 01 2024 13:39,0
T1508,C237,299.17,55.0,0,70.49,0,pos,West,electronics,,01/01/2024 07:16,0
T1509,C245,129.36,42.0,0,93.98,0,web,North,food,Starbucks,2024/01/01 17:24,0
T1510,C446,95.04,45.0,0,7.2,0,web,South,food,Target,2024-01-01 15:28:34,0
T1511,C114,54.17,22.0,0,124.31,0,pos,North,electronics,,2024-01-01 13:51:56,0
T1512,C100,269.9,38.0,0,44.68,0,mobile,North,shopping,Walmart,01/01/2024 12:01,0
T1513,C474,201.04,35.0,1,105.08,0,mobile,North,grocery,Walmart,Jan 01 2024 17:58,0
T1514,C200,4.63,64.0,0,72.79,1,mobile,South,travel,BestBuy,2024-01-01 02:03:23,0
T1515,C489,2.67,23.0,0,46.11,0,pos,South,shopping,Amazon,01/01/2024 05:50,0
T1516,C234,47.23,46.0,0,59.78,0,mobile,North,travel,Target,01/01/2024 16:13,0
T1517,C295,166.36,36.0,0,111.29,0,web,West,electronics,Amazon,2024-01-01 00:26:44,0
T1518,C304,436.43,50.0,0,35.93,1,web,West,grocery,BestBuy,2024-01-01 11:43:49,0
T1519,C464,16.3,18.0,0,62.56,1,web,South,shopping,,2024/01/01 03:34,0
T1520,C451,90.17,62.0,0,133.16,0,web,East,electronics,Amazon,Jan 01 2024 03:13,0
T1521,C153,47.95,20.0,0,230.12,0,web,West,shopping,Amazon,01/01/2024 20:00,0
T1522,C132,350.37,,0,123.88,0,web,North,food,Target,2024-01-02 03:27:14,0
T1523,C406,184.59,38.0,0,54.14,0,web,East,grocery,BestBuy,Jan 01 2024 18:58,0
T1524,C376,182.22,,0,81.64,0,web,South,,Target,2024/01/01 16:37,0
T1525,C192,63.24,58.0,0,101.58,0,web,West,,Starbucks,01/01/2024 14:00,0
T1526,C158,53.58,57.0,0,82.53,0,pos,East,,Walmart,2024-01-01 10:11:49,0
T1527,C490,31.94,20.0,0,145.15,0,pos,South,electronics,BestBuy,2024-01-01 21:39:10,0
T1528,C135,5.8,42.0,0,110.87,0,web,South,grocery,Starbucks,2024/01/01 07:00,0
T1529,C348,200.04,62.0,0,145.39,0,web,North,food,,Jan 01 2024 13:36,0
T1530,C420,167.61,55.0,0,84.28,0,web,West,,Amazon,Jan 01 2024 06:00,0
T1531,C195,817.24,62.0,0,166.28,0,mobile,East,electronics,Target,01/01/2024 16:39,0
T1532,C280,569.49,37.0,0,91.68,0,pos,North,travel,Amazon,2024/01/01 19:48,0
T1533,C171,81.07,69.0,0,51.44,0,web,West,food,Amazon,Jan 01 2024 09:05,0
T1534,C499,146.53,61.0,0,208.87,0,pos,East,grocery,Walmart,01/01/2024 23:26,0
T1535,C250,289.62,62.0,0,8.75,0,web,South,travel,,01/01/2024 13:27,0
T1536,C471,189.48,51.0,0,63.06,0,mobile,South,food,Walmart,2024-01-01 12:03:35,0
T1537,C499,28.42,38.0,0,68.65,0,web,West,grocery,Starbucks,2024-01-01 22:21:00,0
T1538,C136,59.88,65.0,1,225.42,0,pos,North,electronics,Walmart,Jan 01 2024 23:32,0
T1539,C303,13.83,40.0,0,190.34,0,pos,East,grocery,Starbucks,2024-01-02 01:30:42,0
T1540,C140,308.02,23.0,0,174.7,1,pos,East,,Amazon,Jan 01 2024 07:56,0
T1541,C134,93.18,68.0,1,83.47,0,pos,South,electronics,Walmart,01/01/2024 05:27,0
T1542,C373,25.96,30.0,0,221.31,0,web,West,shopping,,01/01/2024 15:47,0
T1543,C163,111.38,66.0,0,118.42,0,mobile,North,travel,Walmart,2024/01/01 10:34,0
T1544,C495,96.27,40.0,0,148.86,1,mobile,South,electronics,Starbucks,Jan 01 2024 18:57,0
T1545,C262,44.34,26.0,0,108.98,1,web,South,electronics,,2024-01-01 04:08:19,0
T1546,C395,12.05,34.0,0,97.53,0,web,North,food,Target,2024/01/01 01:55,0
T1547,C298,111.34,19.0,0,87.41,0,pos,East,food,Starbucks,Jan 02 2024 01:24,0
T1548,C212,73.46,36.0,0,89.52,0,web,East,travel,BestBuy,2024/01/01 08:38,0
T1549,C345,147.98,,0,130.42,1,mobile,West,food,Target,Jan 01 2024 17:30,0
T1550,C422,73.43,24.0,0,118.36,0,web,South,electronics,BestBuy,2024-01-01 11:03:38,0
T1551,C298,191.18,59.0,0,98.43,1,web,West,travel,Amazon,2024-01-01 13:34:08,0
T1552,C371,80.28,59.0,0,175.48,0,mobile,East,travel,Amazon,Jan 02 2024 00:13,0
T1553,C127,82.31,37.0,0,-48.34,0,mobile,North,grocery,Walmart,2024-01-01 21:49:53,0
T1554,C291,209.28,26.0,1,125.49,1,web,East,electronics,Walmart,Jan 01 2024 11:42,0
T1555,C438,51.66,34.0,0,135.89,0,pos,East,electronics,Walmart,2024-01-01 20:23:26,0
T1556,C429,14.39,44.0,0,157.35,1,pos,South,food,Walmart,01/01/2024 23:07,0
T1557,C439,2.92,64.0,1,96.76,0,pos,East,electronics,BestBuy,Jan 01 2024 14:06,0
T1558,C352,7035.5,19.0,0,110.4,1,mobile,West,food,Target,2024-01-01 19:31:29,0
T1559,C180,96.84,,0,149.3,0,mobile,North,,Target,2024-01-01 20:11:12,0
T1560,C455,121.77,,0,174.56,0,pos,South,grocery,Walmart,2024/01/02 01:58,0
T1561,C476,23.95,34.0,0,84.97,0,web,North,electronics,Amazon,2024-01-01 07:06:04,0
T1562,C224,14.66,22.0,1,113.35,0,web,West,grocery,Starbucks,2024/01/01 12:21,0
T1563,C272,1.47,56.0,0,183.93,0,web,West,electronics,Walmart,Jan 01 2024 13:39,0
T1564,C299,43.17,35.0,0,-6.2,1,mobile,East,electronics,Walmart,2024-01-01 18:14:17,0
T1565,C378,89.14,24.0,0,65.5,0,mobile,West,shopping,Amazon,01/01/2024 14:32,0
T1566,C490,49.8,,0,173.29,0,pos,East,electronics,Starbucks,01/01/2024 18:49,0
T1567,C178,57.53,56.0,0,154.63,1,web,South,grocery,BestBuy,Jan 01 2024 14:29,0
T1568,C315,234.51,53.0,0,126.12,0,mobile,North,travel,BestBuy,Jan 01 2024 16:23,0
T1569,C315,42.81,57.0,0,77.57,0,mobile,East,grocery,Starbucks,Jan 01 2024 09:40,0
T1570,C382,72.15,62.0,0,55.91,0,pos,East,electronics,Starbucks,01/01/2024 15:09,0
T1571,C342,153.09,21.0,0,70.44,1,web,South,food,BestBuy,2024-01-01 02:47:56,0
T1572,C314,50.51,55.0,1,177.4,0,mobile,West,shopping,Walmart,Jan 01 2024 21:36,0
T1573,C298,97.31,42.0,0,68.58,0,mobile,East,,Walmart,Jan 01 2024 00:32,0
T1574,C252,198.31,22.0,0,105.07,1,mobile,West,shopping,Amazon,Jan 01 2024 05:40,0
T1575,C322,298.62,47.0,0,62.31,0,mobile,East,shopping,Starbucks,Jan 02 2024 01:08,0
T1576,C493,15.91,29.0,0,142.14,0,web,West,food,Walmart,02/01/2024 02:18,0
T1577,C116,261.17,21.0,0,73.06,0,pos,East,electronics,Walmart,2024/01/01 19:59,0
T1578,C297,67.75,41.0,0,95.12,1,web,North,grocery,Amazon,Jan 01 2024 15:26,0
T1579,C156,29.87,,0,15.83,0,pos,North,food,Starbucks,2024-01-01 13:18:39,0
T1580,C202,61.46,26.0,0,19.33,0,mobile,North,,Amazon,2024/01/01 23:24,0
T1581,C403,391.37,21.0,0,100.38,0,web,East,shopping,Amazon,Jan 02 2024 01:37,0
T1582,C419,67.85,68.0,0,33.74,0,pos,West,,BestBuy,01/01/2024 05:11,0
T1583,C488,39.86,41.0,0,205.25,0,pos,South,travel,Amazon,2024/01/01 14:33,0
T1584,C423,100.35,31.0,0,-3.08,0,mobile,South,grocery,Starbucks,2024-01-01 01:32:35,0
T1585,C373,27.46,22.0,0,59.99,0,pos,South,electronics,Walmart,01/01/2024 00:31,0
T1586,C117,7.89,35.0,0,100.84,0,pos,North,,Walmart,2024-01-01 10:52:55,0
T1587,C149,13.8,,0,81.74,0,pos,North,food,,2024/01/01 21:07,0
T1588,C177,13.7,36.0,0,44.79,0,mobile,North,grocery,,Jan 01 2024 12:55,0
T1589,C113,16.48,,0,52.1,0,web,West,food,Walmart,01/01/2024 22:25,0
T1590,C259,14.95,35.0,1,50.47,0,mobile,North,food,Amazon,Jan 01 2024 13:12,0
T1591,C234,102.41,34.0,0,85.66,0,pos,West,grocery,Target,2024-01-01 14:43:10,0
T1592,C321,20.07,,0,197.6,0,pos,West,grocery,Target,02/01/2024 00:50,0
T1593,C442,42.41,41.0,0,103.9,0,web,West,shopping,Target,Jan 01 2024 18:37,0
T1594,C118,227.1,,0,159.15,0,pos,East,shopping,Target,02/01/2024 02:28,0
T1595,C304,64.24,52.0,0,125.35,0,web,South,travel,Amazon,Jan 01 2024 07:23,0
T1596,C111,5506.5,40.0,0,155.69,0,pos,West,travel,Walmart,01/01/2024 10:12,0
T1597,C398,18.91,34.0,0,-40.0,0,pos,South,,BestBuy,2024-01-01 22:38:38,0
T1598,C250,21.36,18.0,1,84.78,0,mobile,West,shopping,Amazon,2024-01-02 01:33:32,0
T1599,C435,208.5,32.0,0,165.36,0,mobile,West,food,Walmart,2024-01-01 18:42:37,0
T1600,C410,18.5,49.0,0,71.41,1,web,North,electronics,Starbucks,02/01/2024 01:50,0
T1601,C445,32.65,26.0,0,188.12,0,mobile,South,electronics,,Jan 01 2024 21:41,0
T1602,C403,19.48,32.0,0,174.19,0,web,West,grocery,Walmart,01/01/2024 23:06,0
T1603,C279,9.29,,0,76.54,0,mobile,South,shopping,Walmart,2024-01-02 02:45:50,0
T1604,C335,12.86,41.0,0,74.84,0,web,North,grocery,Amazon,Jan 01 2024 11:54,0
T1605,C259,61.76,52.0,0,49.32,0,pos,West,electronics,Walmart,2024-01-01 16:26:16,0
T1606,C109,23.11,39.0,0,68.52,0,web,North,grocery,Walmart,2024/01/01 21:16,0
T1607,C431,45.3,44.0,0,38.37,0,mobile,West,shopping,Starbucks,2024/01/01 20:40,0
T1608,C196,70.0,36.0,1,121.44,0,web,North,shopping,Starbucks,2024/01/01 21:08,0
T1609,C290,117.25,62.0,1,27.2,0,mobile,North,shopping,Target,01/01/2024 23:55,0
T1610,C444,4.01,29.0,0,130.19,0,pos,East,electronics,Amazon,2024-01-01 14:08:41,0
T1611,C433,160.65,37.0,0,131.4,0,mobile,West,shopping,Walmart,2024/01/01 05:20,0
T1612,C352,98.86,18.0,0,16.94,0,pos,West,travel,Target,2024-01-02 00:57:41,0
T1613,C415,8.53,38.0,1,177.49,1,pos,West,,Target,2024/01/01 12:14,0
T1614,C149,206.81,66.0,0,125.68,0,mobile,South,shopping,Amazon,2024-01-02 02:04:16,0
T1615,C378,12683.5,62.0,0,137.48,0,pos,East,travel,Target,2024/01/01 19:41,0
T1616,C440,6.3,18.0,0,62.07,0,mobile,South,shopping,Target,Jan 01 2024 22:43,0
T1617,C289,32.42,27.0,0,131.12,0,web,West,electronics,Amazon,2024-01-01 00:18:37,0
T1618,C426,164.09,64.0,0,156.32,0,pos,East,travel,BestBuy,Jan 02 2024 03:10,0
T1619,C388,137.94,49.0,0,95.07,0,web,North,electronics,Target,2024-01-01 02:04:07,0
T1620,C238,20.4,56.0,0,200.1,0,web,East,travel,Starbucks,2024/01/01 16:48,0
T1621,C422,23.49,39.0,1,102.2,0,mobile,North,food,Target,2024/01/01 04:46,0
T1622,C474,46.28,35.0,0,157.04,0,mobile,West,,Amazon,Jan 02 2024 03:19,0
T1623,C435,66.27,65.0,0,114.65,0,pos,West,electronics,Amazon,Jan 01 2024 00:41,0
T1624,C449,96.3,63.0,0,129.28,0,mobile,North,travel,BestBuy,2024/01/01 14:51,0
T1625,C284,46.03,49.0,0,16.43,0,web,East,,BestBuy,Jan 01 2024 05:35,0
T1626,C318,62.09,44.0,0,118.55,0,web,South,shopping,Starbucks,01/01/2024 15:39,0
T1627,C214,137.62,45.0,0,63.25,0,web,East,grocery,Starbucks,2024-01-01 20:43:02,0
T1628,C230,3.74,35.0,0,57.68,0,pos,North,food,,2024-01-01 12:28:26,0
T1629,C381,29.09,56.0,0,187.21,0,mobile,North,food,BestBuy,Jan 01 2024 21:06,0
T1630,C419,124.95,66.0,0,89.31,0,web,South,shopping,Starbucks,2024/01/01 19:19,0
T1631,C266,225.58,46.0,0,49.83,0,pos,South,food,Target,2024/01/01 16:25,0
T1632,C103,71.68,35.0,0,82.04,0,mobile,South,food,Walmart,2024/01/01 13:42,0
T1633,C374,75.95,61.0,1,34.98,0,mobile,North,food,Target,2024/01/01 12:13,0
T1634,C288,11.34,25.0,1,171.69,0,web,West,travel,Starbucks,2024/01/01 22:27,0
T1635,C256,59.31,48.0,0,65.22,0,pos,East,food,Target,01/01/2024 09:17,0
T1636,C151,76.06,51.0,0,126.46,1,web,South,grocery,Walmart,01/01/2024 20:37,0
T1637,C417,27.77,24.0,0,167.81,1,web,North,travel,Starbucks,2024-01-01 01:39:36,0
T1638,C405,31.37,53.0,0,74.99,1,pos,East,travel,Target,2024-01-02 03:37:06,0
T1639,C251,47.37,35.0,0,126.6,0,web,South,,Starbucks,2024/01/01 14:34,0
T1640,C378,2.03,55.0,1,48.5,0,pos,West,,Target,2024/01/01 01:12,0
T1641,C192,38.87,,0,222.29,0,pos,East,,,01/01/2024 00:50,0
T1642,C179,23.76,26.0,0,146.82,1,web,East,grocery,Starbucks,2024/01/01 20:41,0
T1643,C290,39.67,,0,90.37,0,web,North,electronics,Starbucks,02/01/2024 01:22,0
T1644,C438,12.76,,0,61.36,0,mobile,North,grocery,Starbucks,01/01/2024 17:11,0
T1645,C374,221.21,68.0,0,94.3,0,mobile,North,travel,Starbucks,Jan 01 2024 13:14,0
T1646,C278,90.04,52.0,0,83.0,0,pos,West,shopping,Target,01/01/2024 14:04,0
T1647,C398,113.66,35.0,0,197.65,0,pos,East,travel,,2024-01-01 13:40:45,0
T1648,C180,155.67,,1,38.72,0,pos,South,,Target,Jan 01 2024 02:38,0
T1649,C108,69.0,31.0,0,106.74,0,mobile,West,grocery,Walmart,Jan 01 2024 11:52,0
T1650,C188,9.09,45.0,1,99.08,1,web,South,food,Amazon,Jan 01 2024 10:57,0
T1651,C445,77.03,47.0,0,94.13,0,web,South,shopping,Target,2024-01-01 03:56:16,0
T1652,C340,88.39,21.0,0,94.57,0,mobile,North,travel,Target,Jan 02 2024 00:09,0
T1653,C202,136.82,56.0,0,94.2,0,web,South,travel,Starbucks,01/01/2024 23:22,0
T1654,C246,56.5,37.0,0,143.65,0,web,South,travel,Walmart,Jan 01 2024 05:18,0
T1655,C495,13.65,42.0,0,130.45,0,web,West,travel,Starbucks,2024-01-01 00:18:16,0
T1656,C403,33.38,45.0,0,120.95,0,mobile,North,electronics,Starbucks,2024-01-02 01:01:51,0
T1657,C141,45.11,29.0,0,-51.7,0,pos,South,grocery,BestBuy,01/01/2024 08:17,0
T1658,C276,103.82,19.0,0,114.99,0,web,South,food,Amazon,2024-01-01 15:02:35,0
T1659,C348,84.58,60.0,1,17.22,0,web,South,electronics,BestBuy,Jan 01 2024 12:59,0
T1660,C491,44.02,31.0,0,132.32,0,pos,East,grocery,Starbucks,Jan 01 2024 05:08,0
T1661,C450,430.62,39.0,0,173.72,0,web,East,shopping,Amazon,01/01/2024 19:31,0
T1662,C342,93.08,48.0,1,53.69,0,web,North,electronics,Target,Jan 01 2024 22:26,0
T1663,C407,27.08,40.0,0,86.91,0,pos,West,electronics,,01/01/2024 23:46,0
T1664,C160,536.5,65.0,1,70.03,0,mobile,North,electronics,BestBuy,01/01/2024 13:41,0
T1665,C446,16.59,37.0,1,161.77,0,mobile,East,electronics,Walmart,2024/01/01 17:48,0
T1666,C208,28.23,,0,104.75,0,web,North,shopping,Starbucks,01/01/2024 08:39,0
T1667,C392,17.52,21.0,1,186.42,0,web,West,travel,Amazon,2024-01-01 13:18:13,0
T1668,C467,20.65,32.0,0,120.69,0,pos,North,electronics,Target,2024-01-01 06:13:01,0
T1669,C289,33.56,41.0,0,112.12,0,pos,South,grocery,,2024/01/01 13:29,0
T1670,C456,19.04,42.0,1,103.41,0,web,West,travel,Walmart,Jan 01 2024 15:13,0
T1671,C243,227.08,18.0,0,140.9,0,web,West,shopping,Walmart,01/01/2024 19:21,0
T1672,C232,8.36,24.0,0,13.12,0,mobile,West,,Target,01/01/2024 03:16,0
T1673,C278,74.34,48.0,0,104.27,0,mobile,North,shopping,Target,2024-01-01 16:08:52,0
T1674,C243,52.83,29.0,0,96.5,1,mobile,North,food,,Jan 01 2024 06:04,0
T1675,C191,403.86,59.0,0,136.27,0,mobile,South,grocery,BestBuy,Jan 01 2024 10:52,0
T1676,C432,11.88,22.0,0,90.61,0,pos,West,food,Amazon,Jan 01 2024 09:45,0
T1677,C431,50.73,61.0,0,48.06,1,mobile,South,electronics,Walmart,01/01/2024 01:54,0
T1678,C250,348.91,67.0,0,100.37,0,mobile,West,travel,Amazon,2024-01-01 19:22:36,0
T1679,C329,200.62,59.0,0,45.86,0,web,East,,Starbucks,Jan 01 2024 07:51,0
T1680,C261,169.87,55.0,0,3.74,1,mobile,North,electronics,Amazon,2024/01/01 06:50,0
T1681,C498,29.83,29.0,1,136.36,1,web,South,travel,Amazon,01/01/2024 11:50,0
T1682,C213,18.74,56.0,0,128.95,0,web,North,shopping,Starbucks,2024/01/01 18:15,0
T1683,C113,110.46,35.0,0,123.35,0,mobile,North,electronics,Walmart,01/01/2024 11:28,0
T1684,C475,265.04,19.0,0,165.15,0,mobile,East,,Target,01/01/2024 02:48,0
T1685,C214,81.37,27.0,0,66.75,0,web,East,travel,Amazon,01/01/2024 07:12,0
T1686,C284,84.77,32.0,0,28.44,0,pos,West,food,BestBuy,2024-01-01 14:05:10,0
T1687,C425,32.85,47.0,0,96.5,0,web,East,grocery,Target,01/01/2024 04:57,0
T1688,C126,146.75,61.0,1,82.62,1,pos,West,food,BestBuy,Jan 01 2024 00:48,0
T1689,C160,20.71,34.0,0,57.89,0,pos,East,shopping,,01/01/2024 20:08,0
T1690,C263,39.11,21.0,0,96.01,0,mobile,East,electronics,BestBuy,2024-01-02 02:53:49,0
T1691,C199,55.41,24.0,1,69.42,0,mobile,South,electronics,Target,2024/01/01 01:20,0
T1692,C478,70.85,,0,8.2,0,mobile,East,shopping,BestBuy,2024/01/01 01:29,0
T1693,C495,27.76,48.0,0,77.94,0,mobile,South,grocery,BestBuy,2024-01-01 19:30:39,0
T1694,C108,12.2,,0,43.18,0,web,East,electronics,Target,01/01/2024 03:19,0
T1695,C419,94.32,56.0,0,111.58,0,pos,South,food,Target,2024/01/02 00:37,0
T1696,C298,34.06,51.0,0,67.2,0,web,North,shopping,Target,2024-01-02 00:31:37,0
T1697,C109,87.05,23.0,0,155.58,0,pos,West,electronics,Target,01/01/2024 22:51,0
T1698,C244,16.77,67.0,0,180.19,0,web,East,,,Jan 01 2024 23:41,0
T1699,C132,65.61,55.0,0,133.97,0,pos,South,shopping,Amazon,Jan 01 2024 02:34,0
T1700,C324,3802.5,62.0,0,22.45,0,mobile,East,,Target,Jan 01 2024 00:04,0
T1701,C321,5.32,68.0,0,175.26,0,pos,South,shopping,,Jan 01 2024 19:42,0
T1702,C181,41.04,,0,178.79,0,mobile,South,grocery,BestBuy,2024/01/01 02:33,0
T1703,C307,14.43,61.0,0,100.94,0,pos,East,shopping,Target,Jan 01 2024 12:19,0
T1704,C262,6.55,32.0,0,166.15,1,web,West,travel,Target,2024/01/01 00:42,0
T1705,C243,460.12,31.0,0,72.42,0,pos,South,travel,,01/01/2024 00:13,0
T1706,C246,38.91,23.0,0,6.69,0,web,North,shopping,Target,01/01/2024 12:20,0
T1707,C442,166.01,67.0,1,61.99,0,web,East,electronics,Starbucks,01/01/2024 23:55,0
T1708,C218,29.39,54.0,0,186.47,0,mobile,North,travel,Walmart,Jan 01 2024 17:36,0
T1709,C271,114.41,67.0,0,25.45,0,pos,South,food,Walmart,01/01/2024 14:39,0
T1710,C119,142.81,49.0,0,99.98,0,web,South,food,Target,2024/01/01 06:45,0
T1711,C499,90.54,20.0,0,101.71,0,pos,East,electronics,,2024-01-01 20:04:08,0
T1712,C451,63.79,20.0,0,74.35,0,mobile,West,food,Target,01/01/2024 04:07,0
T1713,C354,53.08,39.0,0,77.82,0,mobile,North,electronics,BestBuy,2024/01/01 07:31,0
T1714,C327,42.9,39.0,1,103.61,0,pos,West,food,Walmart,2024-01-02 00:03:28,0
T1715,C442,265.26,27.0,1,71.89,0,web,North,shopping,BestBuy,2024/01/01 07:39,0
T1716,C137,177.56,68.0,0,28.9,0,web,West,food,Starbucks,01/01/2024 01:35,0
T1717,C247,335.32,20.0,0,110.75,0,web,East,shopping,Walmart,Jan 01 2024 08:08,0
T1718,C338,13.27,29.0,0,153.67,0,pos,North,food,Walmart,01/01/2024 19:45,0
T1719,C331,131.26,46.0,0,143.48,0,web,East,food,Starbucks,Jan 01 2024 10:23,0
T1720,C491,278.61,65.0,0,59.51,0,web,West,food,BestBuy,01/01/2024 23:57,0
T1721,C472,20.0,,0,37.44,0,web,West,,Target,Jan 01 2024 23:46,0
T1722,C375,6.88,24.0,1,85.79,0,mobile,West,food,Amazon,Jan 01 2024 00:53,0
T1723,C380,135.14,30.0,0,178.39,0,web,East,food,,2024/01/01 00:44,0
T1724,C143,85.44,19.0,1,132.28,1,pos,South,grocery,Starbucks,2024-01-01 04:53:54,0
T1725,C418,184.41,,0,135.2,0,pos,South,shopping,Starbucks,2024-01-01 11:52:52,0
T1726,C154,15.06,,0,144.49,0,web,North,travel,Starbucks,2024-01-01 07:20:18,0
T1727,C481,158.61,56.0,0,121.04,0,pos,East,electronics,Walmart,2024-01-01 22:08:14,0
T1728,C454,22.52,,1,106.03,0,pos,East,grocery,Target,01/01/2024 22:23,0
T1729,C400,17.87,34.0,0,133.12,0,web,East,food,Walmart,02/01/2024 01:40,0
T1730,C159,17.94,69.0,0,72.69,1,mobile,West,travel,Walmart,2024/01/02 02:34,0
T1731,C194,168.51,23.0,0,29.28,0,web,East,travel,Walmart,Jan 01 2024 23:33,0
T1732,C200,109.42,36.0,0,136.15,0,pos,South,food,Starbucks,Jan 01 2024 09:05,0
T1733,C315,74.04,22.0,1,161.89,0,pos,North,food,BestBuy,01/01/2024 10:31,0
T1734,C159,44.45,49.0,0,44.09,0,web,South,grocery,Amazon,01/01/2024 20:01,0
T1735,C177,209.72,27.0,0,141.1,0,pos,East,shopping,Amazon,2024/01/01 00:57,0
T1736,C227,49.83,26.0,0,184.04,0,mobile,North,grocery,Target,02/01/2024 01:41,0
T1737,C420,169.61,44.0,0,99.89,0,web,North,shopping,Target,2024/01/01 16:40,0
T1738,C424,57.83,30.0,1,59.1,0,pos,East,travel,Starbucks,01/01/2024 09:48,0
T1739,C477,47.31,36.0,0,106.15,0,mobile,East,electronics,Amazon,01/01/2024 10:17,0
T1740,C206,62.12,,0,72.47,0,pos,South,food,BestBuy,01/01/2024 08:25,0
T1741,C326,35.86,41.0,0,69.16,0,mobile,South,grocery,,Jan 02 2024 01:59,0
T1742,C238,137.68,55.0,0,121.66,1,pos,West,travel,Target,2024/01/01 01:31,0
T1743,C191,69.86,21.0,0,19.81,0,web,West,grocery,Starbucks,2024-01-02 00:26:22,0
T1744,C500,26.42,41.0,0,27.8,0,pos,West,shopping,,2024/01/01 23:38,0
T1745,C336,229.83,52.0,1,100.96,1,web,East,food,Amazon,Jan 01 2024 04:44,1
T1746,C359,48.43,20.0,0,98.88,0,mobile,East,shopping,Starbucks,2024/01/02 00:14,0
T1747,C418,78.43,21.0,0,117.18,0,mobile,West,shopping,Walmart,2024-01-01 17:59:43,0
T1748,C204,236.95,,0,193.76,0,pos,West,shopping,Target,01/01/2024 08:05,0
T1749,C182,97.88,57.0,1,105.23,0,web,South,travel,Walmart,2024/01/01 22:20,0
T1750,C246,12.43,65.0,0,129.91,0,web,West,food,Target,Jan 01 2024 00:43,0
T1751,C178,281.06,52.0,1,51.22,0,mobile,West,electronics,Walmart,Jan 01 2024 13:31,0
T1752,C152,98.81,48.0,1,138.4,1,mobile,North,grocery,Amazon,Jan 01 2024 19:03,0
T1753,C391,40.78,61.0,0,73.68,0,pos,West,shopping,Amazon,2024/01/01 12:47,0
T1754,C362,15.0,42.0,0,103.57,0,mobile,North,food,,2024-01-01 07:41:34,0
T1755,C363,158.0,57.0,1,94.56,0,mobile,West,grocery,BestBuy,2024/01/01 04:49,0
T1756,C129,96.78,,0,151.65,0,web,North,food,BestBuy,Jan 02 2024 01:04,0
T1757,C275,76.24,21.0,0,34.5,0,web,West,grocery,Starbucks,Jan 01 2024 04:16,0
T1758,C223,224.33,63.0,0,-14.16,0,web,South,food,Target,Jan 01 2024 09:39,0
T1759,C165,155.4,31.0,0,89.33,0,mobile,East,electronics,Starbucks,2024/01/01 17:17,0
T1760,C358,16.45,30.0,1,123.43,0,pos,North,food,BestBuy,2024-01-01 09:18:09,0
T1761,C142,37.36,44.0,1,107.61,0,pos,East,food,Target,2024/01/01 20:20,0
T1762,C267,28.57,23.0,0,161.61,1,mobile,South,shopping,Starbucks,02/01/2024 00:50,0
T1763,C278,136.24,34.0,0,121.87,0,pos,West,,Amazon,2024-01-01 22:16:30,0
T1764,C340,170.5,53.0,0,71.81,1,mobile,West,shopping,Target,Jan 01 2024 09:27,0
T1765,C321,84.37,57.0,0,-16.27,0,pos,South,food,BestBuy,2024-01-01 18:51:21,0
T1766,C264,143.74,66.0,0,88.13,0,mobile,East,electronics,Amazon,2024-01-02 03:20:08,0
T1767,C264,209.37,,0,151.4,0,web,East,grocery,,2024/01/01 09:33,0
T1768,C386,41.87,34.0,0,80.4,1,pos,East,shopping,Starbucks,2024-01-01 03:39:30,0
T1769,C490,172.18,,0,101.42,0,web,East,travel,BestBuy,2024/01/01 19:42,0
T1770,C116,11.72,19.0,0,121.07,0,web,North,food,Starbucks,2024-01-01 04:51:15,0
T1771,C250,187.37,30.0,0,49.24,0,pos,East,electronics,Amazon,2024/01/01 07:34,0
T1772,C109,13.64,69.0,0,131.16,0,mobile,North,electronics,Amazon,01/01/2024 06:08,0
T1773,C248,50.63,,0,181.86,0,web,South,shopping,Amazon,Jan 01 2024 01:56,0
T1774,C480,159.6,,0,91.36,0,web,West,,Target,Jan 01 2024 13:32,0
T1775,C401,16.24,45.0,0,43.55,0,mobile,North,travel,BestBuy,Jan 01 2024 16:13,0
T1776,C465,26.04,60.0,0,96.67,0,mobile,East,travel,Amazon,2024-01-02 03:04:39,0
T1777,C318,128.1,43.0,0,-11.22,0,pos,West,shopping,Starbucks,2024-01-01 09:32:19,0
T1778,C417,127.31,,0,116.85,0,pos,North,grocery,BestBuy,2024-01-01 09:56:23,0
T1779,C242,102.48,64.0,0,122.61,0,mobile,West,shopping,Starbucks,2024-01-01 20:09:02,0
T1780,C232,118.4,,0,183.78,0,web,South,shopping,,2024/01/01 05:30,0
T1781,C320,78.25,20.0,0,90.3,0,mobile,East,electronics,Amazon,01/01/2024 23:09,0
T1782,C236,29.01,52.0,0,120.42,0,pos,South,,BestBuy,2024/01/01 22:32,0
T1783,C131,42.42,29.0,0,56.94,1,web,West,shopping,Walmart,2024/01/01 22:02,0
T1784,C321,20.04,41.0,0,82.18,0,web,South,,Target,01/01/2024 04:37,0
T1785,C131,239.09,22.0,0,23.74,0,pos,East,grocery,Walmart,2024/01/01 23:19,0
T1786,C300,87.56,37.0,0,90.26,0,web,North,electronics,Target,02/01/2024 01:33,0
T1787,C325,51.22,56.0,0,84.73,0,mobile,South,food,BestBuy,02/01/2024 02:59,0
T1788,C110,61.99,56.0,1,114.96,0,pos,East,food,Amazon,2024/01/01 11:08,0
T1789,C311,294.28,30.0,0,68.82,0,web,West,food,BestBuy,Jan 01 2024 04:19,0
T1790,C254,832.4999999999999,58.0,0,104.17,1,pos,South,food,Walmart,2024/01/02 02:41,0
T1791,C169,88.24,,0,83.33,0,web,North,electronics,Starbucks,Jan 01 2024 12:10,0
T1792,C289,70.5,29.0,0,83.43,0,mobile,South,shopping,Target,01/01/2024 20:07,0
T1793,C227,94.53,,0,104.02,0,pos,West,food,,01/01/2024 10:31,0
T1794,C285,1.83,27.0,0,102.03,0,web,West,shopping,Walmart,02/01/2024 00:49,0
T1795,C303,205.67,50.0,0,138.06,0,mobile,West,food,Amazon,2024-01-02 03:23:24,0
T1796,C349,269.0,57.0,0,93.97,1,mobile,South,grocery,BestBuy,01/01/2024 21:39,0
T1797,C377,83.27,33.0,1,82.51,0,mobile,South,shopping,Walmart,2024-01-01 19:41:53,0
T1798,C453,119.29,62.0,2,90.96,0,web,South,electronics,BestBuy,2024-01-02 02:03:20,0
T1799,C170,255.75,,0,64.27,0,web,North,,Amazon,01/01/2024 09:46,0
T1800,C239,122.84,20.0,0,82.0,0,mobile,East,grocery,,01/01/2024 23:37,0
T1801,C219,16.55,22.0,0,201.56,0,mobile,South,electronics,,Jan 02 2024 03:44,0
T1802,C217,85.87,43.0,0,54.37,0,mobile,North,grocery,Amazon,2024/01/01 12:11,0
T1803,C221,93.32,28.0,0,86.07,0,mobile,West,shopping,Walmart,Jan 01 2024 22:09,0
T1804,C206,55.19,24.0,0,80.63,0,mobile,South,travel,Starbucks,Jan 01 2024 20:25,0
T1805,C239,133.35,27.0,0,87.64,0,web,South,travel,Starbucks,01/01/2024 01:55,0
T1806,C291,272.37,59.0,0,83.44,0,pos,South,,Starbucks,2024-01-01 22:59:57,0
T1807,C465,259.79,69.0,0,113.96,0,pos,North,food,Target,Jan 01 2024 22:23,0
T1808,C461,59.94,51.0,0,14.49,0,pos,South,shopping,Amazon,Jan 01 2024 20:09,0
T1809,C261,12.02,20.0,0,151.86,0,web,South,,BestBuy,01/01/2024 05:24,0
T1810,C178,418.92,25.0,0,131.63,0,pos,East,shopping,Walmart,2024/01/01 00:58,0
T1811,C101,9128.5,48.0,0,37.86,1,pos,North,food,Starbucks,2024-01-01 21:28:55,0
T1812,C496,13.31,28.0,0,-13.45,1,pos,East,grocery,Starbucks,Jan 01 2024 02:09,0
T1813,C483,253.63,62.0,0,51.15,1,pos,East,,Starbucks,01/01/2024 02:38,0
T1814,C185,203.94,24.0,0,87.87,0,mobile,East,shopping,Amazon,2024-01-02 02:43:07,0
T1815,C138,73.16,62.0,0,229.01,0,web,East,electronics,,2024-01-01 06:02:00,0
T1816,C352,89.47,19.0,0,127.16,1,pos,West,food,Amazon,2024-01-01 04:02:43,0
T1817,C441,50.92,23.0,0,9.62,0,mobile,South,shopping,,Jan 01 2024 14:30,0
T1818,C469,5.63,58.0,1,65.52,0,pos,East,grocery,BestBuy,01/01/2024 23:32,0
T1819,C443,40.83,,0,97.34,1,pos,North,grocery,Target,01/01/2024 17:24,0
T1820,C299,162.38,37.0,0,112.68,0,pos,South,travel,Walmart,2024/01/01 23:20,0
T1821,C128,0.46,51.0,0,34.26,0,pos,East,food,Amazon,2024-01-01 11:41:34,0
T1822,C329,40.57,67.0,0,93.25,0,pos,East,grocery,Amazon,2024-01-01 16:48:24,0
T1823,C233,50.78,33.0,0,64.12,0,mobile,North,electronics,Amazon,02/01/2024 02:10,0
T1824,C320,77.09,42.0,1,44.81,0,pos,West,food,Target,2024/01/01 08:30,0
T1825,C259,252.39,29.0,0,112.98,0,mobile,North,grocery,Walmart,Jan 01 2024 18:57,0
T1826,C155,42.52,24.0,0,138.69,0,pos,West,shopping,Walmart,2024/01/02 01:00,0
T1827,C195,42.61,56.0,0,142.05,0,web,West,food,Walmart,Jan 01 2024 06:19,0
T1828,C446,133.75,34.0,1,128.72,0,mobile,West,grocery,Walmart,Jan 02 2024 00:49,0
T1829,C284,60.19,62.0,0,75.13,0,pos,East,shopping,Starbucks,01/01/2024 07:32,0
T1830,C356,25.44,28.0,0,135.73,0,mobile,East,,Starbucks,2024/01/01 13:09,0
T1831,C400,60.23,,1,115.45,0,pos,West,food,Amazon,Jan 01 2024 02:19,0
T1832,C214,15.18,40.0,0,106.7,0,pos,West,,Starbucks,01/01/2024 03:02,0
T1833,C340,19.41,44.0,0,69.42,0,mobile,East,,Walmart,2024-01-01 03:59:09,0
T1834,C123,68.99,,0,75.16,0,pos,West,,Walmart,2024/01/02 03:44,0
T1835,C329,2714.5,23.0,1,103.69,0,pos,East,electronics,Starbucks,2024/01/01 23:50,0
T1836,C369,246.33,55.0,0,221.99,0,pos,West,grocery,BestBuy,2024-01-01 04:57:51,0
T1837,C477,45.0,,0,115.06,0,pos,East,grocery,Amazon,2024/01/01 06:59,0
T1838,C433,86.89,39.0,0,69.44,0,pos,North,electronics,Target,2024/01/01 05:36,0
T1839,C356,100.04,37.0,0,58.38,1,pos,West,electronics,Amazon,2024/01/01 17:36,0
T1840,C278,1.32,42.0,1,75.41,1,mobile,West,,Amazon,Jan 01 2024 19:10,0
T1841,C475,108.93,32.0,1,208.86,0,web,North,electronics,Amazon,01/01/2024 00:43,0
T1842,C400,19.61,66.0,0,80.04,0,pos,South,electronics,Starbucks,Jan 01 2024 08:11,0
T1843,C428,324.6,46.0,0,145.34,0,mobile,West,,Amazon,01/01/2024 00:15,0
T1844,C132,16.09,,0,81.2,0,web,South,shopping,Walmart,Jan 01 2024 17:42,0
T1845,C257,53.55,54.0,1,113.06,0,mobile,North,electronics,Amazon,2024-01-01 03:37:35,0
T1846,C247,8.92,66.0,0,139.59,0,web,West,travel,Walmart,Jan 01 2024 15:56,0
T1847,C120,576.81,69.0,0,71.4,0,web,South,travel,Starbucks,2024-01-01 05:59:45,0
T1848,C438,69.75,50.0,0,67.94,0,web,West,electronics,Starbucks,Jan 01 2024 07:35,0
T1849,C476,90.48,39.0,1,182.94,0,mobile,West,shopping,Amazon,01/01/2024 03:01,0
T1850,C386,6.94,67.0,0,149.23,0,web,East,travel,Walmart,01/01/2024 06:03,0
T1851,C204,138.61,64.0,0,139.53,0,pos,South,shopping,Walmart,2024/01/02 02:16,0
T1852,C182,23.56,,0,139.36,0,pos,East,grocery,Walmart,Jan 01 2024 21:42,0
T1853,C345,228.33,56.0,0,122.98,1,web,East,shopping,Walmart,01/01/2024 00:09,0
T1854,C226,22.96,35.0,0,200.89,0,web,South,electronics,Target,Jan 01 2024 08:53,0
T1855,C400,21.16,55.0,0,102.2,0,pos,South,,Starbucks,2024/01/01 02:36,0
T1856,C325,3.72,54.0,0,128.86,1,mobile,East,electronics,Walmart,2024-01-01 06:52:39,0
T1857,C254,63.88,47.0,0,27.45,1,mobile,West,grocery,Target,2024-01-02 00:54:01,0
T1858,C244,83.2,68.0,1,58.75,0,pos,West,shopping,Target,2024-01-01 17:02:33,0
T1859,C185,6.8,48.0,0,39.96,0,mobile,North,travel,Starbucks,2024/01/01 16:28,0
T1860,C193,149.4,27.0,0,163.7,0,mobile,West,electronics,BestBuy,2024-01-01 15:29:21,0
T1861,C193,60.38,32.0,0,-27.63,0,web,South,travel,Amazon,01/01/2024 05:51,0
T1862,C381,74.32,59.0,0,79.88,1,mobile,South,shopping,Starbucks,Jan 01 2024 22:01,0
T1863,C323,58.12,65.0,0,-49.69,0,pos,North,grocery,BestBuy,2024-01-02 00:03:29,0
T1864,C282,51.21,61.0,0,58.44,0,mobile,South,electronics,Amazon,Jan 01 2024 22:07,0
T1865,C238,82.02,35.0,0,75.45,0,web,East,,Amazon,2024-01-01 21:14:39,0
T1866,C138,16.87,40.0,0,169.24,0,pos,North,electronics,,2024/01/01 05:41,0
T1867,C194,20.08,50.0,0,119.83,0,pos,North,electronics,Target,Jan 01 2024 11:05,0
T1868,C295,197.89,33.0,0,58.34,0,pos,West,travel,Walmart,Jan 01 2024 08:38,0
T1869,C237,292.09,,0,153.3,0,web,West,grocery,Amazon,2024-01-01 10:09:08,0
T1870,C328,46.73,52.0,0,100.89,0,pos,East,electronics,Walmart,2024/01/01 20:33,0
T1871,C404,31.57,51.0,0,101.88,0,web,East,grocery,Amazon,2024/01/01 22:43,0
T1872,C343,103.28,45.0,0,39.87,0,web,West,grocery,Target,2024-01-01 08:34:48,0
T1873,C304,52.55,19.0,0,50.5,0,mobile,West,,Amazon,2024-01-01 08:46:48,0
T1874,C379,2.57,47.0,1,58.75,0,pos,East,travel,Starbucks,2024/01/01 02:36,0
T1875,C244,16.98,,0,102.32,0,mobile,West,shopping,BestBuy,2024-01-01 15:23:37,0
T1876,C420,125.87,58.0,0,103.89,0,mobile,North,food,Amazon,01/01/2024 18:19,0
T1877,C337,107.56,33.0,0,177.2,0,web,East,shopping,BestBuy,01/01/2024 14:42,0
T1878,C146,2.75,22.0,0,119.25,0,mobile,West,electronics,,2024-01-01 12:41:34,0
T1879,C427,25.1,45.0,0,-35.38,1,mobile,South,,Target,2024-01-01 09:00:21,0
T1880,C328,26.28,56.0,0,113.13,0,mobile,South,electronics,BestBuy,Jan 01 2024 13:47,0
T1881,C151,111.44,62.0,1,27.5,0,pos,East,,Target,01/01/2024 05:19,0
T1882,C129,1.99,37.0,0,51.7,0,mobile,South,,Amazon,Jan 01 2024 01:23,0
T1883,C282,10.99,41.0,1,59.39,0,web,South,electronics,Walmart,2024/01/01 13:35,0
T1884,C280,160.9,44.0,0,66.83,1,pos,North,shopping,,Jan 01 2024 18:12,0
T1885,C324,19.67,47.0,0,31.24,0,web,East,grocery,BestBuy,2024/01/02 02:59,0
T1886,C183,105.77,62.0,0,110.17,0,pos,South,shopping,BestBuy,Jan 01 2024 05:45,0
T1887,C111,27.2,44.0,0,29.46,0,pos,West,shopping,Amazon,2024-01-02 01:34:13,0
T1888,C247,10.47,43.0,0,117.83,0,pos,East,electronics,Target,2024-01-01 21:40:11,0
T1889,C489,27.86,,0,211.85,0,web,East,shopping,Amazon,2024-01-01 21:24:43,0
T1890,C152,128.11,59.0,0,33.53,0,mobile,South,food,Target,01/01/2024 06:58,0
T1891,C376,193.58,64.0,0,85.77,0,pos,South,grocery,Walmart,2024-01-01 10:33:31,0
T1892,C419,177.33,,0,-26.17,0,web,North,electronics,Starbucks,Jan 02 2024 00:42,0
T1893,C311,50.61,22.0,0,84.95,0,pos,West,electronics,Amazon,01/01/2024 12:20,0
T1894,C206,110.29,40.0,1,132.14,0,mobile,North,shopping,BestBuy,2024/01/01 08:20,0
T1895,C213,22.94,45.0,0,136.03,0,pos,North,shopping,Amazon,2024/01/01 10:30,0
T1896,C417,34.69,51.0,0,103.87,0,web,West,travel,,Jan 01 2024 16:49,0
T1897,C354,226.66,32.0,0,144.46,0,pos,South,travel,Amazon,01/01/2024 15:48,0
T1898,C320,1.31,49.0,0,227.3,0,web,North,electronics,Walmart,2024/01/01 11:53,0
T1899,C302,8.94,,0,185.62,0,mobile,East,electronics,Target,Jan 01 2024 16:32,0
T1900,C228,23.31,65.0,2,73.87,0,mobile,North,shopping,BestBuy,Jan 01 2024 07:45,0
T1901,C415,2.69,48.0,1,27.44,0,pos,West,food,BestBuy,2024-01-01 15:24:06,0
T1902,C469,20.02,36.0,0,79.69,1,mobile,North,food,Target,2024-01-02 02:09:47,0
T1903,C200,87.48,26.0,1,52.65,0,web,North,shopping,Walmart,2024/01/01 14:49,0
T1904,C468,54.72,46.0,1,122.57,0,pos,East,travel,Amazon,Jan 01 2024 06:49,0
T1905,C442,223.19,68.0,0,40.94,1,web,West,travel,Starbucks,2024/01/01 16:59,0
T1906,C121,170.07,56.0,0,96.36,1,pos,East,food,BestBuy,2024-01-01 01:46:55,0
T1907,C364,41.83,21.0,1,141.9,0,web,South,electronics,Walmart,2024-01-01 10:37:07,0
T1908,C221,30.03,20.0,0,94.97,0,pos,West,shopping,,2024-01-02 01:31:04,0
T1909,C487,47.75,46.0,0,52.68,0,web,North,electronics,Walmart,01/01/2024 17:14,0
T1910,C316,89.23,69.0,0,158.74,0,web,East,travel,Amazon,01/01/2024 14:23,0
T1911,C414,31.21,28.0,0,6.05,0,pos,East,food,Walmart,2024-01-01 00:58:38,0
T1912,C442,97.86,50.0,0,83.61,0,web,West,electronics,Walmart,Jan 01 2024 05:57,0
T1913,C168,52.66,55.0,0,97.92,0,mobile,East,travel,Target,Jan 01 2024 11:47,0
T1914,C116,80.31,28.0,0,100.8,0,web,West,travel,Target,01/01/2024 17:47,0
T1915,C310,57.29,44.0,0,109.02,0,pos,South,travel,Walmart,01/01/2024 16:38,0
T1916,C107,34.88,50.0,0,130.52,0,mobile,West,electronics,Walmart,2024-01-01 17:57:04,0
T1917,C385,296.53,38.0,0,98.23,1,mobile,West,grocery,Target,2024-01-01 18:10:00,0
T1918,C441,7211.499999999999,56.0,0,81.6,0,web,South,food,Amazon,Jan 01 2024 08:09,0
T1919,C427,15.1,48.0,1,79.62,0,web,South,,,01/01/2024 16:21,0
T1920,C249,202.85,55.0,0,69.42,1,web,North,electronics,Target,01/01/2024 22:12,0
T1921,C409,66.83,63.0,0,139.38,1,mobile,East,shopping,,2024-01-01 22:00:40,0
T1922,C153,224.95,19.0,0,67.67,0,mobile,South,food,Target,2024/01/01 00:28,0
T1923,C388,160.87,,0,142.34,1,mobile,South,shopping,Starbucks,Jan 01 2024 23:44,0
T1924,C452,55.38,53.0,0,100.95,0,pos,East,shopping,BestBuy,2024-01-01 12:39:33,0
T1925,C236,2.27,28.0,0,73.94,0,pos,East,electronics,Amazon,2024-01-01 10:03:14,0
T1926,C493,31.29,64.0,0,130.92,0,web,North,grocery,Amazon,01/01/2024 12:24,0
T1927,C232,78.01,35.0,0,63.63,0,pos,North,electronics,Walmart,2024-01-01 03:10:16,0
T1928,C188,100.37,18.0,0,131.91,0,pos,West,electronics,Starbucks,2024/01/01 12:36,0
T1929,C380,29.83,52.0,0,110.64,0,web,North,food,Walmart,01/01/2024 05:52,0
T1930,C113,15.01,52.0,0,70.18,0,web,South,electronics,Amazon,01/01/2024 19:28,0
T1931,C144,180.14,48.0,0,126.43,0,mobile,South,food,Amazon,2024/01/02 03:24,0
T1932,C149,416.06,45.0,1,127.33,0,mobile,East,travel,Walmart,01/01/2024 13:14,0
T1933,C405,74.59,56.0,0,157.88,0,web,North,food,BestBuy,01/01/2024 03:31,0
T1934,C404,18.84,18.0,0,148.31,0,web,West,electronics,,2024-01-01 04:54:25,0
T1935,C323,31.79,42.0,1,124.56,0,pos,West,travel,BestBuy,2024/01/01 22:37,0
T1936,C444,1.86,60.0,0,43.62,0,pos,West,travel,,2024-01-02 02:24:36,0
T1937,C238,245.69,55.0,0,222.43,0,pos,West,grocery,Target,2024/01/01 22:53,0
T1938,C291,12.53,37.0,1,29.82,0,web,East,electronics,Amazon,2024/01/01 13:03,0
T1939,C484,85.92,20.0,1,147.46,0,web,North,,Target,2024-01-01 04:49:01,0
T1940,C466,32.03,68.0,0,121.56,0,mobile,North,electronics,Amazon,Jan 02 2024 01:30,0
T1941,C475,80.78,,0,41.29,1,pos,North,shopping,Target,2024/01/01 10:53,0
T1942,C472,105.39,35.0,0,93.78,0,mobile,North,grocery,BestBuy,Jan 01 2024 13:51,0
T1943,C325,177.04,61.0,1,96.06,0,web,West,electronics,Target,Jan 01 2024 19:45,0
T1944,C330,23.12,27.0,0,165.28,0,pos,West,grocery,Starbucks,2024/01/01 01:39,0
T1945,C199,1.11,22.0,0,64.33,0,mobile,East,shopping,Target,Jan 01 2024 12:59,0
T1946,C153,14.72,26.0,0,86.9,1,web,East,food,,02/01/2024 02:38,0
T1947,C303,230.28,19.0,0,-16.8,0,mobile,West,electronics,Target,Jan 01 2024 01:50,0
T1948,C445,207.06,,0,186.74,0,pos,South,travel,Starbucks,01/01/2024 16:57,0
T1949,C490,90.98,55.0,0,46.48,0,mobile,North,travel,Amazon,01/01/2024 16:25,0
T1950,C197,91.76,,0,116.35,0,mobile,East,grocery,Target,2024/01/01 19:00,0
T1951,C182,109.37,27.0,0,94.93,0,web,West,food,Amazon,2024/01/01 11:15,0
T1952,C459,19.28,67.0,0,95.1,0,pos,North,travel,Walmart,2024-01-01 23:07:42,0
T1953,C383,245.82,,0,140.49,1,mobile,North,travel,BestBuy,2024/01/01 01:31,0
T1954,C308,54.26,53.0,0,183.56,0,web,West,electronics,Walmart,2024/01/01 11:06,0
T1955,C208,2415.5,38.0,0,112.57,0,pos,South,,Starbucks,2024/01/01 07:57,0
T1956,C485,73.17,,0,132.75,0,web,South,,Starbucks,2024-01-01 20:56:04,0
T1957,C445,4.81,64.0,0,116.44,0,pos,East,grocery,Amazon,Jan 02 2024 02:00,0
T1958,C176,18.19,23.0,0,150.88,0,web,West,travel,Amazon,02/01/2024 00:35,0
T1959,C495,133.95,65.0,1,76.85,0,web,East,electronics,Target,01/01/2024 04:14,0
T1960,C352,8.64,66.0,1,153.77,0,web,South,shopping,Walmart,2024-01-01 08:44:31,0
T1961,C179,92.42,20.0,1,155.52,0,mobile,East,travel,Amazon,01/01/2024 02:09,0
T1962,C380,28.15,27.0,1,154.13,0,mobile,East,grocery,Amazon,2024-01-01 02:25:41,0
T1963,C439,49.31,22.0,0,66.99,0,web,South,grocery,Amazon,01/01/2024 18:45,0
T1964,C301,34.07,63.0,1,91.58,0,pos,North,grocery,BestBuy,2024/01/01 14:15,0
T1965,C342,43.95,43.0,0,111.97,0,web,North,travel,Amazon,2024-01-01 07:32:21,0
T1966,C483,126.96,38.0,1,31.46,0,mobile,South,shopping,BestBuy,Jan 01 2024 13:44,0
T1967,C320,35.26,62.0,0,179.75,0,pos,North,food,,2024-01-01 20:15:00,0
T1968,C496,83.56,43.0,0,99.39,0,mobile,West,,Target,01/01/2024 02:48,0
T1969,C484,64.64,,1,114.2,0,web,North,shopping,Walmart,02/01/2024 01:03,0
T1970,C302,108.97,61.0,0,71.15,0,mobile,South,electronics,Amazon,Jan 01 2024 00:30,0
T1971,C139,276.19,43.0,0,33.66,0,mobile,West,electronics,BestBuy,01/01/2024 05:33,0
T1972,C326,131.89,25.0,0,69.8,0,mobile,East,shopping,Amazon,01/01/2024 00:18,0
T1973,C215,24.2,22.0,0,110.96,1,web,South,electronics,Amazon,2024/01/01 09:34,0
T1974,C380,3.17,32.0,2,133.67,0,mobile,South,electronics,BestBuy,Jan 01 2024 13:51,0
T1975,C269,30.42,33.0,0,108.09,0,web,North,grocery,Amazon,2024/01/01 06:23,0
T1976,C179,90.41,18.0,0,117.34,0,web,West,travel,Walmart,2024-01-01 00:40:12,0
T1977,C328,5.28,33.0,0,83.15,0,mobile,South,,Starbucks,01/01/2024 22:02,0
T1978,C256,68.59,54.0,0,124.81,0,pos,West,,Target,Jan 02 2024 03:31,0
T1979,C170,90.84,20.0,1,174.14,0,mobile,West,travel,Amazon,01/01/2024 03:38,0
T1980,C161,40.68,69.0,0,135.24,0,mobile,North,shopping,BestBuy,01/01/2024 03:12,0
T1981,C350,147.36,64.0,0,140.48,0,mobile,South,grocery,Walmart,2024/01/01 20:50,0
T1982,C340,11.27,48.0,0,114.7,0,pos,West,,Amazon,Jan 01 2024 07:29,0
T1983,C112,7.81,30.0,0,24.84,0,pos,West,,Starbucks,01/01/2024 01:06,0
T1984,C247,130.26,33.0,0,47.77,0,web,East,grocery,Starbucks,Jan 01 2024 10:17,0
T1985,C252,68.42,60.0,2,122.74,0,pos,North,food,BestBuy,2024-01-01 17:34:45,0
T1986,C257,116.6,38.0,1,99.45,0,pos,South,travel,,2024-01-02 00:45:06,0
T1987,C340,57.06,19.0,0,121.99,0,mobile,West,electronics,Amazon,2024-01-01 14:11:50,0
T1988,C294,28.29,44.0,0,183.82,0,web,North,travel,Amazon,2024-01-02 01:00:48,0
T1989,C305,170.98,55.0,0,136.3,0,web,South,travel,Starbucks,2024-01-01 07:59:57,0
T1990,C337,160.65,43.0,1,162.94,0,pos,West,travel,Amazon,01/01/2024 02:33,0
T1991,C301,5932.0,55.0,0,104.73,0,pos,South,food,Amazon,2024/01/01 06:19,0
T1992,C387,31.77,63.0,0,59.64,0,mobile,South,electronics,Amazon,01/01/2024 07:39,0
T1993,C234,89.22,42.0,0,97.11,0,pos,North,travel,Amazon,2024-01-01 01:55:10,0
T1994,C331,44.78,28.0,0,59.76,0,pos,North,travel,BestBuy,2024/01/01 01:04,0
T1995,C347,9.61,25.0,0,177.91,0,web,East,grocery,Starbucks,01/01/2024 04:03,0
T1996,C144,249.27,,0,139.52,0,pos,East,travel,Target,01/01/2024 23:39,0
T1997,C159,14.71,50.0,0,126.03,0,mobile,East,grocery,BestBuy,2024/01/01 07:56,0
T1998,C217,300.05,,0,161.8,0,web,West,electronics,Amazon,2024/01/01 12:34,0
T1999,C393,59.06,55.0,0,-1.0,1,web,East,,Target,2024/01/01 20:49,0
T2000,C471,20.47,38.0,0,129.41,1,pos,South,electronics,Walmart,Jan 01 2024 17:15,0
T2001,C373,78.07,25.0,0,34.47,0,mobile,North,grocery,Target,2024/01/01 15:00,0
T2002,C369,206.31,68.0,1,99.64,1,web,South,food,,2024/01/02 01:17,0
T2003,C420,131.76,38.0,0,84.41,0,mobile,North,food,Starbucks,2024-01-01 12:16:51,0
T2004,C194,164.28,37.0,0,133.09,1,mobile,North,travel,BestBuy,2024/01/01 13:15,0
T2005,C446,107.52,25.0,0,111.41,0,pos,South,electronics,Starbucks,2024-01-01 05:38:20,0
T2006,C481,117.86,63.0,0,167.26,0,mobile,South,shopping,Starbucks,2024/01/01 20:17,0
T2007,C361,189.18,48.0,0,69.91,0,web,West,travel,Starbucks,01/01/2024 09:40,0
T2008,C207,28.72,67.0,0,135.46,0,pos,North,food,Walmart,2024-01-01 02:27:08,0
T2009,C339,67.22,46.0,0,108.11,0,web,East,food,Target,2024-01-01 18:00:37,0
T2010,C461,25.0,65.0,0,18.24,0,mobile,West,electronics,BestBuy,01/01/2024 01:54,0
T2011,C387,439.56,26.0,0,54.07,1,mobile,East,grocery,BestBuy,01/01/2024 05:34,0
T2012,C302,288.35,32.0,0,92.51,0,pos,West,travel,Starbucks,Jan 01 2024 08:43,0
T2013,C215,4.02,47.0,0,155.61,0,pos,North,grocery,Walmart,01/01/2024 23:27,0
T2014,C160,122.27,43.0,0,123.19,0,web,South,food,Walmart,Jan 01 2024 08:18,0
T2015,C297,259.36,27.0,0,41.62,0,web,South,electronics,Amazon,01/01/2024 18:56,0
T2016,C129,19.92,46.0,0,92.98,0,mobile,North,,Walmart,Jan 02 2024 00:21,0
T2017,C309,83.92,33.0,0,200.89,0,pos,South,electronics,Starbucks,Jan 01 2024 06:27,0
T2018,C261,247.09,53.0,0,105.56,0,mobile,North,shopping,Starbucks,Jan 01 2024 03:26,0
T2019,C420,3.45,37.0,0,83.63,0,mobile,North,grocery,Target,Jan 01 2024 00:04,0
T2020,C318,119.54,62.0,0,124.59,0,web,North,travel,Starbucks,Jan 01 2024 05:23,0
T2021,C435,35.29,54.0,0,138.17,0,web,West,electronics,Target,2024-01-01 06:43:12,0
T2022,C218,258.22,39.0,0,77.19,0,web,South,shopping,Walmart,2024/01/01 04:22,0
T2023,C426,354.25,24.0,0,125.13,0,pos,West,shopping,Amazon,2024/01/02 02:09,0
T2024,C230,288.72,40.0,0,83.56,1,web,East,grocery,BestBuy,2024-01-01 13:58:41,0
T2025,C393,64.29,58.0,0,135.97,1,pos,North,electronics,Starbucks,Jan 01 2024 22:32,0
T2026,C360,198.08,57.0,0,108.48,0,mobile,South,,Walmart,2024-01-01 03:25:16,0
T2027,C445,186.14,46.0,0,124.1,0,pos,East,travel,Starbucks,Jan 01 2024 13:35,0
T2028,C145,38.43,33.0,0,62.04,0,web,North,travel,Target,2024/01/01 22:39,0
T2029,C386,176.56,55.0,0,58.94,0,pos,East,food,Walmart,02/01/2024 03:46,0
T2030,C166,3.77,45.0,0,147.27,0,pos,West,food,BestBuy,2024-01-02 01:12:51,0
T2031,C215,90.7,65.0,0,96.03,0,web,West,electronics,Target,2024-01-02 00:08:39,0
T2032,C310,26.14,55.0,0,114.25,0,web,South,travel,Walmart,2024-01-02 02:00:53,0
T2033,C247,12.85,48.0,0,84.68,0,mobile,East,shopping,,Jan 01 2024 15:52,0
T2034,C448,8.01,31.0,0,144.94,0,pos,East,travel,Target,2024/01/01 01:35,0
T2035,C326,119.17,50.0,0,69.61,0,mobile,West,electronics,BestBuy,01/01/2024 01:40,0
T2036,C187,41.53,26.0,0,93.22,0,mobile,West,travel,Walmart,01/01/2024 15:37,0
T2037,C220,129.01,44.0,1,139.3,0,pos,South,grocery,Target,Jan 01 2024 20:17,0
T2038,C216,6.76,41.0,0,158.65,0,mobile,North,travel,Amazon,01/01/2024 14:42,0
T2039,C222,37.88,30.0,1,73.81,0,pos,South,shopping,,2024-01-01 03:12:33,0
T2040,C432,77.54,43.0,0,197.98,1,mobile,West,electronics,,02/01/2024 02:07,0
T2041,C303,156.41,46.0,1,115.66,0,mobile,South,electronics,,01/01/2024 10:08,0
T2042,C474,38.38,68.0,0,47.85,1,pos,North,shopping,Walmart,Jan 01 2024 08:16,0
T2043,C475,98.32,66.0,0,118.45,0,web,West,electronics,Starbucks,2024-01-01 20:31:44,0
T2044,C246,217.14,60.0,0,80.85,1,pos,North,travel,Walmart,2024-01-01 14:46:32,0
T2045,C376,95.68,45.0,0,121.7,0,web,South,electronics,BestBuy,2024/01/01 01:42,0
T2046,C164,26.52,45.0,0,97.86,0,pos,North,travel,Walmart,2024/01/01 11:21,0
T2047,C113,2.47,25.0,2,103.71,0,pos,West,electronics,Target,2024-01-01 20:50:40,0
T2048,C457,10205.0,40.0,0,54.42,0,web,West,travel,Target,2024/01/02 02:57,0
T2049,C123,2.15,,1,149.5,0,web,North,travel,BestBuy,2024/01/02 02:19,0
T2050,C291,207.71,22.0,0,42.19,0,pos,South,shopping,Walmart,2024-01-01 23:51:59,0
T2051,C426,75.28,,0,44.56,0,pos,South,shopping,BestBuy,Jan 01 2024 12:13,0
T2052,C373,279.8,24.0,1,118.37,0,pos,South,food,Starbucks,2024-01-01 20:37:38,0
T2053,C173,160.34,59.0,0,180.14,0,web,South,shopping,Walmart,01/01/2024 16:54,0
T2054,C259,618.22,53.0,0,82.37,0,pos,East,travel,Target,Jan 01 2024 03:13,0
T2055,C209,43.19,58.0,0,135.05,0,web,East,travel,Amazon,2024/01/01 12:23,0
T2056,C450,145.75,44.0,0,153.67,0,mobile,North,electronics,Target,2024-01-02 03:39:25,0
T2057,C290,51.4,63.0,0,140.73,0,web,East,electronics,Walmart,Jan 01 2024 19:40,0
T2058,C155,65.37,19.0,0,84.44,0,mobile,East,food,Walmart,2024-01-01 05:21:10,0
T2059,C428,98.75,42.0,0,45.45,1,pos,East,travel,Walmart,2024-01-01 05:55:26,0
T2060,C444,206.89,,0,-10.38,0,pos,North,food,Walmart,Jan 02 2024 02:15,0
T2061,C303,414.04,44.0,0,86.86,0,web,East,travel,Starbucks,2024/01/01 05:58,0
T2062,C370,146.22,18.0,0,158.9,0,mobile,South,shopping,Amazon,01/01/2024 15:59,0
T2063,C155,54.09,40.0,0,43.79,0,pos,South,electronics,Target,2024-01-01 12:46:00,0
T2064,C323,54.71,27.0,0,135.01,0,pos,North,food,Starbucks,Jan 01 2024 06:45,0
T2065,C196,133.78,59.0,0,52.49,0,mobile,North,grocery,BestBuy,2024/01/01 22:38,0
T2066,C351,27.28,69.0,0,105.3,0,pos,North,travel,Walmart,01/01/2024 10:43,0
T2067,C204,11.71,42.0,0,135.39,1,pos,West,shopping,Target,01/01/2024 23:14,0
T2068,C490,43.79,20.0,0,67.03,0,web,East,,BestBuy,2024/01/01 23:58,0
T2069,C263,33.86,23.0,0,108.52,0,pos,North,shopping,Amazon,2024/01/01 14:05,0
T2070,C322,35.14,23.0,1,79.25,0,mobile,North,shopping,Target,2024-01-01 07:48:48,0
T2071,C160,26.61,19.0,0,135.26,0,pos,North,travel,Starbucks,Jan 02 2024 01:08,0
T2072,C398,4.3,35.0,0,111.77,0,web,South,shopping,BestBuy,2024/01/02 00:35,0
T2073,C255,1.8,40.0,1,102.83,0,pos,North,food,Target,2024/01/01 12:43,0
T2074,C342,440.0,19.0,0,177.92,0,mobile,South,grocery,Starbucks,2024/01/01 23:45,0
T2075,C440,55.82,29.0,0,133.12,0,pos,South,shopping,,02/01/2024 00:47,0
T2076,C479,48.5,39.0,0,65.48,0,mobile,West,shopping,,2024-01-01 15:38:36,0
T2077,C378,113.83,54.0,0,95.71,0,web,North,electronics,,2024/01/01 07:09,0
T2078,C177,24.62,37.0,0,96.21,1,pos,West,electronics,BestBuy,01/01/2024 18:31,0
T2079,C169,299.5,,0,104.02,1,pos,North,food,BestBuy,01/01/2024 01:32,0
T2080,C264,154.34,41.0,0,226.23,0,web,East,electronics,BestBuy,Jan 01 2024 06:36,0
T2081,C279,9.37,65.0,0,118.54,0,mobile,North,shopping,Walmart,Jan 01 2024 01:58,0
T2082,C454,54.06,37.0,0,-1.8,0,mobile,North,,Walmart,Jan 01 2024 13:10,0
T2083,C159,211.29,18.0,0,72.86,0,pos,North,grocery,Starbucks,2024/01/01 16:48,0
T2084,C234,289.56,,1,3.38,0,mobile,North,electronics,Target,2024/01/01 22:44,0
T2085,C475,63.0,34.0,0,83.51,0,mobile,North,travel,Starbucks,Jan 01 2024 20:43,0
T2086,C252,95.04,18.0,0,0.63,0,pos,North,electronics,Walmart,2024/01/01 15:13,0
T2087,C474,18.28,69.0,0,56.42,1,mobile,West,shopping,Target,2024/01/01 20:35,0
T2088,C114,472.94,62.0,1,23.96,0,mobile,East,,BestBuy,2024/01/02 03:06,0
T2089,C295,26.35,47.0,0,119.21,0,pos,West,electronics,Starbucks,01/01/2024 00:19,0
T2090,C127,286.0,58.0,1,100.03,0,pos,East,grocery,Starbucks,2024-01-01 10:54:15,0
T2091,C442,104.88,64.0,1,115.15,1,mobile,West,electronics,Starbucks,2024/01/01 14:37,0
T2092,C349,93.58,20.0,1,94.77,0,pos,West,food,,01/01/2024 08:12,0
T2093,C336,71.89,63.0,0,30.29,1,mobile,North,shopping,Target,01/01/2024 23:43,0
T2094,C494,26.22,28.0,1,125.68,0,mobile,West,shopping,BestBuy,Jan 01 2024 01:33,0
T2095,C445,19.42,41.0,0,196.11,0,mobile,East,travel,Walmart,2024/01/01 04:11,0
T2096,C253,24.91,39.0,0,120.46,0,mobile,South,shopping,BestBuy,2024-01-01 02:13:36,0
T2097,C246,20.63,61.0,1,78.7,0,pos,East,travel,Amazon,02/01/2024 02:51,0
T2098,C190,151.22,62.0,1,28.6,0,pos,West,shopping,Amazon,2024-01-01 07:25:25,0
T2099,C223,43.1,43.0,0,54.6,0,web,South,electronics,BestBuy,2024-01-01 09:40:25,0
T2100,C232,5.96,30.0,1,122.65,1,pos,North,electronics,Amazon,2024-01-01 12:14:32,1
T2101,C458,347.71,18.0,0,153.66,0,web,South,food,Target,2024/01/01 05:13,0
T2102,C398,215.23,41.0,0,113.04,0,mobile,North,,Target,2024/01/01 10:20,0
T2103,C130,262.77,27.0,0,139.99,0,pos,East,grocery,Walmart,2024/01/01 06:20,0
T2104,C263,528.0,,0,135.38,0,mobile,South,,BestBuy,Jan 01 2024 16:03,0
T2105,C124,19.1,41.0,0,125.33,0,web,South,travel,Walmart,2024/01/01 10:23,0
T2106,C326,50.46,45.0,0,67.08,0,pos,South,food,Target,2024-01-01 03:55:42,0
T2107,C321,7098.999999999999,53.0,0,108.7,0,pos,North,grocery,Target,Jan 01 2024 04:49,0
T2108,C269,119.08,33.0,0,57.58,0,pos,North,grocery,Target,2024/01/01 01:02,0
T2109,C270,16.71,57.0,0,100.87,0,pos,East,,Starbucks,2024/01/02 03:34,0
T2110,C477,169.19,33.0,0,116.54,0,mobile,East,travel,Amazon,2024/01/01 04:15,0
T2111,C303,25.42,34.0,1,183.94,0,pos,West,electronics,Walmart,01/01/2024 13:04,0
T2112,C146,25.34,68.0,0,34.51,0,web,North,electronics,Walmart,Jan 01 2024 12:26,0
T2113,C199,77.0,32.0,0,124.08,1,pos,East,shopping,Target,Jan 02 2024 03:16,0
T2114,C179,89.88,33.0,0,174.06,0,web,South,electronics,Starbucks,2024/01/02 03:05,0
T2115,C251,86.77,32.0,1,137.94,1,web,South,grocery,Walmart,Jan 01 2024 00:20,0
T2116,C114,9.59,51.0,0,141.65,0,mobile,South,electronics,Walmart,2024/01/01 15:36,0
T2117,C207,209.93,28.0,0,129.38,0,pos,East,electronics,Starbucks,2024/01/01 12:02,0
T2118,C466,30.87,18.0,0,164.92,0,web,South,grocery,,2024/01/01 05:11,0
T2119,C123,13.87,32.0,0,45.63,0,pos,South,,Starbucks,Jan 01 2024 10:44,0
T2120,C307,219.6,43.0,0,30.7,0,mobile,North,travel,,02/01/2024 00:34,0
T2121,C127,311.57,68.0,1,99.68,1,mobile,North,grocery,,2024/01/01 14:32,0
T2122,C361,198.14,21.0,0,-8.06,0,pos,East,grocery,Amazon,Jan 01 2024 19:01,0
T2123,C290,165.82,60.0,0,161.53,0,web,North,food,Walmart,2024-01-01 06:18:42,0
T2124,C188,5324.5,22.0,0,161.04,0,mobile,West,food,Amazon,Jan 01 2024 03:51,0
T2125,C284,80.04,52.0,2,78.33,0,web,East,,Walmart,01/01/2024 15:51,0
T2126,C477,9.1,30.0,0,81.46,0,web,West,,Target,2024-01-01 07:09:32,0
T2127,C274,52.5,27.0,0,96.38,1,pos,West,food,BestBuy,Jan 02 2024 03:18,0
T2128,C256,46.63,28.0,0,102.6,0,mobile,East,electronics,Starbucks,Jan 01 2024 10:00,0
T2129,C476,30.08,35.0,0,106.36,1,pos,North,,Walmart,2024/01/02 01:19,0
T2130,C251,128.53,51.0,0,127.91,0,pos,North,travel,Starbucks,Jan 02 2024 02:23,0
T2131,C178,68.49,56.0,0,91.37,0,pos,East,,Walmart,01/01/2024 17:49,0
T2132,C267,8.45,58.0,0,147.16,0,web,West,food,BestBuy,2024-01-01 13:17:36,0
T2133,C296,24.87,59.0,0,122.3,0,pos,East,travel,Target,2024/01/01 09:56,0
T2134,C383,114.97,67.0,0,69.65,0,mobile,East,shopping,Target,2024-01-01 19:01:15,0
T2135,C198,7.92,40.0,0,166.76,0,web,South,grocery,Starbucks,2024-01-02 02:41:26,0
T2136,C105,190.52,24.0,0,32.09,1,pos,South,travel,,2024/01/01 03:14,0
T2137,C451,68.35,56.0,0,95.39,0,mobile,West,shopping,Starbucks,2024/01/02 02:25,0
T2138,C363,65.51,20.0,0,148.35,1,pos,North,electronics,Target,2024-01-01 17:06:12,0
T2139,C500,89.75,29.0,0,63.85,0,pos,South,shopping,Amazon,01/01/2024 22:12,0
T2140,C414,174.11,24.0,0,115.48,0,pos,South,travel,Starbucks,Jan 01 2024 02:30,0
T2141,C266,2137.0,,0,127.17,0,web,West,electronics,Walmart,Jan 02 2024 03:00,0
T2142,C289,113.33,43.0,0,56.97,0,pos,East,electronics,Target,2024-01-01 03:03:48,0
T2143,C134,83.41,50.0,0,96.38,0,mobile,South,,Walmart,2024-01-01 09:35:20,0
T2144,C471,31.06,54.0,0,92.17,0,pos,North,shopping,BestBuy,Jan 01 2024 08:13,0
T2145,C244,210.89,65.0,0,72.41,0,pos,West,travel,Target,Jan 01 2024 15:43,0
T2146,C142,159.67,32.0,0,215.08,0,web,South,electronics,Target,2024-01-01 05:00:50,0
T2147,C225,107.43,19.0,0,61.84,0,pos,West,food,Starbucks,Jan 01 2024 17:56,0
T2148,C481,190.1,58.0,0,150.25,0,mobile,South,,Starbucks,01/01/2024 18:43,0
T2149,C223,201.96,24.0,0,80.36,0,mobile,South,food,Walmart,2024-01-01 01:14:21,0
T2150,C220,123.22,49.0,0,45.67,0,pos,West,food,,01/01/2024 10:33,0
T2151,C225,181.41,21.0,0,105.14,0,mobile,North,electronics,Amazon,2024-01-01 00:35:18,0
T2152,C360,119.56,37.0,0,132.45,1,mobile,North,travel,Target,01/01/2024 21:42,0
T2153,C210,113.99,67.0,1,146.03,0,pos,East,food,BestBuy,2024/01/01 10:39,0
T2154,C463,96.39,53.0,0,178.11,0,mobile,South,,Target,01/01/2024 11:45,0
T2155,C407,139.72,49.0,0,247.26,0,mobile,East,shopping,Walmart,2024/01/02 01:50,0
T2156,C109,17.27,45.0,1,112.53,0,pos,West,,Starbucks,2024-01-01 02:02:38,0
T2157,C202,212.75,30.0,0,66.85,0,web,East,grocery,Target,2024-01-01 11:40:30,0
T2158,C331,205.45,18.0,1,122.64,0,web,West,electronics,Starbucks,Jan 01 2024 23:14,0
T2159,C448,2.97,52.0,1,86.69,0,pos,North,grocery,Walmart,2024/01/02 01:37,0
T2160,C401,174.76,65.0,0,146.3,0,web,West,shopping,Starbucks,2024/01/02 02:06,0
T2161,C380,13.8,47.0,0,35.14,0,web,West,travel,BestBuy,01/01/2024 15:38,0
T2162,C428,40.81,53.0,0,218.42,0,web,East,shopping,Walmart,01/01/2024 08:18,0
T2163,C457,136.07,42.0,0,142.8,1,web,South,electronics,Target,2024/01/01 17:33,0
T2164,C233,17.53,33.0,0,15.8,0,pos,East,grocery,,2024-01-01 12:20:47,0
T2165,C303,170.36,36.0,0,64.55,0,web,North,,BestBuy,2024/01/01 08:46,0
T2166,C152,178.46,18.0,0,140.8,0,web,North,electronics,Amazon,Jan 01 2024 07:38,0
T2167,C135,70.82,22.0,0,158.82,0,pos,North,electronics,Starbucks,Jan 01 2024 05:44,0
T2168,C378,0.64,68.0,0,36.39,1,pos,South,shopping,Target,Jan 02 2024 03:41,0
T2169,C113,33.83,39.0,0,135.65,0,web,East,food,BestBuy,2024-01-01 08:18:47,0
T2170,C382,95.95,41.0,0,2.63,0,mobile,West,grocery,Starbucks,01/01/2024 03:13,0
T2171,C407,397.32,60.0,0,95.53,0,pos,West,electronics,Walmart,01/01/2024 07:10,0
T2172,C163,99.92,62.0,0,155.6,0,pos,South,shopping,BestBuy,Jan 01 2024 23:47,0
T2173,C385,30.08,69.0,0,72.42,0,web,North,food,Walmart,2024-01-01 17:38:44,0
T2174,C494,100.51,54.0,0,24.65,1,mobile,South,travel,Walmart,01/01/2024 20:07,0
T2175,C144,77.65,53.0,1,107.31,0,pos,West,electronics,Walmart,2024-01-01 10:38:09,0
T2176,C439,151.34,,0,69.76,0,pos,North,food,Starbucks,2024-01-01 21:13:31,0
T2177,C481,11.31,21.0,0,131.48,0,pos,South,travel,Amazon,2024-01-01 00:07:05,0
T2178,C214,143.14,53.0,0,55.73,0,mobile,West,travel,Walmart,Jan 01 2024 08:30,0
T2179,C247,77.93,69.0,0,61.37,0,pos,West,shopping,Target,Jan 01 2024 22:17,0
T2180,C151,329.66,35.0,0,-1.05,0,pos,South,grocery,Starbucks,Jan 01 2024 20:07,0
T2181,C134,41.84,67.0,0,108.5,0,mobile,West,,,2024-01-01 01:56:48,0
T2182,C426,100.14,33.0,1,91.95,0,pos,East,food,Walmart,2024/01/01 11:26,0
T2183,C475,268.87,58.0,0,40.58,0,mobile,East,,Target,01/01/2024 02:26,0
T2184,C374,10.82,35.0,1,109.69,0,mobile,North,,BestBuy,Jan 01 2024 03:30,0
T2185,C191,276.83,39.0,0,151.35,0,mobile,East,travel,Starbucks,02/01/2024 03:21,0
T2186,C229,116.44,,0,89.22,0,web,East,electronics,Walmart,01/01/2024 07:01,0
T2187,C495,7.02,38.0,0,113.41,0,pos,South,electronics,Walmart,Jan 01 2024 03:39,0
T2188,C481,35.81,53.0,0,113.67,0,pos,North,shopping,Amazon,2024-01-01 02:30:15,0
T2189,C279,123.16,61.0,0,39.78,1,pos,South,electronics,Amazon,2024/01/01 16:25,0
T2190,C481,6.97,56.0,0,202.83,1,mobile,South,electronics,BestBuy,2024-01-01 21:01:45,0
T2191,C439,87.27,64.0,2,76.46,1,web,East,electronics,BestBuy,2024-01-01 04:31:13,0
T2192,C438,42.45,56.0,0,132.81,1,mobile,East,grocery,BestBuy,01/01/2024 07:54,0
T2193,C235,97.0,46.0,0,138.46,0,pos,West,food,BestBuy,Jan 01 2024 23:05,0
T2194,C166,4.68,43.0,0,93.02,1,mobile,West,food,Walmart,2024-01-01 17:08:43,0
T2195,C477,205.21,,0,130.34,1,web,North,electronics,,01/01/2024 06:52,0
T2196,C167,363.02,34.0,1,112.29,0,pos,East,food,Walmart,Jan 01 2024 23:45,0
T2197,C200,346.98,33.0,1,29.12,0,mobile,West,electronics,,Jan 01 2024 22:13,0
T2198,C126,138.49,48.0,2,83.39,0,web,South,food,BestBuy,Jan 01 2024 20:55,0
T2199,C136,13.94,68.0,0,69.37,0,mobile,East,,Target,2024/01/01 10:18,0
T2200,C418,141.99,26.0,0,76.91,0,mobile,North,travel,Starbucks,Jan 01 2024 06:40,0
T2201,C409,2.49,48.0,0,34.8,0,pos,North,grocery,Starbucks,Jan 01 2024 22:43,0
T2202,C456,2.24,31.0,0,156.32,0,web,South,travel,Walmart,2024-01-01 00:40:35,0
T2203,C198,39.1,66.0,0,180.1,0,mobile,West,travel,Starbucks,Jan 01 2024 00:12,0
T2204,C424,67.07,54.0,1,148.9,0,web,South,food,Walmart,Jan 01 2024 09:08,0
T2205,C448,147.14,19.0,0,163.53,1,pos,West,shopping,BestBuy,Jan 01 2024 16:18,0
T2206,C386,114.98,69.0,0,82.77,0,pos,East,shopping,Target,Jan 01 2024 13:39,0
T2207,C155,59.04,65.0,0,68.19,1,pos,North,grocery,Walmart,02/01/2024 03:18,0
T2208,C322,31.97,63.0,0,61.07,0,web,West,electronics,Amazon,01/01/2024 02:09,0
T2209,C425,585.15,31.0,0,132.2,0,web,South,food,Amazon,01/01/2024 04:50,0
T2210,C283,55.54,50.0,0,111.35,0,mobile,East,,BestBuy,2024-01-01 19:37:38,0
T2211,C108,60.04,52.0,0,96.14,0,web,West,travel,Target,Jan 01 2024 08:25,0
T2212,C393,17.87,56.0,0,164.76,0,pos,East,food,Walmart,Jan 01 2024 11:53,0
T2213,C146,158.38,,0,120.25,0,mobile,East,travel,BestBuy,2024/01/01 11:22,0
T2214,C199,118.31,68.0,0,58.07,0,web,South,grocery,Target,01/01/2024 16:39,0
T2215,C461,24.94,37.0,0,65.95,0,pos,South,shopping,Amazon,2024-01-01 15:49:53,0
T2216,C320,8.6,19.0,0,134.1,0,pos,East,,Walmart,2024/01/01 06:25,0
T2217,C338,114.1,,1,152.09,0,mobile,East,food,Target,2024/01/01 15:25,0
T2218,C344,106.28,58.0,0,127.58,0,pos,West,food,Starbucks,2024/01/01 19:01,0
T2219,C128,31.92,,0,194.84,0,web,South,electronics,Walmart,2024/01/02 01:16,0
T2220,C271,301.32,54.0,0,181.75,0,pos,West,shopping,Starbucks,2024/01/01 21:58,0
T2221,C355,16.38,35.0,1,122.05,1,mobile,North,food,BestBuy,Jan 01 2024 12:53,0
T2222,C310,56.62,33.0,0,58.07,0,pos,West,shopping,Target,2024/01/02 00:59,0
T2223,C217,287.56,21.0,0,34.5,1,pos,East,food,,Jan 01 2024 10:31,0
T2224,C101,54.43,29.0,0,80.63,0,web,North,shopping,Target,2024-01-01 18:31:09,0
T2225,C473,101.76,46.0,0,137.66,0,web,West,grocery,Target,2024-01-01 10:16:46,0
T2226,C423,50.68,,0,191.33,0,web,North,shopping,Walmart,01/01/2024 01:36,0
T2227,C331,32.05,31.0,0,120.87,0,web,South,travel,Starbucks,2024/01/01 08:01,0
T2228,C197,413.38,29.0,0,158.44,0,pos,West,grocery,Starbucks,01/01/2024 15:28,0
T2229,C465,52.65,52.0,0,87.73,0,web,West,food,,Jan 01 2024 22:15,0
T2230,C310,224.53,22.0,0,131.14,0,pos,South,food,BestBuy,02/01/2024 00:26,0
T2231,C121,26.13,34.0,0,141.17,0,web,West,electronics,Target,01/01/2024 21:31,0
T2232,C259,23.97,59.0,0,1.02,1,web,North,travel,Amazon,Jan 01 2024 15:57,0
T2233,C170,3.16,,0,79.33,0,web,South,electronics,Amazon,Jan 01 2024 12:37,0
T2234,C398,105.46,27.0,0,147.49,1,pos,North,grocery,Target,2024-01-01 21:22:19,0
T2235,C219,45.97,60.0,0,113.72,0,web,West,electronics,Starbucks,2024-01-01 22:52:20,0
T2236,C348,199.77,34.0,0,40.17,0,pos,West,grocery,BestBuy,01/01/2024 20:57,0
T2237,C106,64.1,22.0,0,-21.51,0,web,West,electronics,Walmart,2024-01-01 09:53:23,0
T2238,C397,344.81,62.0,0,81.71,0,web,West,shopping,Amazon,Jan 01 2024 18:47,0
T2239,C118,20.52,59.0,1,96.42,1,mobile,North,grocery,,01/01/2024 11:03,0
T2240,C401,202.97,26.0,0,55.8,0,web,West,grocery,Amazon,2024-01-01 06:37:34,0
T2241,C140,149.88,66.0,0,107.15,0,pos,South,shopping,Starbucks,2024/01/02 01:31,0
T2242,C397,147.37,50.0,1,125.32,1,mobile,South,shopping,Starbucks,Jan 01 2024 05:12,1
T2243,C193,186.29,53.0,2,133.53,0,pos,East,travel,Target,2024-01-02 02:13:26,0
T2244,C470,143.14,53.0,1,-17.8,0,pos,South,shopping,Target,01/01/2024 14:26,0
T2245,C230,98.41,35.0,1,34.29,0,mobile,East,electronics,Amazon,2024/01/01 21:37,0
T2246,C322,14.07,26.0,0,84.77,0,web,South,shopping,Amazon,Jan 01 2024 00:24,0
T2247,C353,3.31,46.0,0,128.61,0,mobile,South,shopping,BestBuy,Jan 01 2024 16:12,0
T2248,C224,253.64,67.0,0,124.46,0,pos,West,grocery,Target,2024-01-01 03:48:02,0
T2249,C219,95.88,31.0,0,123.59,0,web,South,grocery,Starbucks,2024-01-01 21:51:58,0
T2250,C326,159.23,,0,80.83,0,mobile,West,shopping,BestBuy,Jan 01 2024 00:31,0
T2251,C318,65.69,32.0,0,83.62,0,pos,West,,BestBuy,2024/01/01 13:06,0
T2252,C271,12.48,23.0,0,63.58,1,web,South,grocery,Walmart,2024-01-01 11:33:29,0
T2253,C319,13.37,59.0,0,138.41,0,pos,North,electronics,Starbucks,01/01/2024 16:26,0
T2254,C376,115.7,46.0,0,53.98,0,web,West,electronics,BestBuy,2024/01/01 09:46,0
T2255,C363,56.27,32.0,0,142.5,0,web,South,shopping,Walmart,2024-01-01 19:55:45,0
T2256,C194,22.38,46.0,0,110.39,0,mobile,North,shopping,Target,Jan 02 2024 02:19,0
T2257,C100,67.65,21.0,0,97.75,0,web,South,travel,Starbucks,01/01/2024 14:17,0
T2258,C145,6.64,35.0,0,67.16,0,pos,South,shopping,Target,2024/01/01 15:56,0
T2259,C455,87.22,67.0,0,32.22,0,web,North,food,Walmart,2024-01-01 08:47:15,0
T2260,C282,31.33,66.0,1,67.62,1,pos,South,food,Starbucks,2024-01-01 11:20:16,0
T2261,C363,159.73,61.0,1,83.5,0,web,West,shopping,Amazon,01/01/2024 15:41,0
T2262,C229,37.16,56.0,0,-18.45,0,web,East,food,,2024-01-01 02:01:22,0
T2263,C386,60.74,33.0,0,90.13,0,mobile,East,electronics,Amazon,Jan 01 2024 22:37,0
T2264,C137,1.17,,1,146.22,0,web,South,shopping,BestBuy,2024/01/01 02:54,0
T2265,C433,7.52,31.0,0,128.36,0,web,East,electronics,Amazon,Jan 01 2024 04:34,0
T2266,C346,49.84,20.0,0,75.19,0,pos,East,electronics,,02/01/2024 02:31,0
T2267,C452,65.38,68.0,0,102.35,0,pos,East,food,BestBuy,01/01/2024 00:57,0
T2268,C358,91.63,67.0,1,72.19,0,pos,West,travel,Walmart,2024/01/01 22:43,0
T2269,C491,34.48,59.0,0,107.44,1,web,West,electronics,Amazon,2024-01-01 10:14:13,0
T2270,C252,118.74,55.0,0,177.01,0,pos,East,food,Starbucks,01/01/2024 11:57,0
T2271,C331,196.7,,0,148.42,0,pos,North,travel,BestBuy,2024-01-02 01:18:58,0
T2272,C330,151.35,59.0,0,126.04,0,web,North,food,Walmart,Jan 01 2024 14:04,0
T2273,C111,4.04,35.0,0,75.36,0,pos,North,food,BestBuy,02/01/2024 02:18,0
T2274,C424,65.49,37.0,1,137.5,0,mobile,West,shopping,Starbucks,01/01/2024 04:13,0
T2275,C102,11.09,,1,15.66,0,mobile,West,,Starbucks,01/01/2024 05:48,0
T2276,C490,27.71,42.0,0,87.38,0,pos,West,travel,Amazon,Jan 02 2024 02:43,0
T2277,C173,431.72,55.0,0,129.19,0,pos,West,food,BestBuy,01/01/2024 21:02,0
T2278,C172,15.37,30.0,0,137.02,0,pos,East,electronics,Starbucks,2024-01-01 19:31:25,0
T2279,C106,69.09,21.0,0,133.49,0,web,West,electronics,Target,01/01/2024 01:24,0
T2280,C438,96.27,31.0,0,114.74,0,mobile,East,grocery,Starbucks,Jan 01 2024 09:20,0
T2281,C316,121.22,50.0,0,90.21,1,mobile,North,travel,Starbucks,2024-01-01 17:03:44,0
T2282,C404,82.02,45.0,0,126.9,0,pos,East,shopping,BestBuy,2024/01/02 01:26,0
T2283,C261,0.98,69.0,0,52.36,0,pos,North,travel,Starbucks,2024/01/02 03:41,0
T2284,C385,39.52,54.0,0,57.77,1,web,West,electronics,Walmart,2024/01/02 00:34,0
T2285,C216,72.92,25.0,0,103.09,0,web,North,electronics,Starbucks,Jan 01 2024 22:54,0
T2286,C355,9.2,61.0,0,108.66,0,mobile,North,shopping,Target,02/01/2024 01:58,0
T2287,C444,43.17,51.0,0,8.72,0,web,East,,Starbucks,2024-01-01 15:56:54,0
T2288,C293,169.0,61.0,0,122.76,0,mobile,North,electronics,Amazon,02/01/2024 02:35,0
T2289,C346,8.18,,1,138.64,1,pos,South,food,BestBuy,01/01/2024 08:27,0
T2290,C246,50.57,22.0,0,96.14,0,pos,North,food,Target,01/01/2024 03:55,0
T2291,C208,14.24,48.0,0,218.72,1,mobile,West,shopping,Walmart,Jan 01 2024 15:59,0
T2292,C154,83.83,62.0,0,65.85,0,pos,North,food,Starbucks,2024/01/01 17:56,0
T2293,C194,116.95,26.0,0,81.95,1,web,South,shopping,Starbucks,01/01/2024 21:05,0
T2294,C430,161.24,59.0,0,80.25,0,pos,East,travel,Walmart,2024/01/01 18:27,0
T2295,C107,22.33,49.0,0,96.19,1,pos,North,travel,Starbucks,2024-01-02 01:13:01,0
T2296,C321,18.33,50.0,0,83.56,1,mobile,South,travel,Amazon,2024/01/01 05:04,0
T2297,C146,11.04,20.0,0,29.66,0,web,West,shopping,Target,2024/01/01 20:31,0
T2298,C453,101.18,47.0,0,72.67,0,web,West,shopping,Starbucks,Jan 01 2024 14:24,0
T2299,C376,122.58,67.0,0,95.12,0,pos,East,food,Walmart,Jan 01 2024 21:13,0
T2300,C313,3.21,29.0,0,161.43,1,pos,West,food,Walmart,01/01/2024 03:05,0
T2301,C276,275.22,46.0,0,210.11,0,web,South,food,Target,01/01/2024 05:42,0
T2302,C163,5.34,,0,166.77,0,web,North,grocery,Amazon,01/01/2024 11:44,0
T2303,C181,77.94,43.0,0,61.23,1,mobile,South,shopping,Target,02/01/2024 02:38,0
T2304,C118,123.46,47.0,0,65.21,0,pos,East,,Starbucks,2024-01-01 21:16:50,0
T2305,C311,204.77,26.0,0,92.03,0,pos,North,travel,Amazon,Jan 02 2024 02:27,0
T2306,C447,125.21,43.0,0,189.23,0,web,South,grocery,Amazon,2024/01/01 04:56,0
T2307,C320,161.81,19.0,0,91.73,0,mobile,East,grocery,Walmart,2024-01-01 03:07:44,0
T2308,C261,41.47,20.0,0,33.62,0,web,East,travel,Amazon,2024-01-01 17:38:54,0
T2309,C306,168.65,63.0,0,74.94,0,pos,North,shopping,Starbucks,Jan 02 2024 00:08,0
T2310,C468,8.35,21.0,0,137.85,0,pos,North,travel,Starbucks,2024-01-01 15:00:25,0
T2311,C172,225.21,42.0,0,134.5,0,pos,West,travel,Starbucks,02/01/2024 00:10,0
T2312,C125,79.32,68.0,0,89.99,0,pos,West,,BestBuy,2024/01/01 22:51,0
T2313,C405,169.99,30.0,0,134.17,0,mobile,North,grocery,Amazon,2024-01-01 00:25:00,0
T2314,C258,60.21,56.0,0,-13.66,0,pos,West,food,Amazon,2024-01-01 11:21:27,0
T2315,C436,103.16,61.0,0,105.19,0,web,North,grocery,Starbucks,Jan 02 2024 02:34,0
T2316,C284,74.74,,1,143.03,0,mobile,West,travel,Walmart,2024-01-01 00:13:34,0
T2317,C300,131.52,40.0,2,58.36,0,mobile,South,food,Amazon,01/01/2024 04:02,0
T2318,C222,8.52,26.0,1,58.18,0,pos,East,travel,BestBuy,2024/01/01 10:30,0
T2319,C133,6.23,19.0,0,6.68,0,mobile,North,shopping,Amazon,2024-01-01 15:59:30,0
T2320,C284,28.38,58.0,0,179.49,0,pos,North,shopping,Target,2024/01/01 21:18,0
T2321,C322,17.38,61.0,0,63.99,1,mobile,North,grocery,BestBuy,01/01/2024 14:43,0
T2322,C124,205.4,48.0,0,112.05,0,mobile,South,food,Walmart,2024-01-01 01:41:26,0
T2323,C286,24.75,61.0,0,130.2,0,web,East,,BestBuy,2024-01-01 03:11:50,0
T2324,C102,372.41,64.0,0,175.6,0,web,West,,BestBuy,2024-01-01 22:07:45,0
T2325,C164,41.08,19.0,0,92.31,1,web,West,shopping,Amazon,2024/01/01 09:40,0
T2326,C299,20.1,49.0,0,73.03,0,mobile,East,shopping,,2024-01-01 14:18:23,0
T2327,C258,155.92,35.0,1,108.65,1,web,West,shopping,Starbucks,Jan 01 2024 03:56,1
T2328,C378,107.5,30.0,0,164.2,0,web,North,grocery,BestBuy,2024-01-01 07:15:13,0
T2329,C402,68.95,63.0,0,91.49,0,web,East,food,Amazon,01/01/2024 08:22,0
T2330,C496,81.05,22.0,0,52.26,0,mobile,South,shopping,Starbucks,2024/01/02 03:41,0
T2331,C244,127.01,59.0,0,22.96,0,pos,East,grocery,Walmart,01/01/2024 22:49,0
T2332,C151,25.94,61.0,0,38.94,0,web,North,food,Target,Jan 01 2024 15:55,0
T2333,C113,560.86,27.0,0,143.22,0,mobile,East,food,BestBuy,01/01/2024 03:43,0
T2334,C253,368.06,60.0,0,83.97,0,mobile,South,electronics,,2024/01/01 03:46,0
T2335,C192,105.08,42.0,1,69.62,0,pos,South,travel,Starbucks,01/01/2024 11:43,0
T2336,C204,22.26,51.0,0,64.2,0,web,East,shopping,Walmart,2024/01/01 02:17,0
T2337,C333,114.01,54.0,0,104.25,0,mobile,East,grocery,Walmart,2024/01/01 08:56,0
T2338,C242,7.49,47.0,0,88.03,0,mobile,West,food,,2024-01-01 00:01:07,0
T2339,C264,3.11,24.0,0,86.34,1,mobile,West,electronics,,2024/01/01 22:48,0
T2340,C208,29.8,,0,167.47,0,pos,North,travel,Amazon,01/01/2024 12:41,0
T2341,C345,62.11,,0,176.9,0,web,West,food,Target,2024-01-01 13:50:34,0
T2342,C356,202.7,30.0,0,19.5,0,mobile,North,food,Target,2024-01-01 03:40:32,0
T2343,C208,129.89,,0,116.38,0,mobile,North,shopping,Starbucks,01/01/2024 21:18,0
T2344,C401,135.75,,0,61.16,0,mobile,East,travel,BestBuy,Jan 01 2024 09:58,0
T2345,C228,55.42,41.0,0,87.59,0,mobile,West,travel,BestBuy,2024-01-01 12:46:42,0
T2346,C179,42.45,23.0,0,115.46,0,web,South,,,Jan 01 2024 11:44,0
T2347,C340,46.37,60.0,0,89.36,0,web,South,electronics,Amazon,2024/01/01 00:53,0
T2348,C136,439.41,66.0,0,111.52,0,mobile,East,grocery,Amazon,Jan 02 2024 03:32,0
T2349,C157,4.09,59.0,0,133.65,0,mobile,South,electronics,BestBuy,01/01/2024 22:39,0
T2350,C255,201.76,29.0,0,114.73,0,mobile,South,grocery,Walmart,01/01/2024 20:14,0
T2351,C275,86.44,66.0,0,67.66,0,pos,East,electronics,Starbucks,2024/01/01 08:14,0
T2352,C175,57.73,53.0,0,68.54,0,pos,South,,Target,02/01/2024 00:45,0
T2353,C167,129.19,19.0,0,28.01,0,pos,East,electronics,Starbucks,2024/01/02 01:52,0
T2354,C486,66.68,28.0,1,57.3,1,mobile,North,grocery,Target,Jan 02 2024 01:14,0
T2355,C478,206.69,56.0,0,198.1,0,pos,West,travel,,01/01/2024 03:52,0
T2356,C342,230.96,51.0,0,60.4,0,web,South,food,BestBuy,02/01/2024 02:42,0
T2357,C233,54.77,43.0,0,40.33,0,pos,East,electronics,Starbucks,2024/01/01 00:43,0
T2358,C195,32.41,35.0,0,116.0,0,mobile,South,electronics,Starbucks,Jan 02 2024 00:16,0
T2359,C383,89.73,38.0,0,94.48,1,web,West,travel,Walmart,Jan 01 2024 17:53,0
T2360,C106,243.46,53.0,0,90.22,1,mobile,South,shopping,Walmart,2024-01-01 00:20:18,0
T2361,C457,23.66,57.0,0,170.45,0,web,North,grocery,Starbucks,Jan 02 2024 00:23,0
T2362,C166,97.54,69.0,0,127.46,0,pos,East,shopping,Walmart,01/01/2024 02:24,0
T2363,C196,99.85,63.0,0,73.5,0,pos,West,electronics,Walmart,2024/01/01 17:37,0
T2364,C162,132.09,61.0,0,78.78,0,web,North,electronics,,2024/01/02 00:03,0
T2365,C278,14.11,39.0,0,74.87,1,web,South,shopping,BestBuy,01/01/2024 06:37,0
T2366,C168,125.82,47.0,0,143.74,0,mobile,South,grocery,Target,2024-01-01 06:46:24,0
T2367,C262,239.73,67.0,0,84.59,0,web,South,electronics,Walmart,2024/01/01 17:26,0
T2368,C175,19.81,60.0,0,10.34,0,mobile,West,electronics,Target,2024/01/01 11:15,0
T2369,C243,27.12,47.0,0,97.58,0,web,East,,Target,Jan 02 2024 02:08,0
T2370,C461,355.42,,0,23.15,1,web,West,food,Amazon,01/01/2024 21:27,0
T2371,C169,19.96,51.0,0,209.21,0,pos,North,travel,,Jan 01 2024 16:14,0
T2372,C398,192.68,64.0,0,51.72,0,pos,East,electronics,,2024-01-01 04:37:45,0
T2373,C219,67.78,26.0,1,91.91,0,mobile,West,grocery,BestBuy,2024/01/01 11:33,0
T2374,C307,28.4,68.0,0,112.91,0,mobile,South,food,Starbucks,Jan 01 2024 09:47,0
T2375,C245,204.6,37.0,0,85.57,1,mobile,North,shopping,Amazon,2024/01/01 08:01,0
T2376,C358,58.93,57.0,0,85.5,1,web,South,shopping,,2024/01/01 17:59,0
T2377,C131,72.32,42.0,0,121.09,1,web,West,grocery,Amazon,01/01/2024 10:15,0
T2378,C138,44.51,36.0,0,176.31,0,mobile,North,,Amazon,2024/01/01 10:28,0
T2379,C469,89.88,22.0,1,138.38,0,web,East,grocery,BestBuy,Jan 01 2024 12:08,0
T2380,C199,17.86,28.0,0,173.93,0,pos,East,electronics,Starbucks,Jan 01 2024 10:55,0
T2381,C239,49.61,32.0,0,47.67,0,web,West,food,,Jan 01 2024 18:06,0
T2382,C176,348.72,25.0,0,115.87,0,pos,West,travel,,01/01/2024 07:47,0
T2383,C457,29.86,36.0,0,107.76,0,mobile,East,travel,Starbucks,Jan 01 2024 19:01,0
T2384,C433,106.93,40.0,1,117.55,0,web,East,grocery,BestBuy,01/01/2024 07:12,0
T2385,C242,39.33,44.0,0,168.81,0,mobile,West,travel,Starbucks,2024-01-01 03:45:14,0
T2386,C390,148.49,57.0,0,88.96,0,pos,East,grocery,BestBuy,2024-01-01 15:34:18,0
T2387,C139,14.03,49.0,1,79.72,0,mobile,North,electronics,Starbucks,2024-01-01 12:19:58,0
T2388,C140,350.06,43.0,0,126.7,1,pos,West,electronics,BestBuy,2024/01/02 00:47,0
T2389,C425,60.48,44.0,0,11.09,0,pos,North,grocery,Amazon,Jan 02 2024 01:15,0
T2390,C219,26.93,36.0,0,88.16,0,mobile,South,electronics,Amazon,Jan 01 2024 01:42,0
T2391,C498,7.63,67.0,0,93.29,1,pos,North,travel,Amazon,2024/01/01 14:36,0
T2392,C434,930.0000000000001,59.0,0,53.98,0,mobile,West,electronics,BestBuy,2024-01-01 17:11:34,0
T2393,C342,73.35,46.0,0,152.85,0,mobile,South,travel,Starbucks,Jan 01 2024 22:07,0
T2394,C494,41.1,56.0,0,46.89,0,mobile,East,travel,Starbucks,2024/01/01 21:03,0
T2395,C111,176.54,58.0,0,93.21,0,pos,North,shopping,Walmart,01/01/2024 05:23,0
T2396,C345,56.37,50.0,0,114.66,0,pos,North,electronics,Target,Jan 01 2024 19:36,0
T2397,C417,28.6,36.0,0,167.67,1,web,West,electronics,Amazon,02/01/2024 01:09,0
T2398,C119,96.01,54.0,0,99.47,0,mobile,East,grocery,Amazon,2024/01/02 00:17,0
T2399,C131,122.68,36.0,0,146.81,0,mobile,West,grocery,Amazon,Jan 01 2024 05:45,0
T2400,C334,18.28,50.0,0,135.03,0,mobile,East,food,Walmart,2024-01-01 10:48:07,0
T2401,C437,18.35,64.0,0,106.17,0,mobile,West,travel,,01/01/2024 21:50,0
T2402,C302,3.74,33.0,0,45.52,0,mobile,East,shopping,Walmart,2024/01/01 17:00,0
T2403,C495,133.33,40.0,0,28.27,0,mobile,South,travel,Amazon,Jan 01 2024 03:17,0
T2404,C323,109.01,24.0,1,105.33,0,mobile,West,electronics,Starbucks,01/01/2024 20:09,0
T2405,C485,64.37,43.0,0,72.87,0,web,South,food,Amazon,Jan 02 2024 00:24,0
T2406,C362,185.9,49.0,0,145.96,0,web,West,travel,Walmart,02/01/2024 02:55,0
T2407,C251,163.82,29.0,0,137.29,0,mobile,West,food,,2024/01/01 21:18,0
T2408,C329,88.03,25.0,0,90.77,0,mobile,West,travel,Target,2024/01/01 12:09,0
T2409,C441,202.7,22.0,0,42.11,0,web,North,electronics,BestBuy,2024-01-01 20:32:28,0
T2410,C189,23.05,59.0,0,125.54,0,web,West,electronics,Target,2024/01/02 01:37,0
T2411,C406,11.87,45.0,0,49.1,0,mobile,East,travel,Target,2024/01/02 00:02,0
T2412,C400,31.44,22.0,0,62.08,1,mobile,North,shopping,Amazon,2024-01-02 00:11:37,0
T2413,C227,5.88,66.0,0,51.03,1,web,East,electronics,BestBuy,2024-01-01 07:27:00,0
T2414,C152,75.75,43.0,0,93.07,0,web,East,grocery,BestBuy,01/01/2024 05:36,0
T2415,C475,275.84,22.0,0,158.51,0,mobile,East,shopping,Amazon,Jan 01 2024 15:49,0
T2416,C261,4.01,39.0,0,99.75,0,web,East,,Starbucks,2024/01/01 11:17,0
T2417,C228,13.02,32.0,1,77.84,0,mobile,East,shopping,Amazon,2024/01/01 13:22,0
T2418,C143,60.18,30.0,0,23.72,0,pos,South,grocery,Starbucks,Jan 01 2024 14:16,0
T2419,C264,271.62,45.0,0,127.61,0,mobile,North,electronics,Starbucks,2024-01-01 11:17:33,0
T2420,C119,38.0,50.0,0,60.98,0,mobile,East,electronics,BestBuy,Jan 01 2024 10:24,0
T2421,C289,70.77,60.0,0,105.88,0,mobile,South,electronics,Amazon,Jan 01 2024 13:56,0
T2422,C302,212.5,40.0,0,82.29,0,web,South,grocery,Amazon,02/01/2024 02:55,0
T2423,C217,16.06,50.0,0,141.91,0,mobile,East,shopping,BestBuy,02/01/2024 00:57,0
T2424,C307,431.48,60.0,0,92.14,0,mobile,West,travel,Target,01/01/2024 09:44,0
T2425,C434,335.58,,0,97.05,0,web,East,travel,Amazon,Jan 01 2024 22:11,0
T2426,C166,0.5,67.0,0,124.29,0,pos,South,shopping,Walmart,2024/01/02 02:33,0
T2427,C198,303.26,47.0,0,205.35,1,pos,East,electronics,Walmart,Jan 01 2024 14:02,0
T2428,C267,101.92,43.0,0,144.42,0,web,South,travel,Amazon,2024-01-02 03:06:14,0
T2429,C296,202.43,33.0,0,95.57,1,mobile,East,electronics,Starbucks,01/01/2024 15:38,0
T2430,C420,60.65,30.0,0,100.16,0,pos,South,food,,01/01/2024 19:10,0
T2431,C225,72.48,56.0,0,73.76,0,pos,East,food,Starbucks,2024-01-01 18:47:34,0
T2432,C315,67.11,50.0,0,52.5,0,web,West,travel,Walmart,2024-01-01 16:58:47,0
T2433,C164,109.92,43.0,1,72.36,0,pos,West,shopping,Walmart,01/01/2024 12:30,0
T2434,C489,15.04,65.0,0,61.39,0,pos,South,shopping,BestBuy,01/01/2024 14:05,0
T2435,C456,3.04,18.0,0,132.67,0,web,West,shopping,Walmart,Jan 01 2024 03:59,0
T2436,C496,36.81,66.0,0,46.44,0,pos,West,electronics,Target,2024-01-01 18:04:16,0
T2437,C352,121.97,55.0,0,166.66,0,mobile,North,food,Walmart,Jan 01 2024 08:52,0
T2438,C272,22.55,19.0,0,137.6,0,web,East,electronics,Starbucks,Jan 02 2024 02:53,0
T2439,C399,111.91,66.0,1,101.03,1,mobile,East,grocery,Starbucks,01/01/2024 17:21,1
T2440,C229,350.36,23.0,0,100.02,0,mobile,West,grocery,Target,Jan 02 2024 01:57,0
T2441,C361,9.86,63.0,0,72.14,0,web,West,travel,Starbucks,2024/01/01 13:50,0
T2442,C141,111.66,67.0,0,113.5,0,pos,South,,,2024/01/01 11:58,0
T2443,C155,58.65,55.0,0,154.4,0,web,East,,Starbucks,Jan 01 2024 02:40,0
T2444,C159,202.6,59.0,0,64.84,0,pos,North,travel,Amazon,2024-01-01 19:58:19,0
T2445,C156,19.5,,0,23.33,0,mobile,North,food,Target,2024-01-02 01:16:57,0
T2446,C224,117.97,35.0,1,135.16,0,pos,West,food,Target,2024-01-01 10:35:55,0
T2447,C295,182.09,44.0,0,116.22,0,mobile,South,grocery,,2024/01/01 06:08,0
T2448,C142,289.34,58.0,1,43.99,0,mobile,South,grocery,Target,01/01/2024 12:49,0
T2449,C489,114.96,25.0,2,63.33,1,mobile,East,food,BestBuy,01/01/2024 06:18,0
T2450,C451,68.75,45.0,0,57.04,0,web,West,grocery,Target,01/01/2024 07:46,0
T2451,C190,96.19,27.0,0,63.77,0,pos,West,grocery,BestBuy,Jan 01 2024 13:31,0
T2452,C409,203.18,,0,83.82,0,pos,South,electronics,Starbucks,Jan 01 2024 21:35,0
T2453,C292,84.54,46.0,1,86.67,0,pos,North,food,BestBuy,Jan 01 2024 02:53,0
T2454,C106,3.09,23.0,0,67.46,0,mobile,North,food,Amazon,Jan 01 2024 18:14,0
T2455,C249,267.29,31.0,0,62.09,0,web,East,grocery,Starbucks,Jan 01 2024 00:56,0
T2456,C271,116.97,39.0,0,88.56,0,pos,West,shopping,BestBuy,Jan 01 2024 15:44,0
T2457,C263,112.86,23.0,0,108.38,1,pos,West,electronics,Starbucks,2024/01/01 00:52,0
T2458,C138,24.29,43.0,0,84.19,0,web,North,shopping,Amazon,2024-01-01 17:39:58,0
T2459,C319,107.55,56.0,0,157.93,1,pos,West,,Starbucks,Jan 01 2024 15:12,0
T2460,C207,50.07,29.0,0,125.4,0,web,West,food,Starbucks,2024/01/01 14:20,0
T2461,C441,105.34,52.0,1,20.46,0,web,South,shopping,,Jan 01 2024 20:35,0
T2462,C141,11.27,31.0,0,126.19,0,pos,East,travel,,01/01/2024 18:56,0
T2463,C172,107.25,39.0,0,130.28,0,web,East,shopping,BestBuy,2024-01-02 02:26:07,0
T2464,C458,744.17,68.0,0,78.26,0,web,East,food,,2024/01/01 04:31,0
T2465,C259,4.94,40.0,0,25.24,0,pos,South,grocery,Amazon,2024/01/01 06:52,0
T2466,C301,377.99,,1,100.4,0,mobile,East,shopping,Amazon,Jan 01 2024 20:55,0
T2467,C297,52.24,24.0,0,99.61,0,pos,East,,Starbucks,2024-01-01 00:52:38,0
T2468,C287,204.6,57.0,0,43.92,0,pos,North,electronics,Walmart,Jan 01 2024 06:36,0
T2469,C364,152.5,67.0,0,27.44,0,mobile,North,travel,BestBuy,2024/01/01 10:14,0
T2470,C369,83.71,42.0,0,95.62,0,web,East,food,BestBuy,Jan 02 2024 03:19,0
T2471,C129,134.11,30.0,0,88.35,0,pos,South,food,Starbucks,2024-01-01 04:18:05,0
T2472,C284,210.8,,0,79.14,1,mobile,South,grocery,BestBuy,Jan 01 2024 17:55,0
T2473,C113,51.78,58.0,0,95.83,0,mobile,South,travel,,2024-01-02 02:53:11,0
T2474,C282,39.61,27.0,0,44.86,0,pos,West,food,Walmart,01/01/2024 18:08,0
T2475,C210,110.14,26.0,0,78.26,0,pos,West,shopping,Amazon,2024/01/01 06:03,0
T2476,C432,164.95,32.0,0,126.67,1,mobile,South,food,BestBuy,2024/01/02 01:02,0
T2477,C374,143.67,69.0,0,82.5,0,pos,North,shopping,,02/01/2024 01:06,0
T2478,C151,159.86,19.0,1,16.4,0,mobile,West,food,BestBuy,2024/01/01 13:33,0
T2479,C311,57.2,42.0,0,76.37,0,pos,South,shopping,Starbucks,2024/01/01 01:59,0
T2480,C354,170.28,30.0,1,46.49,0,mobile,West,electronics,,01/01/2024 10:51,0
T2481,C412,12.81,51.0,0,113.36,0,pos,West,grocery,,01/01/2024 15:29,0
T2482,C383,78.63,68.0,0,115.94,1,pos,West,electronics,BestBuy,01/01/2024 01:38,0
T2483,C178,0.58,51.0,0,17.06,0,pos,West,shopping,Target,2024-01-01 07:30:40,0
T2484,C208,39.24,52.0,0,137.95,1,web,South,,Starbucks,Jan 01 2024 04:47,0
T2485,C186,45.64,55.0,0,44.39,0,pos,West,travel,Walmart,2024-01-01 18:18:59,0
T2486,C199,50.45,20.0,0,177.96,1,mobile,East,shopping,BestBuy,01/01/2024 03:33,0
T2487,C402,118.9,59.0,0,97.56,1,mobile,South,food,Walmart,Jan 01 2024 16:39,0
T2488,C153,49.19,23.0,1,37.68,0,web,South,food,Starbucks,Jan 01 2024 07:31,0
T2489,C345,59.55,65.0,0,42.9,0,web,South,travel,Target,01/01/2024 01:06,0
T2490,C226,27.12,66.0,1,117.4,0,web,West,,BestBuy,01/01/2024 22:43,0
T2491,C377,46.72,36.0,0,80.44,0,pos,South,shopping,Target,2024/01/02 02:31,0
T2492,C484,25.78,20.0,1,95.17,0,pos,North,food,Starbucks,01/01/2024 07:40,0
T2493,C387,7.6,35.0,0,180.64,0,mobile,East,grocery,Target,02/01/2024 02:27,0
T2494,C118,92.49,56.0,0,65.04,0,mobile,North,travel,Starbucks,Jan 01 2024 16:31,0
T2495,C207,110.33,26.0,0,103.0,0,pos,East,electronics,,2024-01-01 01:49:09,0
T2496,C356,96.62,69.0,0,170.99,1,mobile,East,electronics,,2024-01-02 00:27:46,0
T2497,C437,62.27,29.0,0,113.53,0,pos,West,grocery,Walmart,Jan 01 2024 19:37,0
T2498,C173,47.77,22.0,0,19.67,0,web,East,grocery,Starbucks,2024/01/01 03:33,0
T2499,C439,199.02,20.0,0,125.27,0,pos,East,travel,Walmart,2024/01/01 14:22,0
T2500,C185,73.21,28.0,0,41.85,0,pos,North,grocery,Target,02/01/2024 03:23,0
T2501,C307,65.24,,0,170.34,0,pos,East,,,01/01/2024 14:16,0
T2502,C266,2.6,21.0,0,58.86,0,mobile,South,electronics,,2024/01/01 13:27,0
T2503,C340,41.74,22.0,0,248.48,0,pos,South,grocery,Starbucks,01/01/2024 02:55,0
T2504,C120,47.84,18.0,0,173.37,0,pos,East,shopping,Walmart,Jan 01 2024 21:38,0
T2505,C407,50.89,44.0,0,60.17,0,pos,South,grocery,Starbucks,01/01/2024 16:27,0
T2506,C156,86.79,45.0,0,101.0,0,web,West,electronics,Walmart,Jan 01 2024 21:32,0
T2507,C283,76.27,46.0,0,137.68,0,pos,South,food,BestBuy,2024-01-01 22:15:29,0
T2508,C441,93.63,35.0,1,139.18,0,pos,West,grocery,Target,Jan 02 2024 01:28,0
T2509,C343,144.77,29.0,1,122.12,0,pos,East,food,Target,01/01/2024 17:34,0
T2510,C228,167.66,30.0,0,162.61,0,mobile,West,shopping,Amazon,2024-01-01 08:13:41,0
T2511,C129,126.63,58.0,1,93.85,1,web,West,electronics,Starbucks,01/01/2024 21:06,0
T2512,C466,311.28,19.0,0,81.66,0,web,East,travel,Walmart,2024/01/01 15:09,0
T2513,C326,1.84,54.0,0,82.66,0,pos,East,electronics,Amazon,Jan 01 2024 09:16,0
T2514,C342,21.79,,2,142.92,0,pos,West,travel,Starbucks,Jan 01 2024 05:25,0
T2515,C401,0.76,33.0,0,118.26,0,mobile,North,travel,Walmart,2024-01-02 03:22:49,0
T2516,C113,104.26,65.0,0,114.56,0,pos,East,electronics,,2024-01-01 19:10:24,0
T2517,C491,228.31,41.0,0,139.76,0,mobile,East,travel,,Jan 01 2024 04:15,0
T2518,C361,27.9,52.0,1,-2.55,0,pos,North,food,Walmart,Jan 01 2024 21:17,0
T2519,C222,261.78,39.0,0,115.5,0,mobile,South,shopping,Target,Jan 01 2024 05:19,0
T2520,C304,6.22,53.0,0,110.93,0,web,North,grocery,Starbucks,02/01/2024 00:07,0
T2521,C215,272.47,28.0,0,183.44,1,pos,South,travel,Walmart,2024/01/01 06:49,0
T2522,C357,43.33,63.0,1,23.57,0,mobile,North,travel,Target,2024/01/01 03:16,0
T2523,C279,10.69,46.0,0,177.86,0,mobile,West,electronics,Target,01/01/2024 05:47,0
T2524,C147,66.53,52.0,1,103.77,0,pos,East,food,,2024-01-01 18:06:42,0
T2525,C155,29.68,65.0,0,124.45,1,mobile,North,grocery,Walmart,2024-01-01 16:47:18,0
T2526,C439,33.53,32.0,0,183.8,0,pos,East,travel,Amazon,2024-01-01 06:38:56,0
T2527,C297,36.71,48.0,0,128.04,0,pos,South,food,Amazon,Jan 01 2024 01:03,0
T2528,C412,162.47,,0,120.02,0,mobile,West,grocery,BestBuy,2024-01-02 02:20:26,0
T2529,C423,77.47,58.0,1,112.11,0,mobile,East,electronics,Amazon,Jan 01 2024 09:16,0
T2530,C176,37.3,60.0,1,75.83,0,mobile,North,travel,,Jan 01 2024 16:21,0
T2531,C407,94.25,33.0,0,98.58,0,web,North,electronics,BestBuy,2024/01/01 12:59,0
T2532,C189,125.93,27.0,0,64.22,0,pos,West,electronics,BestBuy,2024/01/01 18:25,0
T2533,C304,31.83,,0,97.77,0,pos,South,travel,Starbucks,01/01/2024 16:43,0
T2534,C500,53.37,49.0,0,-16.8,0,web,West,food,Amazon,2024/01/01 16:31,0
T2535,C324,13.0,68.0,1,121.45,0,web,West,food,Target,2024/01/01 06:11,0
T2536,C257,19.99,19.0,0,93.91,0,mobile,East,electronics,BestBuy,Jan 01 2024 09:50,0
T2537,C483,114.29,41.0,0,83.19,0,pos,South,electronics,,2024/01/01 16:10,0
T2538,C182,20.02,40.0,0,110.99,0,web,West,shopping,Starbucks,Jan 01 2024 17:07,0
T2539,C347,74.48,19.0,0,28.32,0,web,East,grocery,Starbucks,2024-01-01 12:23:07,0
T2540,C213,123.46,55.0,0,196.46,1,pos,East,electronics,Amazon,2024-01-01 21:28:39,0
T2541,C237,11.3,48.0,0,94.86,0,pos,South,,Target,Jan 01 2024 20:18,0
T2542,C475,83.77,68.0,0,92.71,0,pos,South,grocery,BestBuy,Jan 01 2024 11:54,0
T2543,C395,29.65,57.0,0,51.73,0,mobile,East,travel,,2024-01-02 02:35:36,0
T2544,C310,329.49,43.0,0,101.2,0,web,South,food,Amazon,2024/01/01 01:56,0
T2545,C138,66.08,46.0,0,169.35,1,mobile,East,travel,Target,2024-01-01 16:32:24,0
T2546,C410,163.99,20.0,0,151.8,0,pos,South,grocery,,Jan 01 2024 10:13,0
T2547,C286,79.9,31.0,0,142.72,1,pos,South,grocery,Amazon,Jan 01 2024 06:27,0
T2548,C413,4.44,42.0,0,127.32,0,web,South,shopping,Starbucks,01/01/2024 15:20,0
T2549,C178,100.28,65.0,1,82.07,0,mobile,North,shopping,,Jan 01 2024 20:17,0
T2550,C323,302.42,18.0,0,27.49,1,mobile,South,food,Walmart,2024-01-01 17:21:59,0
T2551,C216,92.03,20.0,1,89.95,0,mobile,North,electronics,Walmart,Jan 01 2024 14:44,0
T2552,C387,171.03,43.0,0,88.21,0,pos,East,,Walmart,2024/01/01 05:19,0
T2553,C286,215.59,35.0,0,152.44,1,web,West,shopping,BestBuy,Jan 01 2024 13:54,0
T2554,C450,25.89,26.0,0,115.47,0,mobile,West,travel,BestBuy,Jan 01 2024 21:12,0
T2555,C294,23.83,55.0,0,180.62,0,pos,West,shopping,Walmart,01/01/2024 06:00,0
T2556,C134,94.41,40.0,0,159.87,0,pos,East,travel,Target,2024/01/01 10:16,0
T2557,C126,52.94,38.0,0,77.18,0,mobile,South,shopping,BestBuy,2024-01-01 07:02:48,0
T2558,C200,183.17,,0,10.24,0,web,North,travel,BestBuy,Jan 01 2024 07:30,0
T2559,C431,230.28,38.0,0,169.28,1,web,East,shopping,Target,2024-01-01 14:46:27,0
T2560,C343,43.61,44.0,0,167.97,0,mobile,West,,,Jan 01 2024 12:32,0
T2561,C357,27.03,59.0,0,31.69,0,pos,West,food,Amazon,01/01/2024 19:25,0
T2562,C247,151.65,23.0,1,175.46,1,pos,West,electronics,BestBuy,2024-01-02 01:31:21,0
T2563,C302,32.13,61.0,0,119.11,0,mobile,West,grocery,Amazon,Jan 01 2024 17:01,0
T2564,C318,172.94,53.0,0,108.03,0,pos,North,electronics,Amazon,2024-01-01 15:24:24,0
T2565,C225,55.12,45.0,0,180.74,0,pos,West,food,Target,Jan 01 2024 05:45,0
T2566,C325,110.13,62.0,0,167.23,1,mobile,North,,Walmart,2024/01/01 06:27,0
T2567,C217,10.04,34.0,1,132.57,1,pos,West,electronics,Amazon,Jan 01 2024 00:42,0
T2568,C101,97.78,57.0,1,123.66,0,mobile,East,,Walmart,Jan 01 2024 19:33,0
T2569,C116,60.11,69.0,0,130.82,1,mobile,North,grocery,Starbucks,2024-01-01 01:11:45,0
T2570,C349,88.34,20.0,0,80.0,0,mobile,North,travel,,2024/01/01 14:46,0
T2571,C471,18.39,29.0,0,97.24,0,pos,East,grocery,Target,Jan 02 2024 01:37,0
T2572,C344,133.51,56.0,1,54.88,1,mobile,West,food,,01/01/2024 04:09,0
T2573,C160,198.63,29.0,0,83.35,0,pos,West,electronics,Starbucks,Jan 01 2024 05:25,0
T2574,C498,24.43,19.0,0,81.67,0,mobile,South,grocery,Target,2024/01/01 21:42,0
T2575,C272,10.06,63.0,1,68.23,0,web,South,,Walmart,Jan 02 2024 00:27,0
T2576,C218,2.39,39.0,0,106.84,0,pos,North,shopping,Walmart,01/01/2024 11:20,0
T2577,C424,102.71,40.0,0,83.8,0,pos,South,electronics,Walmart,Jan 01 2024 17:21,0
T2578,C439,93.42,47.0,0,125.11,0,pos,East,travel,Target,01/01/2024 19:37,0
T2579,C236,79.12,22.0,0,18.88,1,web,East,food,Walmart,2024-01-01 05:05:30,0
T2580,C142,26.39,26.0,1,94.33,1,mobile,East,grocery,BestBuy,01/01/2024 03:40,0
T2581,C424,49.58,38.0,0,106.58,0,web,North,food,Starbucks,Jan 01 2024 09:32,0
T2582,C128,90.26,28.0,0,84.47,0,mobile,East,electronics,BestBuy,2024/01/02 02:14,0
T2583,C327,68.67,22.0,0,91.38,0,mobile,North,grocery,Walmart,01/01/2024 16:56,0
T2584,C266,440.51,52.0,0,20.74,0,mobile,North,food,Target,2024/01/01 03:50,0
T2585,C448,14.67,44.0,2,117.82,0,mobile,East,travel,Starbucks,Jan 01 2024 22:48,0
T2586,C236,118.79,66.0,1,132.38,0,mobile,East,shopping,BestBuy,2024/01/01 19:20,0
T2587,C354,51.8,19.0,0,124.68,0,web,North,shopping,Walmart,01/01/2024 02:18,0
T2588,C150,55.9,41.0,0,151.94,0,pos,East,travel,Target,Jan 01 2024 19:55,0
T2589,C320,126.44,48.0,0,110.08,0,web,South,shopping,Walmart,Jan 02 2024 00:25,0
T2590,C224,117.91,50.0,0,123.93,0,pos,North,travel,BestBuy,Jan 01 2024 11:24,0
T2591,C429,473.94,56.0,0,107.8,0,pos,West,electronics,BestBuy,2024/01/02 01:36,0
T2592,C257,13.74,47.0,0,134.38,0,pos,North,travel,Starbucks,Jan 01 2024 15:54,0
T2593,C388,10.99,63.0,1,21.14,0,web,East,shopping,Target,2024-01-01 16:28:29,0
T2594,C440,128.86,54.0,1,55.32,0,mobile,East,electronics,Amazon,Jan 01 2024 03:25,0
T2595,C104,86.37,68.0,0,179.34,0,mobile,North,travel,Walmart,2024/01/01 17:35,0
T2596,C213,32.04,45.0,0,-23.02,0,pos,North,travel,Target,2024-01-01 11:58:44,0
T2597,C458,8.28,48.0,0,92.99,0,mobile,West,electronics,Amazon,2024-01-01 22:55:09,0
T2598,C497,8.96,,0,158.61,0,mobile,West,grocery,,2024/01/01 23:45,0
T2599,C187,224.61,40.0,0,95.34,0,web,North,shopping,Walmart,01/01/2024 14:34,0
T2600,C494,21.3,19.0,0,79.75,0,mobile,East,grocery,Walmart,2024-01-01 13:52:17,0
T2601,C225,39.06,57.0,0,106.47,1,mobile,North,electronics,Starbucks,Jan 01 2024 06:47,0
T2602,C203,25.7,,0,82.34,0,web,South,electronics,BestBuy,2024/01/01 12:31,0
T2603,C464,43.85,44.0,0,101.54,0,mobile,South,food,BestBuy,2024/01/01 02:48,0
T2604,C449,7.2,52.0,0,65.83,1,pos,East,food,BestBuy,2024/01/01 10:13,0
T2605,C241,73.2,19.0,0,155.43,0,web,North,electronics,Starbucks,01/01/2024 05:36,0
T2606,C245,7.0,56.0,0,171.16,0,mobile,North,food,BestBuy,01/01/2024 23:04,0
T2607,C148,161.12,54.0,0,93.33,0,mobile,South,travel,,2024/01/02 03:39,0
T2608,C246,26.62,38.0,0,30.68,0,web,North,grocery,BestBuy,2024-01-01 08:51:32,0
T2609,C457,77.66,22.0,0,73.81,0,pos,East,electronics,BestBuy,2024/01/01 00:49,0
T2610,C184,212.09,69.0,0,90.8,0,web,East,travel,Walmart,2024/01/01 09:00,0
T2611,C229,105.23,62.0,0,125.28,0,pos,West,shopping,Starbucks,2024/01/01 02:21,0
T2612,C452,76.13,38.0,0,49.6,1,web,East,shopping,Starbucks,01/01/2024 18:51,0
T2613,C121,39.21,46.0,0,61.54,0,mobile,North,food,BestBuy,2024/01/01 12:43,0
T2614,C429,40.5,37.0,0,125.53,0,web,North,food,Amazon,01/01/2024 23:38,0
T2615,C271,110.71,55.0,0,146.95,0,web,South,travel,Walmart,2024/01/01 07:44,0
T2616,C202,513.95,37.0,0,68.92,0,pos,South,shopping,BestBuy,2024-01-01 11:22:35,0
T2617,C106,108.42,67.0,0,33.34,0,web,East,electronics,Amazon,2024-01-01 04:34:05,0
T2618,C246,81.6,42.0,0,264.21,0,pos,West,grocery,Target,2024-01-01 09:20:25,0
T2619,C372,131.17,19.0,0,139.17,0,web,North,,Walmart,2024-01-02 01:10:49,0
T2620,C167,62.59,49.0,0,86.65,0,mobile,West,travel,Starbucks,01/01/2024 23:07,0
T2621,C373,6.2,43.0,0,143.45,0,web,North,food,Amazon,02/01/2024 02:41,0
T2622,C143,82.62,23.0,0,93.78,0,mobile,East,travel,BestBuy,Jan 01 2024 07:03,0
T2623,C436,316.12,58.0,0,143.36,1,pos,East,shopping,,Jan 01 2024 17:27,0
T2624,C313,19.27,20.0,2,107.97,0,pos,South,food,Starbucks,Jan 01 2024 07:41,0
T2625,C152,117.12,50.0,0,104.56,0,pos,West,travel,Target,Jan 01 2024 05:56,0
T2626,C219,22.43,,0,94.32,0,pos,South,travel,Amazon,Jan 01 2024 23:01,0
T2627,C279,76.75,68.0,0,27.63,1,web,East,food,BestBuy,2024/01/01 05:33,0
T2628,C407,10.17,,1,196.9,1,web,West,grocery,Amazon,01/01/2024 23:13,1
T2629,C348,59.85,30.0,0,52.92,0,web,North,,Target,2024-01-01 13:52:21,0
T2630,C374,141.13,36.0,0,32.0,0,mobile,South,shopping,Amazon,2024-01-01 07:24:16,0
T2631,C177,42.71,29.0,0,89.36,0,web,East,food,Target,2024/01/01 09:15,0
T2632,C450,109.34,,0,51.93,0,mobile,North,food,Target,01/01/2024 07:23,0
T2633,C387,7934.5,42.0,1,97.41,0,mobile,East,grocery,Walmart,01/01/2024 11:28,1
T2634,C339,261.97,68.0,0,134.39,0,web,North,shopping,Walmart,Jan 02 2024 03:36,0
T2635,C277,26.74,,0,149.77,0,mobile,South,food,BestBuy,01/01/2024 08:49,0
T2636,C218,50.97,29.0,0,140.74,0,pos,North,grocery,BestBuy,01/01/2024 20:18,0
T2637,C301,16.54,47.0,0,84.72,0,web,West,electronics,BestBuy,Jan 02 2024 02:38,0
T2638,C171,489.07,22.0,0,102.48,0,web,North,travel,Target,02/01/2024 02:55,0
T2639,C142,261.73,51.0,0,120.39,0,mobile,East,electronics,Target,2024/01/01 05:04,0
T2640,C462,77.64,39.0,0,12.11,0,web,North,electronics,,2024/01/01 01:12,0
T2641,C338,184.54,,0,128.53,0,web,South,electronics,Target,01/01/2024 04:54,0
T2642,C450,73.6,30.0,1,27.14,1,mobile,East,,Walmart,2024-01-01 20:09:43,0
T2643,C389,97.71,64.0,1,202.02,0,web,East,travel,Amazon,2024-01-01 18:16:07,0
T2644,C107,9.33,20.0,1,79.77,0,web,East,shopping,BestBuy,2024-01-01 13:12:11,0
T2645,C191,140.76,37.0,0,90.76,0,web,East,,BestBuy,2024-01-01 20:44:44,0
T2646,C426,13.66,48.0,0,61.51,0,mobile,West,grocery,Starbucks,01/01/2024 10:24,0
T2647,C253,174.91,22.0,0,68.5,1,web,East,grocery,Walmart,2024-01-01 12:28:09,0
T2648,C470,152.34,41.0,0,213.7,0,web,East,food,Starbucks,2024-01-01 05:32:00,0
T2649,C189,123.36,57.0,0,147.02,0,web,East,electronics,BestBuy,2024-01-01 15:04:31,0
T2650,C127,3.68,50.0,0,22.54,0,pos,South,electronics,Starbucks,2024/01/01 19:24,0
T2651,C462,36.12,,1,175.21,1,web,South,travel,Amazon,02/01/2024 01:13,1
T2652,C390,30.53,41.0,0,159.66,0,mobile,East,electronics,,Jan 01 2024 22:50,0
T2653,C228,44.65,,0,85.94,0,pos,West,travel,Amazon,01/01/2024 16:00,0
T2654,C224,9.17,37.0,0,115.33,0,mobile,North,food,BestBuy,Jan 01 2024 00:57,0
T2655,C409,276.4,33.0,1,99.25,0,web,West,grocery,Target,Jan 02 2024 00:22,0
T2656,C239,80.7,67.0,1,198.63,0,web,East,grocery,,Jan 01 2024 06:40,0
T2657,C341,36.46,69.0,0,60.19,0,web,East,food,Starbucks,Jan 01 2024 03:55,0
T2658,C109,50.58,29.0,0,107.3,0,pos,West,food,Amazon,01/01/2024 04:56,0
T2659,C219,59.28,30.0,0,78.59,0,web,East,electronics,BestBuy,01/01/2024 23:58,0
T2660,C396,91.78,62.0,0,28.35,0,mobile,North,grocery,BestBuy,01/01/2024 12:58,0
T2661,C389,72.5,59.0,0,209.58,1,pos,South,shopping,Target,Jan 01 2024 12:19,0
T2662,C493,251.82,56.0,0,40.92,1,mobile,North,food,BestBuy,2024/01/01 14:14,0
T2663,C159,68.71,42.0,0,111.01,0,mobile,North,grocery,,2024/01/01 06:09,0
T2664,C287,484.83,63.0,0,12.96,0,mobile,North,,Target,2024-01-02 00:25:50,0
T2665,C303,190.67,49.0,1,80.05,1,mobile,West,travel,BestBuy,01/01/2024 04:39,0
T2666,C217,23.38,41.0,0,121.1,0,mobile,West,grocery,Amazon,2024/01/01 19:46,0
T2667,C258,266.78,65.0,0,58.76,0,web,North,food,Starbucks,2024/01/01 22:19,0
T2668,C273,12.37,64.0,1,129.34,1,mobile,West,electronics,,Jan 01 2024 21:47,0
T2669,C323,170.07,61.0,0,86.55,0,mobile,East,grocery,Amazon,Jan 01 2024 01:43,0
T2670,C467,47.9,26.0,0,158.0,0,web,South,shopping,Starbucks,2024/01/01 07:41,0
T2671,C416,210.35,57.0,0,168.09,0,pos,West,food,BestBuy,2024/01/02 02:07,0
T2672,C111,202.54,67.0,2,70.66,0,web,West,electronics,Starbucks,2024-01-01 05:07:56,0
T2673,C259,163.95,40.0,0,103.84,0,pos,North,,,2024-01-01 21:16:38,0
T2674,C139,156.08,,0,109.17,1,mobile,South,food,BestBuy,2024/01/01 00:24,0
T2675,C447,36.34,30.0,1,130.97,0,web,East,electronics,Starbucks,2024/01/02 01:42,0
T2676,C468,8.44,49.0,0,100.72,0,pos,East,shopping,BestBuy,2024-01-01 05:29:20,0
T2677,C103,51.58,67.0,0,109.51,0,pos,South,grocery,Target,2024-01-01 01:45:26,0
T2678,C153,19.06,32.0,1,87.83,0,web,East,food,Target,01/01/2024 09:13,0
T2679,C128,118.73,53.0,0,105.76,0,web,South,grocery,Starbucks,2024-01-01 19:34:29,0
T2680,C272,42.48,66.0,0,164.9,0,web,North,grocery,Target,01/01/2024 22:14,0
T2681,C366,371.36,,0,132.3,1,web,East,electronics,Starbucks,Jan 01 2024 09:22,0
T2682,C466,102.44,39.0,0,135.06,0,web,East,food,Target,01/01/2024 12:41,0
T2683,C429,8643.5,33.0,0,136.15,0,mobile,South,grocery,Starbucks,01/01/2024 19:38,0
T2684,C172,14.22,58.0,0,92.31,0,mobile,East,travel,Walmart,2024-01-01 15:43:44,0
T2685,C311,198.06,27.0,0,115.94,0,web,West,shopping,,01/01/2024 18:56,0
T2686,C178,256.08,,1,45.74,0,web,North,electronics,Target,2024-01-01 23:15:19,0
T2687,C117,66.76,,0,163.44,0,mobile,East,food,BestBuy,Jan 01 2024 04:09,0
T2688,C331,93.2,66.0,1,-39.15,1,pos,East,,Amazon,2024-01-01 23:02:15,0
T2689,C383,144.74,35.0,0,95.64,0,mobile,East,electronics,Starbucks,Jan 01 2024 01:43,0
T2690,C354,19.22,24.0,0,157.04,0,web,South,grocery,Amazon,2024/01/02 01:31,0
T2691,C368,69.83,21.0,0,31.81,0,pos,North,electronics,BestBuy,2024/01/01 16:07,0
T2692,C384,50.86,43.0,0,119.99,0,web,North,food,BestBuy,2024/01/01 13:18,0
T2693,C360,15.83,22.0,0,65.96,0,pos,East,travel,Starbucks,2024/01/01 16:48,0
T2694,C401,45.81,33.0,0,81.56,0,web,East,grocery,Target,Jan 01 2024 17:59,0
T2695,C187,7.06,52.0,0,147.3,0,mobile,South,electronics,Target,Jan 01 2024 13:33,0
T2696,C352,2.62,43.0,0,109.9,0,web,North,food,Walmart,Jan 01 2024 11:28,0
T2697,C429,14.52,35.0,0,-1.72,0,mobile,West,food,BestBuy,01/01/2024 15:26,0
T2698,C368,330.0,46.0,0,51.18,0,pos,East,food,Walmart,Jan 01 2024 17:09,0
T2699,C123,79.75,40.0,0,148.77,0,mobile,West,travel,BestBuy,2024-01-02 03:16:43,0
T2700,C385,337.62,31.0,0,122.45,0,pos,West,grocery,Walmart,Jan 01 2024 19:53,0
T2701,C393,56.65,32.0,0,187.41,0,web,North,,Target,Jan 01 2024 15:28,0
T2702,C242,37.37,66.0,0,184.13,0,mobile,West,grocery,BestBuy,2024/01/01 20:02,0
T2703,C379,70.55,50.0,0,82.89,0,pos,East,food,,2024/01/01 22:21,0
T2704,C252,57.89,42.0,2,225.16,0,pos,East,travel,Amazon,2024/01/01 03:33,0
T2705,C213,11.17,38.0,0,101.22,1,pos,South,travel,Target,2024-01-01 18:34:40,0
T2706,C313,5119.5,34.0,0,51.87,0,pos,North,food,BestBuy,2024-01-01 23:53:57,0
T2707,C314,24.34,40.0,1,68.32,0,web,North,grocery,Amazon,2024/01/01 07:35,0
T2708,C409,96.65,60.0,0,-12.84,1,web,West,,Walmart,2024-01-01 20:47:40,0
T2709,C401,105.04,,0,180.35,1,web,East,,Starbucks,Jan 01 2024 20:17,0
T2710,C300,16.49,31.0,0,179.74,1,pos,East,shopping,BestBuy,2024/01/01 11:17,0
T2711,C328,6.33,46.0,1,49.22,0,web,South,travel,Starbucks,2024-01-02 02:36:38,0
T2712,C234,151.76,37.0,0,88.61,1,pos,West,travel,Starbucks,02/01/2024 00:14,0
T2713,C457,61.58,,0,104.78,0,pos,East,electronics,Amazon,01/01/2024 03:40,0
T2714,C371,5.99,36.0,0,51.98,0,pos,North,,Walmart,01/01/2024 14:30,0
T2715,C128,527.19,56.0,0,12.24,0,mobile,South,shopping,Target,Jan 01 2024 11:04,0
T2716,C229,5.95,30.0,0,89.48,1,web,North,travel,Amazon,Jan 01 2024 16:35,0
T2717,C306,118.76,35.0,0,83.95,0,web,South,grocery,Walmart,2024-01-01 07:21:36,0
T2718,C450,411.53,40.0,0,80.58,0,mobile,North,electronics,Target,2024-01-01 23:26:32,0
T2719,C156,27.34,63.0,0,111.14,0,mobile,West,,Target,2024/01/01 00:15,0
T2720,C345,15.34,50.0,0,171.48,0,mobile,East,travel,Walmart,2024-01-02 01:56:39,0
T2721,C361,12.94,,0,84.85,1,mobile,North,electronics,Target,Jan 01 2024 23:10,0
T2722,C319,36.14,57.0,0,108.52,0,pos,West,,BestBuy,2024-01-02 00:04:47,0
T2723,C468,10.65,35.0,0,136.34,0,web,North,travel,BestBuy,01/01/2024 18:10,0
T2724,C392,117.82,26.0,1,127.71,0,web,West,shopping,Amazon,2024/01/01 05:05,0
T2725,C374,6.43,,0,69.28,0,web,South,travel,Target,2024-01-01 03:46:24,0
T2726,C345,71.22,49.0,0,104.82,0,pos,West,grocery,Target,01/01/2024 10:41,0
T2727,C395,571.29,34.0,0,127.38,0,web,North,food,,Jan 01 2024 07:23,0
T2728,C367,168.18,36.0,0,43.58,0,mobile,East,shopping,,2024/01/01 10:31,0
T2729,C137,95.51,44.0,0,163.18,0,web,South,travel,Starbucks,2024/01/02 00:21,0
T2730,C386,36.56,23.0,1,171.58,0,web,South,shopping,Amazon,01/01/2024 15:38,0
T2731,C287,97.79,52.0,1,63.86,0,pos,West,food,BestBuy,01/01/2024 10:29,0
T2732,C312,74.87,54.0,0,109.68,0,mobile,North,electronics,Walmart,02/01/2024 00:43,0
T2733,C343,55.53,51.0,0,132.11,1,mobile,West,electronics,Amazon,2024-01-01 05:38:41,0
T2734,C495,14.01,37.0,0,72.72,0,mobile,South,food,Starbucks,01/01/2024 10:00,0
T2735,C182,217.69,42.0,0,124.08,0,web,East,electronics,,2024/01/02 03:01,0
T2736,C425,59.74,21.0,0,108.16,0,mobile,West,shopping,BestBuy,01/01/2024 08:00,0
T2737,C280,21.64,27.0,0,26.6,0,mobile,North,electronics,Starbucks,01/01/2024 11:37,0
T2738,C213,45.85,27.0,0,122.96,1,web,West,food,Walmart,2024/01/01 10:38,0
T2739,C158,53.47,41.0,0,44.99,0,pos,West,food,Amazon,2024-01-01 17:56:37,0
T2740,C492,175.76,38.0,0,146.96,0,web,West,food,,01/01/2024 01:19,0
T2741,C386,132.28,28.0,0,66.44,0,pos,East,grocery,Walmart,2024-01-01 21:30:22,0
T2742,C440,146.67,44.0,0,91.94,0,pos,North,shopping,Starbucks,01/01/2024 01:26,0
T2743,C254,1.11,33.0,0,168.61,0,mobile,North,food,Amazon,01/01/2024 08:49,0
T2744,C410,53.81,43.0,0,124.82,0,mobile,South,shopping,Target,2024/01/01 20:26,0
T2745,C254,65.65,47.0,0,46.03,0,web,South,grocery,BestBuy,Jan 01 2024 13:53,0
T2746,C186,1.94,,0,49.25,1,pos,West,shopping,BestBuy,01/01/2024 08:51,0
T2747,C259,30.09,,0,70.03,0,web,South,travel,Target,2024/01/01 01:50,0
T2748,C123,142.83,24.0,0,119.73,1,mobile,North,grocery,Walmart,Jan 01 2024 20:40,0
T2749,C192,14.75,33.0,0,117.91,0,pos,West,grocery,BestBuy,01/01/2024 05:17,0
T2750,C123,76.64,52.0,1,57.84,0,mobile,South,electronics,Walmart,Jan 01 2024 15:37,0
T2751,C200,1211.5,33.0,0,41.64,0,mobile,East,food,Starbucks,2024/01/01 12:00,0
T2752,C391,1.22,57.0,1,114.08,0,mobile,South,grocery,Target,2024-01-01 01:16:21,0
T2753,C154,27.6,29.0,1,90.91,0,pos,East,shopping,Walmart,2024-01-01 11:03:22,0
T2754,C154,372.45,52.0,0,207.86,0,pos,South,travel,Starbucks,2024/01/01 08:14,0
T2755,C395,161.72,66.0,1,101.83,0,mobile,North,shopping,Amazon,2024/01/01 14:11,0
T2756,C221,320.83,38.0,0,190.71,0,pos,South,shopping,BestBuy,2024/01/01 20:49,0
T2757,C368,66.91,67.0,0,41.48,0,mobile,East,travel,Target,2024-01-01 20:49:40,0
T2758,C475,11.62,60.0,0,21.34,0,mobile,East,electronics,Amazon,01/01/2024 16:46,0
T2759,C285,79.4,53.0,0,44.0,1,mobile,South,food,Amazon,Jan 01 2024 01:24,0
T2760,C114,60.58,,0,159.46,0,pos,West,grocery,Amazon,01/01/2024 17:57,0
T2761,C468,186.02,34.0,0,187.81,0,web,East,food,,2024/01/01 19:04,0
T2762,C177,10.32,49.0,0,60.89,0,web,North,electronics,BestBuy,Jan 01 2024 17:22,0
T2763,C273,66.99,58.0,0,76.97,0,pos,South,travel,,01/01/2024 06:10,0
T2764,C377,813.0000000000001,23.0,0,41.55,0,pos,East,food,BestBuy,01/01/2024 08:27,0
T2765,C234,39.26,41.0,0,9.42,0,mobile,South,shopping,BestBuy,Jan 01 2024 21:41,0
T2766,C228,133.7,44.0,1,135.92,0,mobile,South,grocery,BestBuy,2024/01/01 12:22,0
T2767,C448,64.63,37.0,0,111.15,0,web,West,grocery,,Jan 01 2024 02:43,0
T2768,C339,47.14,42.0,0,100.52,0,mobile,South,electronics,Starbucks,02/01/2024 01:50,0
T2769,C156,50.17,19.0,0,30.0,0,web,South,electronics,Starbucks,01/01/2024 14:01,0
T2770,C389,61.52,26.0,0,182.0,0,web,South,travel,Starbucks,01/01/2024 21:34,0
T2771,C313,153.72,45.0,1,74.83,0,pos,North,electronics,BestBuy,2024-01-02 02:04:57,0
T2772,C159,222.64,55.0,1,126.68,1,pos,South,food,BestBuy,2024-01-02 00:03:08,0
T2773,C449,310.86,20.0,0,27.27,0,pos,North,grocery,Target,2024/01/01 03:19,0
T2774,C321,154.6,37.0,0,90.47,1,web,South,,Target,2024-01-01 15:47:12,0
T2775,C277,37.89,23.0,0,114.57,0,pos,West,electronics,Target,2024-01-02 01:17:19,0
T2776,C500,116.52,56.0,0,116.35,0,web,West,shopping,Target,Jan 01 2024 05:02,0
T2777,C363,57.55,50.0,0,107.73,0,pos,East,grocery,Target,Jan 01 2024 19:03,0
T2778,C267,29.39,18.0,0,124.73,1,web,South,travel,Starbucks,2024/01/01 10:43,0
T2779,C357,183.8,54.0,1,43.47,0,mobile,West,grocery,BestBuy,01/01/2024 01:32,0
T2780,C405,3.92,,0,109.87,0,mobile,West,food,Target,2024-01-02 01:42:36,0
T2781,C263,232.04,,0,105.69,0,web,South,,Walmart,Jan 01 2024 19:03,0
T2782,C238,61.89,,0,111.58,1,web,East,electronics,Target,Jan 01 2024 06:25,0
T2783,C308,101.39,64.0,0,103.62,0,mobile,North,,Target,01/01/2024 19:38,0
T2784,C249,107.69,,1,36.34,0,web,West,shopping,BestBuy,2024/01/01 01:14,0
T2785,C412,225.49,62.0,0,34.11,0,web,West,food,Starbucks,02/01/2024 01:04,0
T2786,C387,101.24,43.0,0,-10.71,0,mobile,North,shopping,Amazon,01/01/2024 08:19,0
T2787,C213,95.17,31.0,0,140.88,0,web,West,food,BestBuy,2024/01/02 02:08,0
T2788,C297,6.9,24.0,0,141.38,0,pos,North,food,Starbucks,2024/01/02 00:36,0
T2789,C153,73.07,63.0,0,142.18,0,mobile,North,food,Walmart,2024/01/01 07:35,0
T2790,C262,16.27,48.0,0,115.34,0,pos,East,electronics,Amazon,2024/01/02 02:01,0
T2791,C428,133.73,41.0,0,-6.66,0,web,North,electronics,Starbucks,Jan 01 2024 18:18,0
T2792,C347,71.79,48.0,0,48.66,0,web,North,electronics,Starbucks,2024-01-01 01:48:42,0
T2793,C396,114.01,46.0,0,108.52,0,pos,North,shopping,BestBuy,01/01/2024 12:55,0
T2794,C120,4.26,59.0,0,106.78,0,web,North,travel,Starbucks,Jan 02 2024 03:21,0
T2795,C349,8.86,49.0,0,88.86,0,web,West,food,Target,Jan 02 2024 00:46,0
T2796,C100,125.99,34.0,0,118.45,0,pos,North,shopping,Starbucks,Jan 01 2024 09:48,0
T2797,C318,7.48,,0,100.58,0,web,West,electronics,Amazon,2024/01/01 15:38,0
T2798,C421,7.39,57.0,0,106.04,0,mobile,South,electronics,Starbucks,2024/01/01 20:18,0
T2799,C245,1.22,53.0,0,68.05,0,pos,South,travel,Walmart,Jan 01 2024 13:36,0
T2800,C296,313.5,65.0,0,149.1,0,pos,North,electronics,Target,01/01/2024 09:23,0
T2801,C428,133.75,41.0,0,78.46,0,pos,East,food,,02/01/2024 02:15,0
T2802,C448,43.58,62.0,0,33.47,0,pos,East,grocery,Amazon,Jan 01 2024 16:00,0
T2803,C321,35.17,44.0,0,61.45,0,mobile,West,electronics,BestBuy,2024/01/01 21:13,0
T2804,C242,43.03,,0,82.58,0,pos,West,travel,BestBuy,2024-01-01 15:44:22,0
T2805,C106,149.01,49.0,1,149.7,0,pos,South,grocery,Target,Jan 01 2024 00:59,0
T2806,C427,108.28,69.0,0,97.89,0,web,West,food,Amazon,2024/01/01 17:31,0
T2807,C486,20.48,35.0,0,90.69,0,pos,East,food,Walmart,2024/01/01 17:59,0
T2808,C241,19.13,63.0,0,37.57,1,web,South,food,,2024/01/01 20:30,0
T2809,C487,10.36,35.0,0,139.27,1,pos,North,travel,Starbucks,2024-01-01 14:21:45,0
T2810,C224,107.97,54.0,0,67.4,0,pos,West,grocery,Starbucks,2024-01-01 00:58:33,0
T2811,C259,144.55,43.0,1,95.0,0,mobile,North,food,BestBuy,2024/01/01 02:37,0
T2812,C433,30.79,,1,174.01,0,web,West,electronics,,2024-01-01 15:22:54,0
T2813,C196,2.12,52.0,0,125.44,1,mobile,East,grocery,Amazon,2024-01-01 07:01:56,0
T2814,C243,8.57,25.0,0,18.59,0,web,West,food,Walmart,2024-01-01 20:19:49,0
T2815,C293,343.77,37.0,0,11.52,0,pos,East,grocery,BestBuy,2024-01-01 18:12:38,0
T2816,C306,35.02,59.0,0,96.78,0,mobile,East,electronics,Walmart,2024-01-01 13:45:12,0
T2817,C124,146.63,39.0,0,39.36,0,web,North,shopping,Amazon,2024-01-01 07:57:49,0
T2818,C198,4899.5,36.0,0,132.43,0,web,West,food,Starbucks,2024/01/02 03:42,0
T2819,C462,48.12,47.0,0,102.11,0,mobile,North,electronics,BestBuy,2024/01/01 15:59,0
T2820,C246,23.03,45.0,0,108.27,1,web,East,,BestBuy,Jan 01 2024 08:48,0
T2821,C153,12.94,52.0,0,64.66,0,pos,East,food,BestBuy,Jan 01 2024 18:07,0
T2822,C177,95.45,60.0,0,187.07,0,web,East,shopping,Starbucks,2024-01-02 00:21:45,0
T2823,C208,149.0,28.0,0,242.13,0,pos,East,electronics,BestBuy,Jan 01 2024 04:43,0
T2824,C145,103.26,48.0,0,86.07,0,web,South,electronics,Target,2024-01-01 05:27:31,0
T2825,C409,75.57,66.0,0,117.65,0,mobile,East,,BestBuy,2024-01-01 00:09:26,0
T2826,C295,4.29,65.0,1,104.87,0,pos,West,food,Starbucks,Jan 01 2024 10:08,0
T2827,C138,345.74,56.0,0,87.02,1,web,East,shopping,BestBuy,Jan 01 2024 00:33,0
T2828,C371,160.3,53.0,0,58.4,0,pos,South,travel,Target,2024/01/01 19:11,0
T2829,C315,34.65,47.0,1,45.75,0,mobile,West,,Target,Jan 01 2024 05:14,0
T2830,C235,391.05,40.0,0,43.22,1,web,South,food,BestBuy,2024-01-01 21:28:03,0
T2831,C177,92.1,36.0,0,120.26,1,web,South,shopping,Amazon,01/01/2024 21:05,0
T2832,C125,87.33,29.0,0,74.02,0,pos,West,grocery,Amazon,2024-01-01 12:11:22,0
T2833,C121,137.86,32.0,0,-28.91,0,mobile,South,shopping,Walmart,Jan 01 2024 07:01,0
T2834,C428,167.01,48.0,0,122.24,0,mobile,East,shopping,Target,2024/01/01 13:15,0
T2835,C196,106.85,60.0,0,98.09,0,web,North,grocery,Amazon,01/01/2024 22:53,0
T2836,C399,13.71,54.0,1,167.33,1,pos,North,grocery,Walmart,01/01/2024 17:15,0
T2837,C469,41.29,54.0,0,118.66,0,web,North,food,Amazon,2024-01-01 09:16:13,0
T2838,C107,263.23,32.0,0,26.07,0,web,West,grocery,BestBuy,2024/01/02 01:22,0
T2839,C228,25.44,46.0,0,-11.48,0,pos,West,food,Target,2024-01-01 10:40:51,0
T2840,C337,46.55,67.0,0,64.03,0,mobile,West,shopping,Amazon,2024/01/01 14:39,0
T2841,C174,56.58,60.0,0,68.74,0,web,North,grocery,BestBuy,01/01/2024 03:47,0
T2842,C377,57.88,43.0,0,147.16,1,web,North,food,Walmart,2024/01/01 20:15,0
T2843,C269,94.92,,0,99.56,0,pos,West,food,BestBuy,01/01/2024 05:45,0
T2844,C359,286.6,19.0,0,156.68,1,pos,North,travel,,2024-01-01 01:20:47,0
T2845,C145,27.53,37.0,1,33.76,0,web,South,food,Amazon,2024-01-01 22:37:52,0
T2846,C164,12.95,32.0,0,148.26,0,mobile,South,food,Starbucks,Jan 01 2024 10:40,0
T2847,C175,22.0,69.0,0,136.05,0,pos,North,,BestBuy,02/01/2024 03:07,0
T2848,C194,217.97,,0,-0.91,0,web,West,electronics,Starbucks,2024/01/01 16:48,0
T2849,C228,103.79,,0,166.13,0,mobile,East,grocery,Target,01/01/2024 19:19,0
T2850,C136,33.67,67.0,1,104.67,0,pos,East,,Starbucks,2024/01/01 18:24,0
T2851,C417,169.25,55.0,0,119.6,0,pos,North,,Target,01/01/2024 00:15,0
T2852,C163,197.59,40.0,0,56.76,0,web,East,food,Amazon,02/01/2024 03:25,0
T2853,C491,187.41,43.0,0,163.76,0,pos,West,,Amazon,01/01/2024 13:57,0
T2854,C340,251.24,68.0,0,40.71,0,web,South,,BestBuy,2024/01/01 10:06,0
T2855,C199,1453.5,28.0,0,141.6,0,pos,South,travel,,01/01/2024 03:33,0
T2856,C216,140.67,45.0,1,141.03,0,mobile,West,electronics,,2024-01-02 01:31:40,0
T2857,C447,61.72,19.0,0,51.29,0,mobile,East,grocery,Target,Jan 01 2024 04:02,0
T2858,C249,184.52,25.0,1,199.17,0,pos,North,grocery,Starbucks,01/01/2024 05:39,0
T2859,C377,130.38,46.0,0,111.58,0,web,South,travel,Amazon,2024/01/01 15:29,0
T2860,C435,149.81,28.0,0,132.69,0,pos,East,food,Amazon,01/01/2024 08:39,0
T2861,C184,106.76,54.0,0,23.64,0,web,East,food,Target,2024/01/01 00:24,0
T2862,C161,19.53,35.0,0,205.89,0,pos,South,electronics,BestBuy,2024/01/01 22:15,0
T2863,C335,78.75,67.0,1,38.77,0,mobile,South,travel,Amazon,Jan 01 2024 16:55,0
T2864,C212,417.79,31.0,0,151.24,1,web,North,grocery,Walmart,2024-01-01 07:53:46,0
T2865,C480,277.08,27.0,0,50.26,0,mobile,West,travel,Target,01/01/2024 23:10,0
T2866,C443,4.41,52.0,1,69.05,0,mobile,East,shopping,Starbucks,2024/01/01 09:27,0
T2867,C166,18.01,26.0,0,139.44,1,mobile,North,,,Jan 01 2024 13:12,0
T2868,C455,14.13,52.0,0,151.38,1,pos,South,,,02/01/2024 02:37,0
T2869,C260,129.46,28.0,0,36.44,0,web,West,electronics,Target,02/01/2024 03:11,0
T2870,C476,170.26,61.0,1,154.52,0,mobile,West,grocery,Amazon,Jan 01 2024 08:48,0
T2871,C287,24.02,29.0,0,152.25,1,web,East,food,Target,Jan 01 2024 04:29,0
T2872,C191,70.49,20.0,0,53.1,0,web,West,grocery,Target,2024/01/01 17:01,0
T2873,C138,183.7,56.0,0,179.93,0,mobile,South,grocery,,2024/01/01 10:27,0
T2874,C360,131.98,31.0,0,27.16,0,pos,South,shopping,Starbucks,01/01/2024 11:37,0
T2875,C201,78.14,45.0,0,68.76,0,mobile,South,grocery,Amazon,2024/01/01 02:14,0
T2876,C268,89.24,28.0,0,123.95,1,mobile,North,travel,BestBuy,Jan 01 2024 06:51,0
T2877,C201,71.0,56.0,0,57.32,0,web,South,travel,Amazon,2024-01-01 15:21:58,0
T2878,C117,35.32,42.0,1,113.19,0,pos,North,electronics,,2024/01/01 11:04,0
T2879,C401,83.25,38.0,1,112.05,0,web,South,food,BestBuy,2024/01/01 11:20,0
T2880,C414,116.76,27.0,0,90.65,0,pos,South,electronics,Target,2024-01-01 20:32:09,0
T2881,C304,206.61,60.0,1,141.62,0,mobile,West,shopping,Walmart,Jan 01 2024 22:36,0
T2882,C111,101.14,32.0,0,88.58,1,pos,East,grocery,Walmart,2024/01/01 12:06,0
T2883,C260,143.18,36.0,0,111.58,0,web,South,electronics,Starbucks,02/01/2024 00:04,0
T2884,C159,17.44,65.0,0,157.32,0,mobile,West,grocery,Starbucks,01/01/2024 23:10,0
T2885,C181,61.91,39.0,1,139.53,0,pos,West,electronics,Walmart,01/01/2024 02:39,0
T2886,C471,0.94,38.0,0,139.3,0,pos,East,grocery,,2024-01-01 22:40:17,0
T2887,C459,28.33,69.0,0,42.54,0,web,West,electronics,BestBuy,2024/01/01 23:12,0
T2888,C125,129.63,61.0,0,126.24,0,pos,West,travel,Amazon,Jan 01 2024 12:31,0
T2889,C430,480.48,49.0,0,56.08,0,mobile,East,shopping,Target,01/01/2024 06:55,0
T2890,C333,10.44,67.0,0,35.93,0,pos,North,electronics,BestBuy,2024-01-01 19:08:27,0
T2891,C277,51.33,40.0,0,96.41,0,web,East,travel,Target,Jan 01 2024 03:03,0
T2892,C163,160.98,30.0,0,54.79,0,pos,East,food,Starbucks,Jan 01 2024 06:22,0
T2893,C454,22.82,22.0,0,139.53,0,mobile,South,,BestBuy,2024/01/01 15:10,0
T2894,C117,80.99,21.0,0,140.73,0,mobile,South,grocery,BestBuy,Jan 01 2024 23:08,0
T2895,C457,132.08,,0,4.87,0,pos,North,shopping,BestBuy,2024-01-01 21:16:25,0
T2896,C354,95.71,31.0,0,58.58,0,pos,East,,Amazon,2024-01-01 00:37:17,0
T2897,C351,20.83,25.0,2,27.01,0,mobile,East,travel,Starbucks,2024-01-01 18:07:43,0
T2898,C207,43.91,26.0,0,76.87,0,web,North,shopping,,Jan 01 2024 19:26,0
T2899,C152,153.15,68.0,1,122.76,0,mobile,South,electronics,Amazon,Jan 01 2024 05:47,0
T2900,C191,80.79,52.0,1,87.89,0,pos,East,grocery,Amazon,2024/01/01 01:35,0
T2901,C481,0.52,54.0,1,70.51,0,pos,North,food,BestBuy,2024-01-01 12:18:42,0
T2902,C120,143.13,38.0,0,165.01,1,web,South,electronics,Amazon,2024-01-01 12:30:03,0
T2903,C451,3.59,35.0,1,-15.24,0,mobile,West,shopping,Walmart,Jan 01 2024 23:51,0
T2904,C426,136.94,50.0,1,161.84,0,mobile,North,electronics,,Jan 01 2024 02:32,0
T2905,C212,22.62,25.0,1,72.79,0,web,North,electronics,Amazon,2024-01-01 08:14:18,0
T2906,C373,317.18,68.0,1,96.09,0,mobile,East,shopping,BestBuy,Jan 01 2024 01:34,0
T2907,C163,45.88,66.0,0,73.63,0,web,West,shopping,Starbucks,01/01/2024 04:58,0
T2908,C388,39.59,,0,177.14,1,mobile,South,food,Walmart,2024-01-01 07:45:48,0
T2909,C466,16.12,60.0,0,38.45,0,web,West,shopping,BestBuy,01/01/2024 15:32,0
T2910,C356,36.47,48.0,0,100.59,0,web,East,,,Jan 01 2024 18:29,0
T2911,C416,209.27,51.0,0,126.37,0,web,East,shopping,Walmart,2024/01/01 07:42,0
T2912,C286,560.87,23.0,0,19.45,0,pos,South,travel,Target,2024/01/02 01:39,0
T2913,C357,45.94,39.0,0,54.01,0,pos,South,shopping,Amazon,2024/01/01 07:24,0
T2914,C210,59.53,31.0,0,92.59,0,pos,South,shopping,Starbucks,01/01/2024 18:49,0
T2915,C101,128.04,20.0,1,55.67,1,mobile,East,shopping,Amazon,01/01/2024 04:50,1
T2916,C144,217.33,29.0,0,59.22,0,web,South,,Starbucks,01/01/2024 12:36,0
T2917,C257,89.91,53.0,0,82.51,0,mobile,South,,Target,2024-01-01 11:18:29,0
T2918,C291,49.68,29.0,0,132.48,0,mobile,South,shopping,BestBuy,01/01/2024 07:58,0
T2919,C191,53.21,62.0,0,82.86,0,web,North,shopping,BestBuy,01/01/2024 01:42,0
T2920,C424,118.95,19.0,0,153.92,0,pos,South,food,BestBuy,2024/01/02 03:40,0
T2921,C491,0.32,19.0,1,50.11,0,mobile,East,electronics,Walmart,Jan 01 2024 19:13,0
T2922,C378,96.65,32.0,0,37.4,0,mobile,North,food,Starbucks,01/01/2024 13:04,0
T2923,C121,43.93,40.0,0,196.32,1,mobile,East,grocery,Amazon,2024/01/01 00:18,0
T2924,C141,7904.000000000001,46.0,0,67.1,0,pos,West,grocery,Walmart,2024-01-01 21:28:53,0
T2925,C151,9.76,34.0,0,34.45,0,web,North,grocery,Walmart,2024/01/01 13:52,0
T2926,C241,88.72,49.0,0,12.9,0,web,South,shopping,Amazon,Jan 01 2024 10:00,0
T2927,C257,65.58,,0,153.76,0,mobile,North,food,Target,2024-01-01 18:47:31,0
T2928,C290,102.81,47.0,0,82.93,1,web,East,shopping,BestBuy,2024-01-01 23:44:47,0
T2929,C292,6.71,45.0,0,87.31,1,pos,North,grocery,Target,2024-01-01 20:29:35,0
T2930,C192,86.75,31.0,1,92.04,1,web,West,electronics,,2024/01/01 23:09,1
T2931,C459,82.44,61.0,0,150.65,0,mobile,South,electronics,BestBuy,2024/01/01 03:18,0
T2932,C236,4112.5,47.0,0,91.02,1,mobile,South,,Target,2024-01-01 00:15:44,0
T2933,C169,92.5,34.0,0,217.2,1,web,West,electronics,Walmart,01/01/2024 14:33,0
T2934,C247,112.85,49.0,1,106.69,0,mobile,East,,Amazon,01/01/2024 05:25,0
T2935,C398,163.47,63.0,0,153.09,0,pos,North,food,Walmart,2024-01-01 06:14:16,0
T2936,C346,31.45,23.0,1,140.26,0,pos,East,food,,2024-01-01 02:49:35,0
T2937,C254,174.33,68.0,0,98.18,0,pos,East,,,2024/01/01 06:55,0
T2938,C248,68.97,,0,70.65,0,pos,East,grocery,BestBuy,01/01/2024 00:55,0
T2939,C104,8.02,23.0,0,116.6,0,mobile,South,,BestBuy,2024/01/01 22:28,0
T2940,C232,6.03,44.0,0,125.5,0,mobile,North,grocery,,Jan 01 2024 14:59,0
T2941,C207,40.68,35.0,1,71.37,0,web,South,food,BestBuy,Jan 01 2024 10:58,0
T2942,C284,153.66,41.0,0,108.32,0,mobile,South,electronics,Starbucks,2024-01-01 09:12:16,0
T2943,C496,122.99,54.0,0,161.81,0,web,South,grocery,,2024-01-01 07:39:22,0
T2944,C113,155.41,41.0,0,203.5,0,mobile,North,travel,,2024/01/02 03:38,0
T2945,C285,72.83,55.0,0,142.72,1,web,West,food,BestBuy,2024-01-01 12:29:13,0
T2946,C499,58.02,51.0,0,193.14,1,web,South,shopping,Walmart,01/01/2024 21:18,0
T2947,C296,15.95,57.0,1,68.53,1,pos,South,,BestBuy,2024/01/01 21:00,0
T2948,C438,39.78,64.0,2,135.09,0,web,South,food,Walmart,2024-01-02 00:47:44,0
T2949,C254,56.92,32.0,0,166.93,0,web,North,grocery,Target,2024-01-01 14:21:39,0
T2950,C340,9.28,28.0,0,55.18,0,web,North,travel,BestBuy,Jan 01 2024 23:11,0
T2951,C214,1246.0,,0,75.72,0,web,East,shopping,,2024/01/01 05:19,0
T2952,C116,91.19,41.0,0,186.9,1,web,South,electronics,Walmart,Jan 01 2024 22:18,0
T2953,C181,133.05,18.0,0,51.25,0,pos,South,grocery,Starbucks,02/01/2024 03:20,0
T2954,C208,640.55,35.0,0,32.94,0,web,North,food,Starbucks,2024/01/01 23:53,0
T2955,C363,270.48,61.0,1,176.4,0,web,North,food,Amazon,Jan 01 2024 23:03,0
T2956,C132,102.88,29.0,0,159.84,1,web,South,electronics,Walmart,Jan 01 2024 14:49,0
T2957,C243,54.69,60.0,1,121.61,0,mobile,West,travel,Walmart,2024-01-02 03:41:36,0
T2958,C244,101.11,45.0,0,97.71,0,mobile,East,grocery,Walmart,01/01/2024 23:05,0
T2959,C208,154.02,,0,78.07,0,pos,East,electronics,Starbucks,01/01/2024 17:00,0
T2960,C245,12.59,24.0,0,114.1,0,web,South,electronics,Starbucks,2024-01-02 03:24:04,0
T2961,C469,52.75,40.0,0,178.99,0,web,East,food,Starbucks,2024-01-01 19:35:51,0
T2962,C146,183.13,38.0,0,111.93,1,mobile,East,,,2024-01-01 09:53:49,0
T2963,C400,48.42,51.0,0,208.35,0,web,South,shopping,BestBuy,2024/01/01 12:34,0
T2964,C122,84.83,28.0,0,55.1,0,pos,East,shopping,Starbucks,Jan 01 2024 03:51,0
T2965,C324,88.62,39.0,1,99.02,1,web,North,grocery,Target,2024-01-01 16:15:49,1
T2966,C428,20.39,59.0,0,81.35,0,pos,South,electronics,,2024/01/02 02:40,0
T2967,C150,44.98,52.0,0,45.74,1,mobile,North,food,BestBuy,Jan 02 2024 02:29,0
T2968,C454,40.72,69.0,2,92.35,1,pos,South,grocery,BestBuy,01/01/2024 16:21,1
T2969,C360,2.65,46.0,1,120.87,0,pos,North,travel,BestBuy,2024-01-01 03:33:12,0
T2970,C131,2.45,59.0,0,126.21,0,pos,East,food,,01/01/2024 17:36,0
T2971,C318,178.2,45.0,0,208.52,0,pos,West,,BestBuy,2024-01-01 04:17:10,0
T2972,C219,31.89,35.0,0,123.22,1,pos,North,grocery,Target,2024-01-01 10:52:10,0
T2973,C395,73.0,,0,157.51,1,pos,North,shopping,Amazon,01/01/2024 11:48,0
T2974,C486,35.49,35.0,0,103.3,0,pos,West,food,BestBuy,2024/01/01 19:57,0
T2975,C283,282.48,45.0,0,183.9,0,pos,West,food,Walmart,2024-01-01 19:12:00,0
T2976,C296,30.02,41.0,0,219.92,0,pos,North,grocery,Amazon,Jan 01 2024 17:03,0
T2977,C429,56.15,25.0,0,126.55,1,mobile,North,food,BestBuy,2024-01-01 15:07:35,0
T2978,C217,206.14,59.0,0,50.37,0,pos,North,,Target,2024-01-01 14:11:18,0
T2979,C147,184.47,62.0,0,72.56,0,pos,South,grocery,Starbucks,01/01/2024 08:38,0
T2980,C283,20.59,25.0,0,114.1,0,web,North,electronics,BestBuy,2024-01-01 19:10:55,0
T2981,C230,162.27,21.0,0,122.82,0,web,North,,Walmart,2024-01-01 02:39:57,0
T2982,C131,61.28,44.0,1,134.92,1,web,West,food,Target,2024/01/01 00:33,0
T2983,C247,65.97,53.0,0,123.01,0,pos,West,,Amazon,02/01/2024 03:25,0
T2984,C173,14.33,22.0,0,100.35,0,mobile,South,food,,2024/01/01 23:14,0
T2985,C275,8.4,50.0,0,68.19,0,mobile,South,travel,BestBuy,2024-01-02 02:06:19,0
T2986,C500,130.17,66.0,0,120.06,0,web,East,travel,Walmart,2024/01/01 03:44,0
T2987,C348,68.61,51.0,0,192.75,0,web,North,shopping,,01/01/2024 23:53,0
T2988,C319,57.42,,0,151.0,0,pos,North,grocery,Target,2024/01/01 18:12,0
T2989,C414,130.75,25.0,0,126.74,0,mobile,West,,Starbucks,2024-01-01 07:38:07,0
T2990,C363,145.04,56.0,0,151.48,1,mobile,East,,Starbucks,2024-01-01 18:35:39,0
T2991,C477,17.31,64.0,1,81.45,0,web,North,travel,BestBuy,01/01/2024 00:53,0
T2992,C358,94.22,43.0,0,74.59,1,mobile,East,travel,Amazon,2024-01-01 02:14:37,0
T2993,C164,14.54,54.0,0,62.61,0,web,South,shopping,,Jan 01 2024 00:45,0
T2994,C232,139.18,51.0,0,93.74,0,web,North,shopping,Walmart,Jan 01 2024 07:16,0
T2995,C190,106.99,24.0,0,78.9,0,pos,North,electronics,,2024/01/01 13:03,0
T2996,C187,313.76,57.0,0,160.41,0,web,South,grocery,Amazon,Jan 02 2024 03:13,0
T2997,C478,7.15,45.0,0,76.23,0,pos,North,shopping,Target,2024/01/01 03:36,0
T2998,C171,5.87,56.0,0,59.86,0,mobile,South,food,,2024-01-02 00:12:18,0
T2999,C154,33.15,56.0,0,197.13,0,mobile,South,grocery,Target,01/01/2024 07:51,0
T3000,C416,30.34,45.0,0,77.43,0,web,East,electronics,Walmart,2024/01/01 08:31,0
T3001,C428,28.37,31.0,1,107.68,0,web,West,travel,BestBuy,01/01/2024 01:00,0
T3002,C425,236.72,67.0,1,122.57,0,pos,West,electronics,Walmart,2024-01-02 00:27:04,0
T3003,C359,28.71,55.0,1,43.17,0,pos,South,,,Jan 01 2024 01:08,0
T3004,C228,31.74,21.0,0,161.77,0,mobile,East,travel,Walmart,Jan 01 2024 19:54,0
T3005,C403,142.46,59.0,0,131.86,0,mobile,South,electronics,Starbucks,2024-01-01 22:31:15,0
T3006,C200,59.74,35.0,0,177.92,1,web,East,electronics,BestBuy,01/01/2024 08:13,0
T3007,C395,149.93,61.0,1,66.04,0,web,East,,Target,Jan 01 2024 18:33,0
T3008,C407,6.76,65.0,0,104.96,1,pos,West,shopping,Target,2024-01-01 18:13:05,0
T3009,C475,66.86,42.0,0,101.97,0,web,West,food,Target,2024-01-01 10:40:19,0
T3010,C104,3.42,24.0,0,113.19,1,pos,East,electronics,Walmart,2024-01-02 01:46:16,0
T3011,C340,6.47,,0,27.27,0,mobile,West,,BestBuy,Jan 01 2024 11:52,0
T3012,C260,236.91,45.0,0,105.54,0,mobile,East,grocery,BestBuy,2024-01-01 22:46:25,0
T3013,C363,14.99,22.0,0,28.68,0,web,North,grocery,Starbucks,Jan 01 2024 01:48,0
T3014,C435,76.02,20.0,2,117.92,0,pos,South,shopping,BestBuy,2024/01/01 06:02,0
T3015,C273,52.95,61.0,0,-6.43,1,web,West,travel,Target,2024-01-01 01:10:23,0
T3016,C196,42.67,48.0,0,7.42,0,web,South,,BestBuy,2024/01/01 07:35,0
T3017,C425,230.09,64.0,0,140.93,0,pos,West,electronics,Starbucks,2024-01-01 13:42:19,0
T3018,C368,2.21,59.0,0,72.66,0,web,South,travel,,Jan 01 2024 01:28,0
T3019,C282,5450.0,37.0,1,50.61,0,pos,South,food,BestBuy,2024-01-01 17:30:46,0
T3020,C119,330.76,36.0,1,163.54,0,pos,West,food,Target,2024/01/02 02:09,0
T3021,C224,82.14,65.0,1,116.38,0,web,West,travel,BestBuy,2024/01/01 23:33,0
T3022,C490,276.18,,0,143.6,0,pos,West,travel,Walmart,2024/01/01 05:54,0
T3023,C126,5.37,,0,91.69,0,mobile,West,shopping,Starbucks,2024/01/01 09:17,0
T3024,C322,54.26,20.0,0,233.98,0,mobile,East,electronics,Starbucks,2024-01-01 15:45:31,0
T3025,C272,30.13,40.0,0,69.77,0,mobile,West,electronics,Starbucks,01/01/2024 11:38,0
T3026,C214,131.24,24.0,0,187.22,0,mobile,West,electronics,BestBuy,Jan 01 2024 08:33,0
T3027,C320,397.91,40.0,0,96.93,0,web,West,travel,Walmart,Jan 01 2024 01:25,0
T3028,C194,29.64,24.0,0,17.27,0,mobile,North,shopping,Starbucks,Jan 01 2024 19:21,0
T3029,C349,106.18,,2,124.14,1,mobile,South,grocery,Amazon,2024/01/01 13:35,0
T3030,C270,22.08,51.0,0,115.74,0,mobile,West,shopping,Target,Jan 01 2024 03:45,0
T3031,C358,83.32,59.0,0,47.43,1,mobile,West,travel,Amazon,01/01/2024 09:16,0
T3032,C152,62.35,,0,53.89,0,web,South,shopping,Amazon,2024/01/01 22:04,0
T3033,C297,357.57,26.0,0,98.77,1,mobile,South,,Starbucks,02/01/2024 03:05,0
T3034,C277,93.78,65.0,0,117.49,0,pos,East,food,Amazon,01/01/2024 13:52,0
T3035,C352,43.0,68.0,0,-23.53,0,pos,South,food,Amazon,Jan 01 2024 16:16,0
T3036,C261,12.11,,1,152.66,0,web,South,grocery,Walmart,01/01/2024 21:35,0
T3037,C281,16.4,58.0,0,75.28,0,web,North,food,Target,2024/01/01 18:53,0
T3038,C441,25.53,65.0,0,33.41,1,web,East,,BestBuy,01/01/2024 02:55,0
T3039,C273,28.9,62.0,0,147.05,0,mobile,North,electronics,Starbucks,2024-01-01 05:43:37,0
T3040,C331,190.12,59.0,0,98.82,0,web,South,,,2024-01-01 00:22:30,0
T3041,C123,82.38,42.0,0,160.81,0,mobile,West,electronics,Amazon,02/01/2024 01:49,0
T3042,C238,74.11,69.0,0,121.9,1,web,East,,BestBuy,2024-01-01 13:08:38,0
T3043,C122,12.19,31.0,0,99.92,0,pos,South,grocery,BestBuy,Jan 01 2024 23:23,0
T3044,C231,196.71,61.0,0,92.36,0,pos,South,travel,BestBuy,2024/01/02 00:29,0
T3045,C191,128.31,42.0,0,124.14,0,mobile,West,,Starbucks,01/01/2024 14:15,0
T3046,C212,7.01,36.0,0,79.32,0,web,West,shopping,Starbucks,2024-01-01 16:59:38,0
T3047,C173,123.04,56.0,0,57.37,1,pos,West,,,01/01/2024 21:03,0
T3048,C411,78.43,32.0,0,130.5,0,mobile,East,travel,Starbucks,2024/01/01 16:14,0
T3049,C196,8.53,33.0,1,92.78,0,pos,North,electronics,Starbucks,01/01/2024 00:10,0
T3050,C482,61.3,44.0,1,101.68,0,web,East,shopping,Walmart,2024/01/02 01:14,0
T3051,C498,66.3,,0,154.47,1,mobile,West,shopping,Starbucks,2024-01-01 21:17:37,0
T3052,C102,18.13,27.0,0,94.31,0,pos,East,travel,Amazon,2024/01/01 13:30,0
T3053,C363,291.32,21.0,0,100.75,1,web,West,travel,Amazon,Jan 01 2024 11:03,0
T3054,C397,189.7,68.0,0,70.02,0,mobile,North,,Walmart,01/01/2024 00:02,0
T3055,C339,110.57,,0,121.54,0,pos,East,electronics,Walmart,2024-01-01 13:25:38,0
T3056,C253,62.04,45.0,0,117.49,0,pos,North,food,Amazon,2024-01-01 10:59:03,0
T3057,C412,53.06,38.0,0,145.04,0,mobile,North,electronics,BestBuy,Jan 01 2024 00:54,0
T3058,C280,105.26,64.0,0,71.04,1,web,West,food,Starbucks,01/01/2024 00:41,0
T3059,C137,78.84,31.0,0,77.11,0,mobile,East,grocery,,2024-01-02 00:51:51,0
T3060,C252,6.43,50.0,0,139.61,0,pos,East,travel,Target,Jan 01 2024 17:04,0
T3061,C208,71.85,,0,112.61,1,pos,North,shopping,Walmart,2024/01/01 11:38,0
T3062,C437,164.2,27.0,0,54.69,0,pos,West,grocery,Target,Jan 01 2024 07:30,0
T3063,C484,61.48,36.0,0,165.33,0,web,North,electronics,BestBuy,2024-01-01 02:29:42,0
T3064,C487,5.34,47.0,0,15.08,0,pos,North,food,Target,2024-01-01 14:03:46,0
T3065,C445,154.31,39.0,0,139.21,0,pos,North,travel,Amazon,2024/01/01 15:54,0
T3066,C160,22.48,20.0,0,36.74,1,mobile,North,food,,2024-01-01 21:09:36,0
T3067,C173,29.92,54.0,0,194.29,0,pos,East,electronics,Target,2024/01/01 20:21,0
T3068,C329,18.0,58.0,0,22.77,0,mobile,South,electronics,Starbucks,2024-01-01 07:08:22,0
T3069,C242,40.08,35.0,0,157.61,0,pos,East,shopping,Walmart,2024/01/01 16:24,0
T3070,C466,141.37,,0,95.92,0,mobile,West,grocery,BestBuy,01/01/2024 17:05,0
T3071,C149,73.27,65.0,0,81.67,0,mobile,South,travel,Amazon,Jan 01 2024 05:52,0
T3072,C175,22.93,19.0,0,109.27,0,mobile,North,shopping,Target,2024-01-01 03:09:13,0
T3073,C262,210.23,29.0,0,131.6,0,mobile,East,food,Amazon,01/01/2024 21:21,0
T3074,C235,211.68,23.0,0,54.78,0,web,South,grocery,BestBuy,2024/01/01 04:13,0
T3075,C444,204.47,60.0,0,59.21,0,pos,North,travel,,01/01/2024 17:26,0
T3076,C363,27.29,57.0,0,132.48,0,web,East,,Walmart,2024-01-01 12:56:36,0
T3077,C354,60.01,61.0,0,14.63,0,pos,South,,Walmart,01/01/2024 23:05,0
T3078,C321,419.9,46.0,0,70.79,0,mobile,East,travel,Starbucks,Jan 01 2024 04:00,0
T3079,C413,147.85,47.0,0,252.03,0,pos,South,,,Jan 01 2024 08:13,0
T3080,C175,2.75,19.0,0,51.6,1,mobile,West,food,Target,2024/01/01 13:19,0
T3081,C279,6.74,26.0,0,157.39,0,pos,East,shopping,Amazon,2024-01-01 19:31:04,0
T3082,C106,62.35,64.0,0,70.7,0,mobile,East,shopping,Amazon,2024/01/01 17:59,0
T3083,C274,239.93,19.0,0,125.45,1,pos,South,shopping,Target,01/01/2024 17:01,0
T3084,C262,77.37,,1,132.72,0,pos,West,travel,BestBuy,Jan 01 2024 17:22,0
T3085,C494,68.88,50.0,0,156.45,0,pos,East,electronics,BestBuy,01/01/2024 06:40,0
T3086,C397,11.15,,0,89.99,1,mobile,West,grocery,Amazon,2024/01/01 14:24,0
T3087,C237,106.94,51.0,0,199.44,0,pos,West,shopping,Target,01/01/2024 15:53,0
T3088,C210,172.66,,0,70.53,0,mobile,East,grocery,Target,2024/01/01 05:06,0
T3089,C226,47.87,25.0,1,111.71,0,web,North,travel,Amazon,2024/01/01 08:21,0
T3090,C468,149.44,54.0,0,112.26,1,pos,South,grocery,Target,Jan 02 2024 00:25,0
T3091,C376,333.76,,0,43.9,1,mobile,East,shopping,Target,2024/01/01 09:10,0
T3092,C413,22.79,64.0,1,85.71,1,mobile,West,,Walmart,Jan 02 2024 00:49,0
T3093,C497,74.09,23.0,0,108.08,0,mobile,South,travel,Walmart,01/01/2024 18:48,0
T3094,C189,33.85,61.0,0,78.39,0,web,East,travel,Starbucks,Jan 01 2024 17:33,0
T3095,C228,157.43,57.0,0,222.05,0,mobile,South,food,Starbucks,2024/01/01 10:24,0
T3096,C496,86.18,62.0,0,58.07,0,web,South,travel,BestBuy,2024/01/01 18:10,0
T3097,C495,100.67,36.0,0,158.97,1,web,West,electronics,Walmart,2024-01-01 00:33:35,0
T3098,C239,159.91,49.0,0,142.82,0,mobile,North,electronics,Walmart,2024-01-02 00:14:50,0
T3099,C112,50.41,44.0,0,99.31,0,pos,North,,Walmart,01/01/2024 22:48,0
T3100,C206,246.62,18.0,0,56.74,0,web,South,travel,,Jan 01 2024 14:58,0
T3101,C324,76.15,60.0,0,61.59,0,mobile,West,electronics,BestBuy,Jan 01 2024 00:00,0
T3102,C344,17.19,69.0,0,74.1,0,web,West,electronics,Amazon,2024/01/01 01:50,0
T3103,C154,119.04,50.0,1,10.71,0,mobile,East,food,BestBuy,Jan 01 2024 06:46,0
T3104,C236,157.63,57.0,2,49.83,0,mobile,South,travel,Amazon,2024/01/01 11:58,0
T3105,C457,38.09,,0,25.88,0,web,East,food,Starbucks,Jan 01 2024 23:21,0
T3106,C287,194.62,22.0,0,167.29,1,mobile,West,,Walmart,2024-01-01 14:26:18,0
T3107,C284,236.6,34.0,0,130.92,0,web,South,food,Amazon,02/01/2024 00:09,0
T3108,C362,32.42,25.0,0,139.3,0,mobile,North,grocery,BestBuy,01/01/2024 04:47,0
T3109,C259,410.57,59.0,0,129.44,1,pos,North,grocery,Amazon,Jan 01 2024 13:52,0
T3110,C361,15.17,51.0,0,108.35,0,pos,East,travel,Target,Jan 01 2024 06:44,0
T3111,C441,22.57,26.0,0,173.03,0,web,South,grocery,Starbucks,2024/01/02 02:22,0
T3112,C227,20.36,40.0,0,69.46,0,web,West,grocery,Starbucks,01/01/2024 12:43,0
T3113,C190,224.42,52.0,1,105.33,0,web,East,food,Walmart,Jan 01 2024 17:35,0
T3114,C299,106.22,,1,137.35,0,web,North,travel,Walmart,2024-01-01 20:25:13,0
T3115,C117,16.5,24.0,1,33.94,0,pos,West,travel,BestBuy,2024/01/01 03:58,0
T3116,C484,58.04,32.0,0,254.83,0,web,South,grocery,Amazon,2024-01-01 17:29:56,0
T3117,C157,95.53,37.0,0,101.43,0,mobile,North,food,Target,Jan 01 2024 02:33,0
T3118,C443,8.72,67.0,0,107.1,0,mobile,West,food,Starbucks,Jan 01 2024 23:35,0
T3119,C116,214.06,42.0,1,162.84,0,web,North,food,Amazon,01/01/2024 23:03,0
T3120,C238,162.76,20.0,1,145.75,0,mobile,South,food,,2024/01/01 06:12,0
T3121,C495,70.36,,0,101.9,0,web,East,shopping,Amazon,Jan 01 2024 14:11,0
T3122,C482,341.51,41.0,1,106.51,0,mobile,West,grocery,Walmart,Jan 02 2024 00:00,0
T3123,C239,54.09,51.0,0,24.79,0,mobile,West,grocery,,01/01/2024 06:33,0
T3124,C132,414.21,63.0,1,72.18,0,web,South,grocery,Target,Jan 01 2024 21:59,0
T3125,C429,110.24,39.0,2,125.86,0,web,North,,Walmart,Jan 01 2024 06:35,0
T3126,C220,100.7,28.0,1,122.19,1,pos,North,,BestBuy,Jan 01 2024 22:57,0
T3127,C100,18.15,65.0,1,161.06,0,web,North,food,BestBuy,01/01/2024 02:15,0
T3128,C230,213.65,25.0,0,93.97,0,pos,West,travel,Walmart,2024-01-02 02:44:56,0
T3129,C208,55.77,56.0,0,30.64,0,web,West,electronics,Target,Jan 01 2024 17:29,0
T3130,C485,17.7,60.0,0,152.84,0,mobile,North,,Target,2024/01/01 15:55,0
T3131,C323,1.27,52.0,0,171.8,0,pos,West,grocery,,2024/01/01 15:03,0
T3132,C218,82.04,66.0,1,144.91,1,mobile,East,shopping,Walmart,2024-01-01 22:39:33,1
T3133,C252,74.95,63.0,0,91.82,0,web,South,,BestBuy,02/01/2024 00:22,0
T3134,C237,127.07,55.0,0,152.22,1,web,South,electronics,Walmart,2024/01/01 12:10,0
T3135,C459,220.96,25.0,0,271.45,0,web,West,shopping,Amazon,02/01/2024 00:19,0
T3136,C404,8.27,54.0,0,105.76,0,web,East,food,Target,2024-01-01 22:40:15,0
T3137,C277,131.49,44.0,0,34.41,1,pos,East,food,Amazon,Jan 01 2024 05:47,0
T3138,C167,20.75,45.0,1,70.69,0,pos,North,,BestBuy,2024-01-01 04:34:39,0
T3139,C292,195.32,57.0,0,131.27,1,web,South,food,Target,Jan 01 2024 20:43,0
T3140,C127,170.96,51.0,0,19.76,1,mobile,South,shopping,BestBuy,2024/01/01 08:10,0
T3141,C330,77.83,49.0,0,108.47,0,pos,South,electronics,,2024/01/01 21:23,0
T3142,C324,123.87,32.0,0,119.02,0,mobile,West,food,BestBuy,01/01/2024 05:47,0
T3143,C187,37.74,61.0,0,176.76,0,web,East,grocery,,2024/01/01 20:40,0
T3144,C277,63.71,34.0,0,165.51,0,pos,North,grocery,BestBuy,Jan 01 2024 12:12,0
T3145,C362,172.39,50.0,0,143.23,0,pos,West,shopping,BestBuy,2024-01-01 15:30:33,0
T3146,C370,61.48,,1,-8.13,0,pos,North,food,Amazon,Jan 01 2024 16:18,0
T3147,C273,44.29,63.0,0,146.05,0,mobile,West,shopping,Amazon,2024/01/01 06:29,0
T3148,C201,68.16,,0,135.28,0,web,South,grocery,Amazon,01/01/2024 06:35,0
T3149,C345,176.17,33.0,1,112.8,0,web,North,electronics,Target,2024/01/01 02:07,0
T3150,C175,40.83,46.0,1,13.49,0,pos,East,food,Starbucks,2024-01-02 03:03:40,0
T3151,C105,19.09,26.0,0,61.16,0,pos,East,electronics,Target,2024/01/01 22:26,0
T3152,C214,124.48,,0,41.66,0,web,West,food,Starbucks,2024/01/01 15:19,0
T3153,C393,174.86,66.0,0,-0.75,0,mobile,South,grocery,Starbucks,2024/01/01 05:34,0
T3154,C118,10.61,46.0,0,99.85,0,pos,West,food,Walmart,2024-01-01 14:26:01,0
T3155,C200,27.43,30.0,0,60.11,0,mobile,North,grocery,Walmart,2024-01-01 13:11:07,0
T3156,C222,15.31,38.0,1,231.27,1,mobile,East,travel,Walmart,2024/01/02 03:14,0
T3157,C190,42.76,38.0,0,91.56,0,web,East,grocery,,2024/01/01 03:10,0
T3158,C375,59.85,22.0,0,164.69,0,web,East,,Starbucks,01/01/2024 17:20,0
T3159,C181,138.16,27.0,0,21.55,0,mobile,East,food,Target,01/01/2024 09:04,0
T3160,C248,105.31,23.0,0,73.5,0,mobile,North,electronics,Starbucks,2024-01-01 04:12:42,0
T3161,C163,97.0,68.0,0,104.84,0,web,East,grocery,BestBuy,2024/01/01 19:52,0
T3162,C123,43.44,30.0,2,54.59,0,pos,West,food,BestBuy,Jan 01 2024 06:15,0
T3163,C452,184.17,18.0,1,78.89,0,mobile,East,grocery,Starbucks,2024-01-01 16:04:08,0
T3164,C379,63.73,37.0,0,89.1,0,pos,North,shopping,BestBuy,2024-01-01 13:02:05,0
T3165,C390,386.82,64.0,0,88.3,1,mobile,South,shopping,Starbucks,2024-01-01 19:54:24,0
T3166,C215,100.55,,0,192.76,0,web,South,shopping,Walmart,Jan 01 2024 07:27,0
T3167,C459,13.5,25.0,0,118.91,0,pos,East,,Starbucks,2024-01-01 10:45:46,0
T3168,C467,112.76,27.0,0,123.98,0,web,South,electronics,Walmart,Jan 01 2024 22:19,0
T3169,C292,39.32,26.0,0,126.98,0,mobile,North,grocery,Amazon,01/01/2024 23:53,0
T3170,C380,115.94,66.0,0,130.63,0,web,East,shopping,BestBuy,01/01/2024 19:02,0
T3171,C184,7.22,58.0,1,95.86,0,pos,North,food,Amazon,Jan 01 2024 05:19,0
T3172,C206,19.22,20.0,0,83.96,0,web,South,shopping,,2024/01/01 01:30,0
T3173,C489,193.61,28.0,0,108.34,0,pos,South,travel,Amazon,Jan 01 2024 23:50,0
T3174,C475,25.77,29.0,0,157.84,0,web,East,,Starbucks,2024-01-01 19:15:44,0
T3175,C140,181.43,27.0,0,156.31,0,web,South,electronics,Amazon,Jan 01 2024 20:36,0
T3176,C122,32.75,42.0,1,87.98,0,pos,East,travel,BestBuy,2024-01-01 12:54:47,0
T3177,C386,102.97,66.0,1,138.39,0,pos,East,food,Target,2024-01-01 06:28:47,0
T3178,C188,118.47,66.0,0,90.27,0,pos,West,shopping,BestBuy,2024/01/01 07:27,0
T3179,C471,71.88,42.0,1,101.69,0,mobile,West,travel,Target,Jan 01 2024 23:30,0
T3180,C127,36.43,28.0,1,76.32,0,web,West,travel,Starbucks,2024/01/01 17:08,0
T3181,C200,23.91,53.0,1,90.92,0,pos,North,electronics,,01/01/2024 07:10,0
T3182,C133,3.38,56.0,1,167.07,0,mobile,South,travel,,01/01/2024 19:54,0
T3183,C478,36.23,43.0,0,104.62,1,mobile,South,shopping,Starbucks,2024/01/02 02:07,0
T3184,C338,105.89,31.0,1,106.76,0,pos,West,grocery,BestBuy,01/01/2024 04:05,0
T3185,C255,278.55,56.0,0,27.64,1,pos,East,shopping,Starbucks,02/01/2024 01:18,0
T3186,C114,204.95,57.0,0,84.54,0,pos,East,travel,Target,01/01/2024 06:56,0
T3187,C357,145.27,18.0,0,87.93,0,mobile,East,travel,,01/01/2024 03:29,0
T3188,C319,155.33,21.0,0,58.54,0,mobile,East,travel,,2024-01-01 14:46:47,0
T3189,C215,109.36,47.0,0,101.08,0,web,North,,BestBuy,Jan 01 2024 10:14,0
T3190,C282,30.15,29.0,1,78.54,1,mobile,South,food,Target,02/01/2024 01:27,0
T3191,C450,237.73,52.0,0,104.0,0,pos,West,,Starbucks,2024/01/01 01:03,0
T3192,C274,111.09,30.0,0,106.08,0,web,North,travel,Walmart,2024/01/01 07:27,0
T3193,C239,82.2,69.0,0,52.21,0,web,South,grocery,Target,2024/01/01 20:00,0
T3194,C222,11.76,48.0,0,80.06,0,web,North,electronics,Target,2024-01-01 20:47:33,0
T3195,C462,59.25,,0,103.87,1,web,East,food,Amazon,2024/01/01 15:22,0
T3196,C468,61.68,60.0,0,159.21,0,pos,North,travel,Amazon,2024/01/01 06:11,0
T3197,C358,199.93,40.0,1,112.84,0,web,North,,Starbucks,Jan 01 2024 14:22,0
T3198,C191,79.11,,0,66.9,0,pos,East,grocery,,Jan 01 2024 03:14,0
T3199,C395,47.87,,0,119.95,1,mobile,East,electronics,,2024/01/01 00:26,0
T3200,C125,376.36,33.0,0,185.38,0,pos,West,shopping,Starbucks,2024/01/01 11:37,0
T3201,C432,11.73,24.0,0,145.84,1,web,West,shopping,Walmart,2024/01/02 00:02,0
T3202,C395,54.91,39.0,1,127.38,0,mobile,South,electronics,Starbucks,2024/01/01 22:36,0
T3203,C451,4.29,46.0,0,136.28,0,mobile,West,shopping,Target,Jan 01 2024 17:12,0
T3204,C445,134.67,28.0,0,172.0,0,mobile,West,grocery,Starbucks,2024-01-01 14:01:07,0
T3205,C141,250.2,50.0,0,153.78,0,web,South,grocery,Amazon,Jan 01 2024 17:55,0
T3206,C368,32.86,46.0,1,128.34,0,pos,North,shopping,Amazon,01/01/2024 01:08,0
T3207,C229,195.43,56.0,0,153.43,0,pos,North,travel,BestBuy,01/01/2024 13:17,0
T3208,C432,34.56,29.0,0,45.92,0,web,North,,Walmart,01/01/2024 23:12,0
T3209,C287,241.65,24.0,0,24.89,0,web,East,travel,Target,2024/01/01 18:16,0
T3210,C370,140.23,56.0,0,107.85,1,mobile,South,shopping,Walmart,01/01/2024 01:12,0
T3211,C114,163.43,59.0,0,103.43,0,pos,North,food,Amazon,2024/01/01 09:57,0
T3212,C244,1.82,65.0,0,72.8,0,web,West,grocery,Target,Jan 01 2024 11:27,0
T3213,C401,329.17,43.0,0,141.29,0,web,West,shopping,BestBuy,2024/01/01 13:27,0
T3214,C212,129.71,57.0,0,6.86,0,pos,West,grocery,Amazon,2024-01-01 03:43:18,0
T3215,C429,36.35,26.0,0,73.26,1,mobile,South,,,01/01/2024 10:17,0
T3216,C190,176.84,,1,75.75,0,mobile,South,food,Walmart,2024/01/01 07:02,0
T3217,C468,33.06,51.0,1,18.18,0,mobile,West,travel,Starbucks,2024/01/01 14:30,0
T3218,C486,206.16,62.0,1,174.74,0,pos,East,electronics,Walmart,2024-01-01 14:47:02,0
T3219,C368,11.94,30.0,0,32.04,0,web,East,food,Amazon,Jan 01 2024 05:11,0
T3220,C244,121.63,53.0,0,70.58,0,web,North,electronics,Walmart,2024/01/01 17:20,0
T3221,C372,77.8,42.0,0,145.4,0,web,North,grocery,,01/01/2024 03:32,0
T3222,C288,10.15,,0,132.3,0,web,North,,BestBuy,2024/01/01 16:33,0
T3223,C408,27.69,61.0,0,44.59,0,pos,North,electronics,Target,01/01/2024 02:47,0
T3224,C347,1.25,34.0,1,134.12,1,mobile,North,travel,Amazon,Jan 01 2024 22:09,1
T3225,C272,63.26,19.0,0,114.49,0,mobile,South,food,Walmart,2024-01-01 06:56:01,0
T3226,C149,35.85,30.0,0,216.65,1,mobile,South,food,,02/01/2024 02:34,0
T3227,C136,91.22,48.0,0,120.2,1,mobile,East,electronics,Target,2024/01/01 15:47,0
T3228,C357,35.27,46.0,0,92.94,0,web,East,shopping,Walmart,2024/01/01 13:47,0
T3229,C254,35.66,67.0,0,57.17,0,web,South,travel,BestBuy,2024/01/01 09:29,0
T3230,C276,135.94,45.0,0,62.79,0,pos,East,travel,Target,01/01/2024 16:51,0
T3231,C332,4.93,44.0,0,58.71,0,mobile,West,electronics,Starbucks,2024-01-01 15:03:57,0
T3232,C287,233.2,,1,168.55,0,web,East,,Starbucks,2024/01/01 05:43,0
T3233,C475,191.23,,1,100.9,0,web,West,grocery,Amazon,2024-01-01 17:30:52,0
T3234,C316,110.2,57.0,0,128.26,0,web,West,shopping,Starbucks,Jan 01 2024 22:51,0
T3235,C297,89.95,32.0,0,175.71,0,mobile,North,shopping,Walmart,2024/01/01 20:49,0
T3236,C326,222.84,50.0,0,-17.92,0,web,East,electronics,Starbucks,2024-01-01 05:33:42,0
T3237,C345,20.5,37.0,0,163.94,0,mobile,West,grocery,BestBuy,01/01/2024 19:15,0
T3238,C150,8.23,59.0,0,102.77,0,mobile,East,travel,Walmart,01/01/2024 17:27,0
T3239,C421,1369.0,29.0,0,121.75,0,pos,East,grocery,Amazon,Jan 01 2024 04:47,0
T3240,C179,158.27,54.0,0,58.58,1,pos,South,electronics,Amazon,2024/01/02 02:39,0
T3241,C277,3.53,26.0,1,62.24,0,mobile,South,grocery,Starbucks,01/01/2024 00:03,0
T3242,C344,87.42,40.0,0,124.44,0,mobile,North,food,Starbucks,2024/01/01 13:41,0
T3243,C131,538.99,25.0,0,219.23,0,mobile,East,electronics,Amazon,Jan 01 2024 22:27,0
T3244,C108,193.58,,0,150.17,0,web,South,food,Walmart,Jan 02 2024 00:26,0
T3245,C213,73.7,65.0,0,163.28,0,web,West,electronics,Target,Jan 01 2024 00:52,0
T3246,C343,6.58,31.0,0,90.4,0,web,West,travel,Amazon,2024/01/01 22:58,0
T3247,C258,178.01,44.0,0,69.99,1,pos,North,electronics,BestBuy,2024-01-01 01:25:59,0
T3248,C305,91.37,42.0,1,60.96,0,mobile,West,electronics,Walmart,2024-01-01 15:50:52,0
T3249,C435,610.5,30.0,0,75.59,0,web,East,electronics,Target,Jan 01 2024 13:46,0
T3250,C112,9.86,,0,-2.64,0,web,West,electronics,Target,2024-01-02 02:09:58,0
T3251,C169,240.38,62.0,0,63.75,0,pos,North,shopping,Walmart,2024-01-01 00:01:06,0
T3252,C308,110.62,48.0,0,71.98,0,pos,North,food,,2024/01/01 20:01,0
T3253,C247,176.78,54.0,0,91.23,0,mobile,West,electronics,,2024/01/01 22:05,0
T3254,C172,211.18,65.0,0,106.59,1,mobile,East,electronics,BestBuy,Jan 01 2024 14:16,0
T3255,C355,84.81,60.0,0,118.12,0,web,South,shopping,Walmart,2024/01/01 16:01,0
T3256,C200,72.87,22.0,0,99.25,0,web,East,grocery,,01/01/2024 02:16,0
T3257,C419,56.29,30.0,0,70.93,0,web,East,shopping,Amazon,2024/01/01 06:12,0
T3258,C322,38.12,45.0,0,1.83,0,web,East,shopping,,01/01/2024 03:22,0
T3259,C443,57.02,60.0,0,71.23,0,web,West,shopping,BestBuy,2024-01-01 12:48:51,0
T3260,C269,148.67,42.0,0,51.38,0,pos,South,electronics,Target,2024/01/01 21:10,0
T3261,C138,92.11,68.0,0,123.3,1,mobile,East,shopping,Amazon,01/01/2024 19:24,0
T3262,C299,223.05,52.0,1,145.46,0,pos,South,shopping,,Jan 01 2024 15:13,0
T3263,C479,58.59,64.0,0,146.93,0,mobile,North,shopping,Walmart,2024/01/01 09:39,0
T3264,C204,93.42,56.0,0,137.85,1,mobile,South,electronics,,2024-01-01 22:38:56,0
T3265,C455,99.78,24.0,0,93.32,0,mobile,West,travel,BestBuy,2024-01-01 09:37:36,0
T3266,C310,89.57,55.0,0,73.9,0,pos,North,travel,Starbucks,2024-01-02 03:01:41,0
T3267,C368,121.28,49.0,0,62.64,0,web,North,grocery,Walmart,01/01/2024 22:51,0
T3268,C468,27.11,20.0,0,24.63,0,mobile,East,electronics,Walmart,2024/01/01 18:41,0
T3269,C487,71.82,62.0,0,149.59,0,mobile,South,shopping,Walmart,Jan 01 2024 23:01,0
T3270,C273,11.01,56.0,0,91.26,0,pos,North,shopping,BestBuy,Jan 01 2024 23:05,0
T3271,C307,48.53,54.0,0,37.68,0,pos,North,shopping,Target,2024-01-01 00:00:02,0
T3272,C465,66.88,67.0,0,58.68,0,web,South,travel,Starbucks,Jan 01 2024 07:42,0
T3273,C410,105.62,,0,56.65,0,web,South,shopping,BestBuy,Jan 01 2024 14:41,0
T3274,C273,300.64,25.0,0,102.15,1,mobile,North,,,2024-01-01 00:12:43,0
T3275,C433,91.79,34.0,0,153.37,0,pos,North,travel,Target,2024-01-01 13:28:42,0
T3276,C270,136.1,69.0,0,82.6,0,web,South,shopping,Walmart,Jan 01 2024 06:54,0
T3277,C284,70.58,44.0,0,-12.63,0,web,West,grocery,BestBuy,2024-01-01 03:02:01,0
T3278,C107,100.54,50.0,0,90.54,0,web,South,,Amazon,Jan 01 2024 13:51,0
T3279,C377,7.36,63.0,0,92.19,1,pos,West,,Walmart,01/01/2024 05:20,0
T3280,C160,29.36,34.0,0,88.75,0,pos,North,electronics,,2024/01/02 00:14,0
T3281,C371,44.92,59.0,0,68.63,0,pos,East,grocery,Starbucks,2024-01-01 23:25:43,0
T3282,C295,63.96,29.0,0,110.87,0,pos,South,grocery,Amazon,2024/01/02 00:15,0
T3283,C343,4.67,65.0,0,103.31,0,pos,North,travel,Walmart,2024/01/01 07:29,0
T3284,C299,15.09,63.0,0,98.76,0,mobile,North,electronics,,2024-01-01 21:49:50,0
T3285,C323,32.41,44.0,0,120.63,1,mobile,East,grocery,Target,2024/01/01 00:41,0
T3286,C383,355.9,65.0,0,78.51,0,pos,South,food,,Jan 01 2024 15:04,0
T3287,C500,40.25,25.0,0,75.67,1,mobile,North,grocery,Amazon,Jan 01 2024 19:52,0
T3288,C250,65.79,40.0,0,169.01,0,pos,West,shopping,Amazon,Jan 01 2024 20:05,0
T3289,C334,21.83,59.0,0,127.97,1,mobile,East,travel,Walmart,2024-01-02 00:14:18,0
T3290,C457,94.36,66.0,0,141.35,0,mobile,West,shopping,Amazon,2024/01/01 21:17,0
T3291,C262,32.95,46.0,0,161.31,1,web,South,electronics,Walmart,2024-01-01 05:56:58,0
T3292,C217,23.19,67.0,0,126.3,0,pos,West,,Walmart,2024-01-01 01:14:25,0
T3293,C437,72.69,37.0,0,146.42,1,mobile,East,travel,Amazon,Jan 01 2024 19:34,0
T3294,C122,0.55,33.0,0,21.03,0,mobile,North,grocery,BestBuy,01/01/2024 02:55,0
T3295,C315,0.77,34.0,1,110.21,0,web,East,electronics,Starbucks,02/01/2024 02:45,0
T3296,C405,24.73,33.0,1,90.86,0,mobile,North,food,Starbucks,01/01/2024 11:23,0
T3297,C330,3.74,36.0,0,183.88,1,web,North,travel,BestBuy,2024/01/01 01:01,0
T3298,C246,11.43,25.0,0,146.38,0,mobile,West,shopping,Amazon,Jan 01 2024 18:55,0
T3299,C125,41.38,55.0,0,68.48,0,web,East,,Walmart,2024-01-01 19:34:23,0
T3300,C279,162.25,55.0,0,118.64,0,web,East,travel,Target,Jan 01 2024 22:57,0
T3301,C162,84.87,46.0,0,108.38,0,pos,North,food,BestBuy,2024-01-01 16:49:48,0
T3302,C473,71.88,58.0,0,122.72,0,pos,East,travel,Starbucks,02/01/2024 03:42,0
T3303,C357,34.74,53.0,0,49.06,0,mobile,South,shopping,Starbucks,2024-01-01 01:42:59,0
T3304,C242,268.46,43.0,0,118.0,0,pos,South,grocery,,2024-01-01 23:00:24,0
T3305,C267,50.59,48.0,1,88.59,0,pos,West,travel,Starbucks,2024-01-01 00:40:54,0
T3306,C126,9.11,61.0,0,114.12,1,pos,West,electronics,Starbucks,01/01/2024 23:43,0
T3307,C172,95.99,29.0,0,63.78,1,mobile,East,shopping,Walmart,2024/01/01 10:13,0
T3308,C347,12.09,34.0,0,70.75,0,mobile,West,shopping,Amazon,2024/01/01 06:09,0
T3309,C309,42.35,32.0,0,158.69,0,pos,East,food,Starbucks,01/01/2024 17:46,0
T3310,C259,70.81,26.0,0,47.42,0,pos,West,electronics,,2024/01/01 12:25,0
T3311,C313,207.32,56.0,0,51.11,0,mobile,South,food,Target,Jan 01 2024 11:35,0
T3312,C106,68.03,59.0,0,97.42,0,pos,North,shopping,Amazon,Jan 01 2024 14:09,0
T3313,C305,121.15,65.0,1,61.41,0,web,North,travel,Walmart,01/01/2024 03:38,0
T3314,C450,493.6,29.0,2,55.75,0,mobile,South,electronics,Walmart,01/01/2024 06:37,0
T3315,C181,14.1,49.0,0,105.25,0,mobile,North,shopping,Walmart,01/01/2024 12:49,0
T3316,C485,32.12,42.0,0,24.75,0,web,East,electronics,,2024/01/02 00:54,0
T3317,C287,50.18,56.0,0,49.6,0,pos,East,travel,BestBuy,2024/01/01 09:32,0
T3318,C449,54.79,35.0,0,202.7,0,web,South,grocery,Starbucks,01/01/2024 08:08,0
T3319,C195,52.94,32.0,0,122.97,0,pos,South,food,Amazon,Jan 02 2024 02:17,0
T3320,C119,11908.5,49.0,0,62.67,0,pos,South,food,Target,Jan 01 2024 01:04,0
T3321,C218,125.19,23.0,0,120.91,0,mobile,South,shopping,Target,2024/01/01 13:28,0
T3322,C240,93.63,61.0,1,128.37,0,mobile,North,shopping,Target,2024-01-01 01:01:15,0
T3323,C336,37.02,60.0,0,149.72,0,pos,North,,Target,2024/01/01 21:33,0
T3324,C158,173.61,69.0,1,93.64,0,web,North,shopping,BestBuy,Jan 01 2024 09:22,0
T3325,C468,310.24,52.0,0,148.82,0,mobile,East,shopping,Target,Jan 01 2024 16:40,0
T3326,C267,172.15,51.0,0,-1.92,0,pos,West,shopping,Starbucks,2024/01/01 00:03,0
T3327,C259,0.16,55.0,0,47.18,0,mobile,East,electronics,,2024/01/01 03:17,0
T3328,C165,101.17,22.0,0,108.19,0,mobile,West,electronics,Walmart,Jan 01 2024 06:22,0
T3329,C251,5.25,35.0,1,116.48,0,mobile,South,,Amazon,Jan 01 2024 14:55,0
T3330,C239,29.79,33.0,0,54.41,0,web,South,electronics,Starbucks,2024/01/01 17:32,0
T3331,C370,6.14,25.0,0,112.97,0,web,North,food,BestBuy,01/01/2024 22:42,0
T3332,C224,92.58,42.0,0,68.81,0,pos,North,grocery,Starbucks,Jan 01 2024 05:08,0
T3333,C100,116.02,49.0,1,86.15,1,web,West,shopping,Walmart,01/01/2024 07:53,0
T3334,C476,12.16,43.0,0,151.24,0,pos,West,food,Target,2024-01-01 23:13:30,0
T3335,C497,48.42,69.0,0,145.45,0,pos,North,grocery,,2024-01-01 04:53:27,0
T3336,C399,3046.0,,0,50.15,0,mobile,South,grocery,BestBuy,2024-01-01 05:09:47,0
T3337,C231,46.05,48.0,0,47.14,0,mobile,North,food,Amazon,01/01/2024 13:17,0
T3338,C313,12.9,60.0,0,79.44,0,web,South,grocery,,01/01/2024 02:31,0
T3339,C328,54.29,27.0,0,98.66,0,pos,South,,BestBuy,2024/01/01 13:13,0
T3340,C197,139.1,29.0,1,67.11,1,pos,East,grocery,Target,01/01/2024 02:11,0
T3341,C198,7.37,45.0,1,152.03,0,mobile,East,grocery,Starbucks,2024-01-01 07:20:45,0
T3342,C429,8.36,,0,117.37,0,mobile,West,grocery,BestBuy,Jan 01 2024 08:50,0
T3343,C150,43.82,,1,120.3,0,mobile,South,food,BestBuy,01/01/2024 14:01,0
T3344,C226,284.26,22.0,1,36.67,0,web,North,grocery,BestBuy,2024-01-01 04:35:55,0
T3345,C171,5521.5,40.0,0,158.36,1,pos,South,electronics,Target,01/01/2024 01:32,1
T3346,C143,113.53,26.0,1,-41.01,0,pos,West,electronics,BestBuy,02/01/2024 03:42,0
T3347,C155,44.93,46.0,2,141.7,0,pos,South,electronics,Starbucks,Jan 01 2024 05:54,0
T3348,C203,90.06,33.0,0,146.72,1,mobile,South,electronics,Amazon,Jan 01 2024 06:10,0
T3349,C416,1.02,63.0,0,78.38,0,web,West,electronics,Amazon,01/01/2024 05:30,0
T3350,C342,101.09,39.0,0,163.65,0,web,South,shopping,Walmart,2024/01/01 09:59,0
T3351,C145,244.52,25.0,0,96.85,1,mobile,East,grocery,Starbucks,01/01/2024 02:48,0
T3352,C491,94.82,37.0,0,103.12,0,web,West,travel,Starbucks,01/01/2024 08:57,0
T3353,C110,206.91,68.0,0,116.98,0,web,East,shopping,BestBuy,Jan 01 2024 04:55,0
T3354,C261,128.73,31.0,0,259.33,0,pos,West,food,Walmart,02/01/2024 02:47,0
T3355,C324,12.85,56.0,0,167.22,1,mobile,South,shopping,Starbucks,2024-01-01 13:00:37,0
T3356,C326,232.74,54.0,0,135.06,1,mobile,East,travel,Starbucks,Jan 01 2024 04:34,0
T3357,C181,6.88,67.0,0,54.36,0,mobile,East,shopping,,Jan 01 2024 05:30,0
T3358,C387,76.35,51.0,1,107.18,1,mobile,North,grocery,Target,2024/01/01 14:30,1
T3359,C166,15.33,28.0,0,59.34,0,pos,East,electronics,Starbucks,01/01/2024 03:39,0
T3360,C185,1.18,57.0,0,141.11,0,web,East,grocery,Target,Jan 01 2024 07:21,0
T3361,C237,54.82,,0,107.02,0,web,South,shopping,,2024/01/01 16:02,0
T3362,C143,34.96,48.0,1,43.77,0,pos,East,travel,Amazon,2024/01/01 03:05,0
T3363,C325,66.55,61.0,0,104.06,0,web,East,food,Target,2024-01-01 07:43:00,0
T3364,C363,86.09,51.0,0,57.53,0,mobile,East,grocery,Target,2024/01/01 22:57,0
T3365,C155,4.47,67.0,0,107.56,0,pos,South,travel,BestBuy,2024-01-01 23:18:40,0
T3366,C289,13.13,24.0,0,57.05,1,pos,West,food,Starbucks,2024-01-01 09:56:15,0
T3367,C332,81.79,66.0,0,101.37,0,mobile,South,electronics,Walmart,2024-01-01 03:52:46,0
T3368,C360,42.03,40.0,0,137.52,1,mobile,East,grocery,Walmart,2024-01-02 01:45:39,0
T3369,C134,130.63,63.0,0,97.35,1,mobile,West,grocery,,2024-01-02 03:02:13,0
T3370,C232,105.64,24.0,1,80.46,0,web,South,electronics,Walmart,01/01/2024 14:54,0
T3371,C138,186.82,42.0,0,110.16,0,mobile,South,electronics,Amazon,2024/01/01 03:48,0
T3372,C188,117.93,20.0,0,134.86,0,pos,West,shopping,Walmart,2024/01/01 17:36,0
T3373,C195,56.2,55.0,0,44.64,0,web,North,food,BestBuy,Jan 02 2024 01:40,0
T3374,C175,111.77,37.0,1,113.03,0,web,East,travel,Walmart,2024/01/01 06:16,0
T3375,C143,32.21,51.0,0,165.88,0,pos,North,electronics,BestBuy,2024-01-01 12:32:50,0
T3376,C213,36.57,66.0,0,128.68,0,web,East,shopping,Target,01/01/2024 10:31,0
T3377,C195,155.58,61.0,0,102.89,0,mobile,East,,Starbucks,2024/01/01 23:14,0
T3378,C236,59.13,61.0,0,131.99,0,mobile,North,food,Walmart,Jan 01 2024 14:15,0
T3379,C165,160.14,47.0,0,122.62,0,mobile,North,grocery,,01/01/2024 18:38,0
T3380,C342,172.83,34.0,0,137.68,0,mobile,East,shopping,BestBuy,01/01/2024 16:12,0
T3381,C478,194.89,27.0,0,-1.2,1,web,West,shopping,Starbucks,Jan 02 2024 01:35,0
T3382,C234,248.45,52.0,1,22.33,0,pos,West,grocery,Target,2024-01-01 01:16:30,0
T3383,C481,56.38,37.0,1,150.24,1,web,North,travel,Walmart,Jan 01 2024 23:16,0
T3384,C408,38.4,35.0,1,24.74,0,pos,North,electronics,BestBuy,Jan 01 2024 04:34,0
T3385,C393,87.27,62.0,0,120.08,0,pos,South,grocery,Walmart,01/01/2024 14:43,0
T3386,C398,46.39,61.0,0,82.4,0,mobile,West,electronics,Amazon,2024/01/01 19:02,0
T3387,C451,91.9,,0,50.19,0,web,West,,BestBuy,2024/01/02 00:45,0
T3388,C284,122.28,66.0,0,117.48,0,mobile,East,grocery,Target,Jan 01 2024 01:28,0
T3389,C303,116.61,53.0,0,110.05,1,web,South,travel,,2024-01-01 14:03:27,0
T3390,C104,46.93,,0,205.52,0,web,East,electronics,,2024/01/01 07:09,0
T3391,C413,18.26,49.0,0,68.76,0,mobile,South,electronics,Amazon,01/01/2024 15:35,0
T3392,C126,56.3,27.0,0,172.01,0,web,West,electronics,,2024/01/01 17:37,0
T3393,C472,15.38,28.0,0,117.62,0,mobile,East,shopping,Target,01/01/2024 09:58,0
T3394,C272,220.82,55.0,0,66.95,0,pos,South,electronics,Walmart,2024-01-02 00:51:22,0
T3395,C109,42.45,23.0,0,139.96,0,mobile,East,food,Walmart,Jan 01 2024 06:48,0
T3396,C491,16.78,58.0,0,128.29,0,web,South,electronics,BestBuy,2024/01/01 16:05,0
T3397,C319,2.58,64.0,0,101.79,0,web,North,,Starbucks,2024/01/01 19:41,0
T3398,C437,103.8,51.0,0,113.31,1,pos,East,,Amazon,2024-01-01 09:41:12,0
T3399,C478,101.31,53.0,1,70.15,0,pos,North,electronics,Amazon,Jan 01 2024 04:48,0
T3400,C194,41.64,,0,58.71,0,pos,South,electronics,Target,2024/01/02 01:00,0
T3401,C384,7.44,,0,137.97,0,mobile,East,grocery,Starbucks,2024/01/01 02:26,0
T3402,C253,52.7,57.0,0,88.8,0,mobile,South,food,Starbucks,2024/01/01 02:31,0
T3403,C108,37.28,57.0,1,96.0,0,web,South,shopping,Walmart,2024/01/02 01:04,0
T3404,C411,113.05,29.0,0,113.99,0,pos,North,grocery,Target,Jan 01 2024 15:14,0
T3405,C157,93.08,38.0,0,113.26,0,pos,East,shopping,,2024-01-01 00:12:54,0
T3406,C214,45.35,57.0,0,28.53,0,mobile,West,grocery,Target,01/01/2024 18:13,0
T3407,C308,24.58,36.0,0,164.31,0,web,South,travel,Starbucks,2024/01/01 06:24,0
T3408,C381,442.59,20.0,0,106.06,0,pos,North,food,Walmart,2024-01-02 01:21:41,0
T3409,C242,60.51,35.0,0,89.87,0,mobile,West,travel,Target,01/01/2024 09:04,0
T3410,C248,116.56,68.0,0,121.54,0,mobile,North,grocery,Walmart,2024/01/01 14:46,0
T3411,C268,15.15,36.0,0,111.83,0,pos,North,grocery,Target,2024-01-01 00:09:05,0
T3412,C325,66.47,64.0,0,138.35,0,pos,North,shopping,Starbucks,Jan 02 2024 02:45,0
T3413,C425,2.79,23.0,0,126.9,1,web,South,grocery,Walmart,Jan 01 2024 14:28,0
T3414,C248,70.41,33.0,0,135.89,0,pos,West,shopping,,Jan 01 2024 10:27,0
T3415,C142,332.47,25.0,1,167.55,0,mobile,South,shopping,Target,Jan 01 2024 17:04,0
T3416,C500,2424.0,65.0,0,144.18,0,pos,South,grocery,Starbucks,2024/01/01 11:46,0
T3417,C196,3.98,35.0,1,91.98,0,pos,East,shopping,Walmart,2024-01-01 19:58:51,0
T3418,C183,3.14,69.0,0,43.85,0,web,West,food,Amazon,Jan 01 2024 04:01,0
T3419,C360,49.1,65.0,0,183.39,1,mobile,East,travel,,Jan 02 2024 01:42,0
T3420,C369,17.44,60.0,0,88.11,0,pos,North,grocery,Starbucks,01/01/2024 00:56,0
T3421,C374,118.0,56.0,0,76.34,0,mobile,West,shopping,Amazon,2024-01-01 14:32:35,0
T3422,C265,141.15,66.0,0,13.16,0,web,West,shopping,,2024-01-01 14:02:44,0
T3423,C350,61.35,66.0,1,116.92,0,mobile,South,shopping,BestBuy,2024/01/01 21:12,0
T3424,C131,34.14,29.0,0,107.44,0,pos,North,shopping,BestBuy,2024-01-01 18:21:47,0
T3425,C440,230.34,62.0,0,24.24,0,pos,South,food,BestBuy,Jan 01 2024 05:02,0
T3426,C435,12.35,,0,122.66,0,web,East,grocery,Starbucks,01/01/2024 13:34,0
T3427,C473,312.17,,0,75.09,0,web,North,grocery,Starbucks,01/01/2024 22:51,0
T3428,C406,37.68,63.0,0,234.52,0,web,South,food,Starbucks,2024-01-01 04:47:08,0
T3429,C161,219.29,18.0,0,71.53,0,mobile,South,food,BestBuy,01/01/2024 05:17,0
T3430,C434,92.37,66.0,0,78.24,0,mobile,South,food,,2024/01/01 01:16,0
T3431,C126,175.28,53.0,0,56.26,0,mobile,North,grocery,Starbucks,2024-01-02 02:52:46,0
T3432,C117,413.6,38.0,0,163.89,0,mobile,East,electronics,Starbucks,01/01/2024 14:39,0
T3433,C388,34.02,54.0,1,81.36,0,web,West,travel,Starbucks,2024-01-01 02:58:11,0
T3434,C439,324.77,69.0,1,63.75,1,mobile,South,,BestBuy,2024/01/01 16:04,0
T3435,C321,49.34,41.0,0,135.35,1,mobile,North,food,Target,01/01/2024 22:48,0
T3436,C235,48.7,,0,30.98,0,mobile,West,grocery,,2024-01-01 10:56:21,0
T3437,C295,41.61,24.0,0,131.26,0,mobile,South,grocery,Target,2024-01-01 12:11:00,0
T3438,C233,77.96,59.0,1,189.07,1,web,North,travel,BestBuy,2024/01/01 17:43,0
T3439,C326,16.74,34.0,0,128.33,0,web,East,shopping,Walmart,01/01/2024 14:02,0
T3440,C151,80.68,46.0,0,131.89,0,pos,South,grocery,Walmart,2024-01-01 02:21:17,0
T3441,C334,78.02,47.0,0,143.5,0,pos,North,travel,Starbucks,2024/01/01 02:14,0
T3442,C160,143.51,24.0,1,185.49,0,mobile,South,grocery,BestBuy,01/01/2024 19:03,0
T3443,C136,179.37,50.0,0,160.49,0,mobile,North,grocery,Target,2024-01-01 07:59:57,0
T3444,C415,58.06,24.0,0,121.98,0,web,East,grocery,,2024-01-02 03:19:14,0
T3445,C104,36.0,41.0,0,145.19,0,pos,East,electronics,Walmart,01/01/2024 10:38,0
T3446,C158,30.02,28.0,1,55.7,0,mobile,North,electronics,Starbucks,01/01/2024 04:16,0
T3447,C386,21.64,26.0,0,138.81,0,pos,West,,,2024-01-01 10:22:14,0
T3448,C260,5.94,29.0,0,49.72,0,pos,East,,BestBuy,01/01/2024 16:53,0
T3449,C117,41.92,52.0,0,81.65,0,pos,South,travel,Starbucks,2024/01/01 03:11,0
T3450,C211,31.51,21.0,0,-54.13,0,web,East,grocery,BestBuy,2024-01-01 02:10:57,0
T3451,C125,339.37,53.0,0,120.07,0,mobile,South,electronics,BestBuy,01/01/2024 12:07,0
T3452,C308,81.58,45.0,1,67.81,0,mobile,East,grocery,Walmart,01/01/2024 02:10,0
T3453,C236,42.66,30.0,0,155.56,0,web,East,shopping,BestBuy,2024-01-01 03:49:51,0
T3454,C238,86.86,40.0,0,119.51,0,web,South,,,01/01/2024 14:01,0
T3455,C308,14.99,36.0,0,156.2,0,web,East,electronics,Starbucks,Jan 01 2024 19:27,0
T3456,C407,58.71,,1,45.82,0,pos,South,grocery,Amazon,2024/01/01 23:40,0
T3457,C460,98.41,54.0,0,151.92,0,pos,South,shopping,BestBuy,2024/01/01 14:27,0
T3458,C364,67.12,56.0,0,205.29,0,mobile,East,,,Jan 01 2024 07:29,0
T3459,C445,51.38,,0,138.21,0,mobile,East,food,Walmart,Jan 01 2024 22:54,0
T3460,C141,509.1,33.0,0,139.52,0,pos,South,shopping,Walmart,2024-01-02 01:12:46,0
T3461,C471,212.29,50.0,1,108.48,0,pos,North,electronics,Walmart,Jan 01 2024 23:34,0
T3462,C310,97.66,29.0,0,73.77,0,web,East,electronics,Walmart,Jan 01 2024 23:20,0
T3463,C414,84.25,51.0,0,138.06,0,pos,West,,Target,02/01/2024 03:38,0
T3464,C495,96.93,24.0,0,24.7,0,mobile,East,travel,Walmart,2024-01-01 14:46:31,0
T3465,C467,22.48,28.0,0,79.11,0,mobile,North,grocery,BestBuy,2024/01/01 10:14,0
T3466,C297,50.28,48.0,1,11.45,0,web,North,grocery,BestBuy,2024/01/01 06:20,0
T3467,C317,4.03,46.0,0,64.82,0,web,East,grocery,Starbucks,Jan 01 2024 07:57,0
T3468,C407,64.54,,0,132.1,0,mobile,East,shopping,Amazon,2024/01/01 19:07,0
T3469,C340,78.31,48.0,1,125.27,0,pos,West,food,Target,01/01/2024 18:24,0
T3470,C247,25.84,19.0,1,102.55,0,pos,East,food,,2024-01-01 20:44:00,0
T3471,C428,332.5,56.0,1,108.52,0,mobile,North,travel,Starbucks,01/01/2024 19:47,0
T3472,C374,240.19,32.0,0,5.71,0,pos,West,electronics,Starbucks,2024/01/02 02:38,0
T3473,C275,128.06,28.0,0,81.37,1,pos,East,grocery,Walmart,2024-01-01 11:51:34,0
T3474,C428,76.23,,0,65.93,0,mobile,West,shopping,Starbucks,2024/01/01 22:38,0
T3475,C461,204.0,56.0,0,67.05,0,mobile,West,shopping,Target,2024/01/01 17:43,0
T3476,C417,14.0,21.0,0,129.98,0,web,North,grocery,Amazon,Jan 02 2024 03:23,0
T3477,C168,156.31,28.0,0,56.97,1,mobile,North,shopping,Amazon,2024/01/01 16:59,0
T3478,C270,13.33,46.0,0,69.77,1,web,South,shopping,,2024/01/01 19:16,0
T3479,C383,158.09,19.0,1,-4.35,0,web,North,grocery,Walmart,2024/01/01 13:35,0
T3480,C393,32.26,33.0,1,85.29,0,pos,South,travel,Amazon,2024-01-01 20:40:35,0
T3481,C322,209.63,56.0,0,45.61,0,mobile,North,shopping,Amazon,2024-01-01 11:06:18,0
T3482,C437,288.32,30.0,0,103.96,0,pos,North,food,Walmart,Jan 01 2024 06:56,0
T3483,C364,16.11,54.0,0,52.44,0,mobile,South,food,Amazon,Jan 01 2024 19:49,0
T3484,C266,62.12,34.0,1,105.23,0,mobile,South,food,BestBuy,Jan 01 2024 15:46,0
T3485,C152,396.27,38.0,1,92.77,0,pos,South,grocery,Target,Jan 01 2024 20:21,0
T3486,C171,66.05,61.0,0,183.6,0,web,West,food,Amazon,2024-01-01 09:10:20,0
T3487,C185,199.18,36.0,1,124.86,0,mobile,South,electronics,Amazon,2024/01/01 02:33,0
T3488,C169,88.85,24.0,1,8.02,0,web,West,shopping,Walmart,2024/01/01 22:07,0
T3489,C180,47.05,55.0,0,36.76,0,pos,West,travel,Amazon,2024-01-01 19:49:23,0
T3490,C311,33.66,25.0,1,102.76,0,pos,South,food,Walmart,01/01/2024 05:32,0
T3491,C224,22.72,30.0,0,53.51,0,mobile,South,,Target,Jan 01 2024 02:21,0
T3492,C132,143.46,54.0,0,-48.42,0,pos,South,travel,BestBuy,2024/01/01 15:58,0
T3493,C412,48.86,19.0,0,167.48,0,mobile,North,grocery,Starbucks,Jan 01 2024 07:35,0
T3494,C165,71.6,58.0,0,136.01,0,mobile,North,travel,Target,2024/01/01 20:18,0
T3495,C360,67.79,28.0,1,126.05,0,mobile,South,travel,,2024/01/01 13:39,0
T3496,C264,86.1,41.0,0,69.63,1,mobile,East,shopping,BestBuy,Jan 01 2024 18:36,0
T3497,C386,200.68,23.0,0,121.38,1,mobile,South,travel,,01/01/2024 06:13,0
T3498,C145,394.97,43.0,0,64.78,0,pos,East,electronics,Starbucks,2024-01-01 14:52:23,0
T3499,C231,52.35,,0,110.24,0,mobile,North,electronics,Amazon,Jan 01 2024 16:35,0
T3500,C230,175.75,,0,53.97,0,web,North,electronics,Starbucks,2024-01-01 06:44:48,0
T3501,C476,144.62,36.0,1,175.81,1,mobile,East,grocery,Starbucks,01/01/2024 02:09,0
T3502,C313,85.22,23.0,0,21.49,0,mobile,North,shopping,Target,01/01/2024 01:51,0
T3503,C125,312.46,60.0,1,161.61,0,mobile,South,grocery,Target,2024-01-01 15:31:09,0
T3504,C479,22.37,46.0,0,101.95,0,pos,East,food,Starbucks,2024/01/02 01:17,0
T3505,C274,11.57,60.0,0,75.53,0,web,East,electronics,Walmart,2024/01/01 15:38,0
T3506,C297,192.39,56.0,1,108.35,0,web,West,shopping,Amazon,2024/01/01 03:41,0
T3507,C188,57.83,19.0,0,136.67,0,web,North,electronics,Walmart,01/01/2024 02:57,0
T3508,C487,187.71,36.0,0,168.34,0,pos,East,shopping,Walmart,Jan 01 2024 01:47,0
T3509,C180,223.58,21.0,0,115.66,0,pos,East,grocery,Starbucks,01/01/2024 14:58,0
T3510,C123,6.45,23.0,0,55.47,1,mobile,East,grocery,Amazon,2024-01-01 19:25:14,0
T3511,C130,214.96,66.0,0,102.78,1,pos,North,electronics,Walmart,01/01/2024 23:13,0
T3512,C462,59.48,54.0,0,190.84,0,web,East,travel,Target,01/01/2024 18:28,0
T3513,C359,71.42,45.0,0,167.38,0,web,East,shopping,Target,2024/01/02 02:11,0
T3514,C349,98.51,47.0,0,145.44,0,pos,South,,Amazon,2024/01/01 01:11,0
T3515,C127,260.89,24.0,0,139.78,1,pos,South,travel,,2024-01-01 17:01:30,0
T3516,C479,1.93,26.0,0,134.97,0,web,West,grocery,BestBuy,Jan 01 2024 02:10,0
T3517,C232,64.79,42.0,1,157.94,0,web,East,shopping,BestBuy,01/01/2024 05:15,0
T3518,C385,116.39,50.0,0,77.17,0,web,North,travel,Amazon,Jan 01 2024 20:04,0
T3519,C145,128.27,18.0,1,32.25,0,web,West,food,Amazon,01/01/2024 09:08,0
T3520,C330,117.94,68.0,0,103.45,0,web,West,travel,BestBuy,2024-01-01 17:44:47,0
T3521,C433,14.44,23.0,0,59.12,0,pos,West,,Walmart,2024/01/01 12:33,0
T3522,C404,35.58,35.0,0,47.25,0,pos,East,grocery,Walmart,2024-01-01 21:25:45,0
T3523,C369,44.43,27.0,1,63.99,0,mobile,West,shopping,Starbucks,01/01/2024 11:59,0
T3524,C101,163.19,45.0,0,224.27,0,mobile,North,grocery,Amazon,Jan 01 2024 14:29,0
T3525,C485,32.68,28.0,0,106.81,0,mobile,South,,Walmart,02/01/2024 03:38,0
T3526,C140,23.66,50.0,0,118.1,1,pos,South,travel,BestBuy,2024-01-01 10:17:42,0
T3527,C475,315.7,18.0,0,38.88,1,mobile,East,grocery,BestBuy,2024-01-01 11:21:43,0
T3528,C311,0.89,30.0,0,7.81,0,mobile,North,shopping,Target,01/01/2024 14:59,0
T3529,C312,612.88,54.0,0,59.05,1,pos,North,food,Walmart,2024/01/01 06:33,0
T3530,C254,5647.5,37.0,0,171.91,0,web,North,shopping,,2024-01-01 06:46:13,0
T3531,C477,176.3,,1,116.71,0,pos,East,grocery,,2024-01-01 03:03:24,0
T3532,C489,1745.0,,0,129.93,0,pos,North,grocery,Amazon,01/01/2024 11:47,0
T3533,C375,1.44,20.0,0,136.93,0,web,South,travel,Target,02/01/2024 02:19,0
T3534,C328,133.89,35.0,0,70.43,0,mobile,North,food,BestBuy,01/01/2024 13:39,0
T3535,C244,179.66,58.0,0,169.4,0,pos,North,shopping,BestBuy,01/01/2024 15:55,0
T3536,C436,134.89,31.0,0,68.36,0,pos,East,grocery,Amazon,Jan 01 2024 00:35,0
T3537,C213,15.41,48.0,0,170.31,0,web,West,,Starbucks,Jan 01 2024 06:27,0
T3538,C199,140.01,44.0,1,122.12,0,pos,West,electronics,Starbucks,2024/01/01 22:08,0
T3539,C390,146.5,34.0,0,10.55,1,mobile,East,food,BestBuy,2024/01/02 01:30,0
T3540,C259,107.45,63.0,0,62.6,0,web,East,food,Amazon,2024/01/02 00:00,0
T3541,C474,145.29,46.0,0,10.75,0,pos,East,electronics,,Jan 01 2024 21:39,0
T3542,C434,187.03,53.0,0,158.16,0,mobile,East,food,Target,2024/01/01 17:05,0
T3543,C307,95.09,54.0,0,98.76,0,mobile,North,electronics,Starbucks,2024/01/01 08:43,0
T3544,C263,9.28,43.0,1,-11.42,0,pos,North,shopping,Starbucks,01/01/2024 18:02,0
T3545,C455,66.87,34.0,0,118.79,0,mobile,West,electronics,Starbucks,2024/01/01 07:46,0
T3546,C412,8.08,39.0,0,73.14,0,web,East,travel,Walmart,2024-01-01 15:01:42,0
T3547,C261,52.35,42.0,1,25.81,0,mobile,East,electronics,Walmart,2024-01-01 14:33:54,0
T3548,C157,52.27,19.0,0,183.9,0,web,North,shopping,Target,01/01/2024 02:11,0
T3549,C427,6.83,39.0,0,105.36,0,web,East,food,Starbucks,Jan 01 2024 19:44,0
T3550,C194,42.9,22.0,0,85.33,0,web,South,travel,BestBuy,01/01/2024 05:33,0
T3551,C330,588.5,21.0,0,80.03,0,pos,North,electronics,Starbucks,Jan 02 2024 01:45,0
T3552,C298,165.15,53.0,0,24.34,0,mobile,South,shopping,Target,2024-01-02 02:01:48,0
T3553,C201,295.05,23.0,1,34.77,0,pos,North,travel,Target,02/01/2024 02:51,0
T3554,C168,7.51,69.0,1,164.25,0,pos,North,travel,BestBuy,Jan 01 2024 20:11,0
T3555,C398,310.37,38.0,1,76.31,1,web,North,,Walmart,2024-01-01 11:05:07,1
T3556,C129,73.94,,0,101.1,0,pos,West,,BestBuy,2024-01-01 04:17:59,0
T3557,C371,35.61,54.0,0,-2.22,0,mobile,West,shopping,Target,2024-01-01 23:51:42,0
T3558,C363,8.0,42.0,0,34.1,0,pos,North,shopping,BestBuy,Jan 01 2024 18:15,0
T3559,C484,69.44,43.0,0,130.49,0,pos,North,shopping,Starbucks,Jan 01 2024 03:00,0
T3560,C425,158.24,,0,118.89,0,web,North,grocery,Target,2024/01/01 02:09,0
T3561,C357,122.79,37.0,0,187.67,0,web,North,food,Walmart,01/01/2024 04:37,0
T3562,C151,5.15,50.0,0,167.15,0,pos,East,shopping,Walmart,02/01/2024 02:08,0
T3563,C391,7.57,31.0,0,88.46,0,web,East,,,01/01/2024 11:45,0
T3564,C164,51.56,53.0,0,123.65,0,pos,East,grocery,BestBuy,Jan 01 2024 20:55,0
T3565,C448,35.0,34.0,0,84.17,0,mobile,West,travel,BestBuy,Jan 01 2024 03:49,0
T3566,C338,26.45,38.0,0,202.74,0,mobile,South,food,Starbucks,2024/01/01 16:54,0
T3567,C447,32.99,63.0,0,157.45,0,web,North,travel,,01/01/2024 12:55,0
T3568,C259,162.7,,1,108.48,0,mobile,East,,Target,2024/01/01 21:02,0
T3569,C468,264.83,63.0,0,110.02,1,mobile,East,travel,Target,01/01/2024 15:42,0
T3570,C137,51.94,33.0,0,172.24,0,pos,East,electronics,Walmart,2024-01-02 02:51:03,0
T3571,C170,236.56,37.0,0,128.98,0,web,North,food,BestBuy,Jan 01 2024 18:33,0
T3572,C191,38.79,46.0,0,177.93,0,mobile,North,grocery,Amazon,01/01/2024 16:47,0
T3573,C284,64.71,45.0,0,-9.68,0,web,South,grocery,BestBuy,02/01/2024 00:49,0
T3574,C162,25.62,25.0,0,123.06,0,web,West,food,Walmart,2024/01/01 15:01,0
T3575,C362,102.3,,0,74.23,0,web,South,travel,Starbucks,2024-01-01 08:29:51,0
T3576,C191,386.23,20.0,0,187.82,1,mobile,North,electronics,BestBuy,2024-01-02 00:36:03,0
T3577,C274,92.51,42.0,0,177.32,0,web,South,electronics,Target,2024/01/01 16:25,0
T3578,C191,44.29,36.0,1,101.64,0,web,East,shopping,Starbucks,Jan 01 2024 03:59,0
T3579,C131,104.36,50.0,0,176.78,0,pos,South,food,Walmart,01/01/2024 10:50,0
T3580,C136,13.12,,1,189.16,0,pos,East,electronics,Amazon,2024-01-02 00:09:06,0
T3581,C340,219.52,32.0,0,103.72,0,pos,South,travel,,2024/01/01 07:19,0
T3582,C315,69.93,39.0,0,223.6,0,pos,East,travel,Starbucks,Jan 01 2024 10:09,0
T3583,C281,59.67,27.0,0,98.43,0,web,South,grocery,Starbucks,Jan 01 2024 00:36,0
T3584,C406,88.16,35.0,0,89.27,0,pos,West,electronics,Target,2024/01/01 08:36,0
T3585,C285,98.03,39.0,0,143.29,0,pos,South,electronics,BestBuy,Jan 01 2024 06:50,0
T3586,C254,7.45,63.0,0,82.31,0,mobile,North,travel,Amazon,2024-01-01 15:21:41,0
T3587,C343,114.76,66.0,1,104.27,0,pos,North,,Starbucks,Jan 01 2024 04:37,0
T3588,C448,27.7,44.0,1,170.47,0,pos,East,,Target,01/01/2024 00:12,0
T3589,C252,125.16,,1,100.96,0,mobile,North,travel,BestBuy,2024/01/01 13:14,0
T3590,C215,172.9,50.0,0,15.25,0,web,East,grocery,BestBuy,2024-01-01 06:15:47,0
T3591,C269,162.94,,0,118.37,1,web,West,grocery,Amazon,Jan 01 2024 23:50,0
T3592,C466,80.41,43.0,0,65.19,0,mobile,North,travel,Target,01/01/2024 15:27,0
T3593,C172,73.43,30.0,0,143.26,0,mobile,North,grocery,Amazon,01/01/2024 00:40,0
T3594,C436,15.42,44.0,0,134.81,0,web,East,,Starbucks,Jan 01 2024 08:11,0
T3595,C348,149.32,31.0,1,173.57,0,pos,West,shopping,Walmart,2024-01-01 08:31:29,0
T3596,C471,31.66,41.0,0,145.38,0,mobile,West,grocery,Walmart,2024-01-01 06:16:47,0
T3597,C358,68.66,20.0,0,154.51,0,mobile,South,electronics,Amazon,2024/01/01 12:34,0
T3598,C142,33.45,64.0,0,66.55,0,mobile,East,grocery,,2024-01-01 03:12:55,0
T3599,C112,14.37,68.0,0,140.2,0,web,East,electronics,Walmart,2024-01-01 18:52:40,0
T3600,C375,99.31,66.0,1,198.42,0,web,West,travel,Starbucks,2024-01-01 10:49:11,0
T3601,C115,5.59,47.0,1,65.57,1,web,East,grocery,Amazon,2024-01-01 14:36:16,0
T3602,C245,138.09,52.0,0,189.99,0,web,North,,Starbucks,01/01/2024 04:34,0
T3603,C487,38.21,65.0,0,72.53,1,web,North,food,Starbucks,Jan 01 2024 14:05,0
T3604,C230,0.01,31.0,0,57.4,1,pos,North,grocery,Target,2024/01/02 02:42,0
T3605,C171,71.57,29.0,0,114.81,0,pos,East,travel,Starbucks,2024-01-01 03:14:38,0
T3606,C322,4.8,45.0,1,135.8,0,web,South,food,,2024-01-01 19:47:17,0
T3607,C317,32.32,61.0,0,145.59,0,web,South,electronics,Walmart,2024/01/01 16:52,0
T3608,C118,122.75,46.0,0,51.91,0,web,West,electronics,Walmart,Jan 01 2024 23:47,0
T3609,C325,6.47,60.0,0,121.73,0,mobile,East,electronics,Amazon,01/01/2024 12:41,0
T3610,C194,182.85,34.0,0,65.72,0,mobile,West,electronics,Amazon,2024-01-01 04:10:02,0
T3611,C196,0.38,57.0,0,25.55,0,web,East,electronics,Target,2024/01/01 07:53,0
T3612,C204,28.35,66.0,0,53.56,0,web,South,shopping,Target,01/01/2024 23:25,0
T3613,C266,135.06,38.0,1,62.45,0,mobile,North,travel,BestBuy,Jan 01 2024 13:19,0
T3614,C186,38.02,40.0,1,126.08,0,mobile,East,food,Amazon,2024/01/01 08:10,0
T3615,C183,10.75,,1,157.61,0,mobile,South,food,Walmart,02/01/2024 00:30,0
T3616,C329,44.67,28.0,0,26.34,0,mobile,South,grocery,BestBuy,2024-01-01 01:56:11,0
T3617,C263,31.52,51.0,1,117.6,0,mobile,South,travel,Amazon,2024/01/01 05:20,0
T3618,C168,9248.5,27.0,0,41.17,0,web,North,shopping,BestBuy,Jan 02 2024 03:41,0
T3619,C379,37.59,27.0,0,131.45,0,web,South,shopping,Starbucks,2024/01/01 21:01,0
T3620,C460,155.56,,1,68.86,0,mobile,West,travel,Starbucks,2024-01-01 14:33:13,0
T3621,C194,222.44,23.0,0,47.43,0,web,South,electronics,BestBuy,2024-01-01 18:37:46,0
T3622,C182,56.88,53.0,0,139.98,0,mobile,South,electronics,Amazon,2024/01/01 00:12,0
T3623,C117,240.73,,1,70.65,0,mobile,East,travel,Starbucks,2024/01/01 14:20,0
T3624,C328,47.37,,0,84.2,0,mobile,East,food,Starbucks,2024/01/01 02:13,0
T3625,C294,332.64,60.0,0,-11.0,0,web,East,electronics,BestBuy,01/01/2024 02:18,0
T3626,C120,9.35,40.0,0,147.33,0,web,South,grocery,Starbucks,Jan 01 2024 20:14,0
T3627,C230,116.16,44.0,0,141.05,0,web,South,shopping,Walmart,01/01/2024 17:33,0
T3628,C420,68.09,62.0,0,100.27,0,web,West,electronics,Starbucks,01/01/2024 08:21,0
T3629,C105,49.04,,0,23.62,0,pos,North,,BestBuy,Jan 02 2024 00:12,0
T3630,C176,100.16,23.0,0,160.47,0,mobile,South,electronics,Starbucks,Jan 01 2024 15:46,0
T3631,C145,121.69,18.0,0,66.69,0,mobile,North,electronics,Starbucks,01/01/2024 23:07,0
T3632,C393,0.44,23.0,0,77.33,0,web,South,shopping,,Jan 01 2024 14:24,0
T3633,C114,18.27,67.0,1,215.6,1,web,North,,BestBuy,01/01/2024 16:49,1
T3634,C213,124.84,,0,64.82,1,pos,East,grocery,BestBuy,01/01/2024 12:51,0
T3635,C496,109.78,58.0,1,137.11,0,mobile,South,food,Target,2024/01/01 05:20,0
T3636,C406,338.28,41.0,0,128.1,0,mobile,West,travel,Target,2024/01/01 18:22,0
T3637,C123,143.14,,0,119.51,0,web,North,travel,Walmart,2024-01-01 08:20:28,0
T3638,C241,301.13,,0,114.1,0,web,East,,Starbucks,01/01/2024 08:39,0
T3639,C120,121.25,43.0,2,118.82,0,pos,West,food,Amazon,Jan 01 2024 12:53,0
T3640,C246,35.39,25.0,0,113.6,0,mobile,East,electronics,Amazon,2024-01-01 12:39:38,0
T3641,C113,11.13,,0,97.4,0,pos,South,,Target,01/01/2024 06:39,0
T3642,C387,152.25,41.0,0,175.56,0,mobile,West,grocery,BestBuy,2024/01/01 16:23,0
T3643,C117,103.32,,0,34.37,1,web,North,,BestBuy,Jan 02 2024 01:38,0
T3644,C330,4.94,55.0,0,151.07,0,pos,North,grocery,Walmart,2024-01-01 07:38:41,0
T3645,C175,44.64,23.0,0,141.12,0,web,West,grocery,Amazon,Jan 01 2024 22:09,0
T3646,C357,314.19,52.0,0,134.92,0,mobile,North,travel,,2024/01/01 02:56,0
T3647,C458,69.39,59.0,1,155.85,0,mobile,East,travel,,2024/01/01 15:59,0
T3648,C374,56.69,18.0,0,95.37,0,pos,West,shopping,Walmart,2024-01-01 05:24:01,0
T3649,C331,61.19,63.0,0,6.55,0,web,North,shopping,Target,Jan 01 2024 19:50,0
T3650,C316,23.43,53.0,0,96.39,1,mobile,East,grocery,,Jan 01 2024 16:11,0
T3651,C159,46.0,29.0,0,50.44,0,mobile,North,,,Jan 01 2024 15:18,0
T3652,C139,2308.5,55.0,0,63.41,0,pos,East,shopping,Walmart,02/01/2024 02:17,0
T3653,C241,5.38,28.0,0,37.88,0,pos,South,shopping,Walmart,02/01/2024 00:45,0
T3654,C357,145.92,29.0,0,76.13,0,web,East,travel,,01/01/2024 21:15,0
T3655,C231,53.87,59.0,1,70.17,0,pos,North,shopping,Target,Jan 02 2024 00:25,0
T3656,C467,172.7,67.0,0,-18.88,0,mobile,East,electronics,Starbucks,2024/01/02 02:07,0
T3657,C428,189.94,56.0,0,135.01,0,web,North,electronics,BestBuy,2024/01/01 20:45,0
T3658,C380,23.82,24.0,1,211.02,0,web,West,travel,Amazon,Jan 01 2024 09:01,0
T3659,C269,107.11,28.0,0,130.31,0,web,West,travel,Amazon,Jan 01 2024 18:45,0
T3660,C386,63.92,53.0,0,89.85,0,mobile,South,shopping,Amazon,01/01/2024 02:30,0
T3661,C356,212.16,69.0,0,97.26,0,pos,East,grocery,Starbucks,2024/01/01 17:14,0
T3662,C114,24.3,,0,78.95,1,web,South,food,BestBuy,2024-01-01 09:42:51,0
T3663,C407,113.26,50.0,0,104.5,0,mobile,West,electronics,BestBuy,2024/01/01 04:11,0
T3664,C420,93.59,30.0,0,98.15,0,pos,East,electronics,Walmart,01/01/2024 17:58,0
T3665,C466,35.0,35.0,0,57.95,0,web,East,travel,Walmart,2024/01/02 03:04,0
T3666,C434,14.69,58.0,0,184.14,0,pos,South,grocery,Target,Jan 01 2024 15:32,0
T3667,C401,105.45,,1,25.64,0,pos,South,travel,Amazon,2024-01-02 02:06:51,0
T3668,C264,134.17,26.0,0,135.92,0,pos,East,shopping,Target,01/01/2024 16:58,0
T3669,C456,37.93,48.0,0,94.94,0,mobile,East,grocery,,Jan 01 2024 19:05,0
T3670,C342,103.52,58.0,1,195.04,0,web,East,shopping,BestBuy,Jan 01 2024 06:36,0
T3671,C456,50.27,27.0,0,117.04,0,web,South,electronics,,2024/01/01 11:40,0
T3672,C202,124.9,19.0,0,82.0,0,web,North,travel,BestBuy,Jan 01 2024 12:34,0
T3673,C229,22.22,55.0,0,87.61,0,mobile,West,travel,Walmart,2024/01/01 05:14,0
T3674,C157,220.92,32.0,0,102.0,0,pos,West,food,BestBuy,2024-01-01 09:34:46,0
T3675,C329,33.88,,0,42.86,0,mobile,South,grocery,Starbucks,01/01/2024 08:21,0
T3676,C341,45.85,60.0,0,61.66,1,web,East,electronics,Target,2024/01/01 03:12,0
T3677,C128,5.98,48.0,1,10.75,0,pos,West,food,Amazon,2024/01/01 22:35,0
T3678,C220,11.82,23.0,0,53.85,0,mobile,West,food,BestBuy,Jan 01 2024 00:43,0
T3679,C223,3627.0000000000005,20.0,1,104.7,0,mobile,West,travel,Target,01/01/2024 09:17,0
T3680,C248,31.14,28.0,0,115.01,0,mobile,West,grocery,,2024-01-01 20:18:24,0
T3681,C144,180.47,32.0,1,1.03,0,mobile,East,travel,Target,01/01/2024 15:26,0
T3682,C423,1.48,62.0,0,93.14,0,pos,South,grocery,Target,2024/01/01 16:11,0
T3683,C461,47.66,69.0,1,128.17,0,mobile,East,food,Starbucks,Jan 02 2024 01:04,0
T3684,C154,41.15,45.0,0,91.85,0,pos,East,shopping,BestBuy,Jan 01 2024 00:20,0
T3685,C430,1.95,27.0,0,68.31,0,mobile,West,electronics,Starbucks,01/01/2024 21:51,0
T3686,C362,13.28,,0,79.39,0,web,West,food,Walmart,2024-01-01 17:14:20,0
T3687,C384,53.38,64.0,0,72.96,1,mobile,East,travel,Target,2024/01/01 18:49,0
T3688,C467,67.9,67.0,0,68.16,0,mobile,East,electronics,BestBuy,2024-01-01 02:57:28,0
T3689,C284,51.8,67.0,1,108.69,0,web,East,food,Walmart,2024/01/01 01:22,0
T3690,C342,75.7,24.0,0,215.38,0,pos,North,grocery,Walmart,01/01/2024 08:48,0
T3691,C496,90.42,32.0,1,62.82,0,mobile,West,travel,Starbucks,2024/01/01 05:36,0
T3692,C453,1.0,35.0,0,84.09,0,mobile,South,food,Walmart,2024/01/01 19:03,0
T3693,C289,62.38,,0,97.42,0,web,South,grocery,Amazon,2024-01-02 02:04:06,0
T3694,C427,331.04,69.0,0,65.63,0,pos,South,grocery,Amazon,2024/01/01 12:45,0
T3695,C275,73.2,58.0,0,154.91,0,web,North,grocery,Amazon,Jan 01 2024 04:58,0
T3696,C251,113.18,41.0,0,-18.54,0,mobile,North,electronics,Walmart,2024-01-01 16:21:52,0
T3697,C322,37.38,19.0,0,73.45,0,pos,South,travel,Target,2024-01-01 16:50:14,0
T3698,C237,148.72,57.0,0,140.92,0,mobile,South,grocery,BestBuy,2024-01-01 08:46:08,0
T3699,C304,148.25,37.0,0,85.3,0,web,South,food,Amazon,Jan 01 2024 01:56,0
T3700,C421,73.67,51.0,0,58.96,0,mobile,East,,Amazon,Jan 01 2024 03:21,0
T3701,C175,373.03,60.0,0,122.04,0,web,West,travel,Amazon,Jan 01 2024 09:15,0
T3702,C105,13.42,43.0,0,145.32,0,web,North,electronics,Starbucks,Jan 01 2024 17:33,0
T3703,C465,1.71,24.0,0,110.53,0,pos,North,grocery,Starbucks,2024/01/01 11:25,0
T3704,C480,147.04,,1,59.94,0,web,East,food,Amazon,2024-01-01 13:53:09,0
T3705,C153,164.59,47.0,1,122.81,0,pos,North,travel,Amazon,01/01/2024 23:08,0
T3706,C385,12.81,59.0,1,79.9,1,pos,South,grocery,Starbucks,2024-01-01 15:38:37,0
T3707,C109,30.87,22.0,0,137.26,1,pos,North,electronics,BestBuy,2024/01/01 16:28,0
T3708,C167,1.77,28.0,0,174.16,1,pos,East,,Target,01/01/2024 03:57,0
T3709,C407,34.72,18.0,0,-30.28,0,pos,West,,BestBuy,2024/01/01 04:57,0
T3710,C141,148.34,51.0,0,105.55,0,web,South,,Target,2024-01-01 21:23:18,0
T3711,C308,72.97,18.0,0,13.21,0,web,North,grocery,Walmart,01/01/2024 05:19,0
T3712,C144,42.79,36.0,0,222.09,0,pos,South,shopping,Walmart,01/01/2024 10:01,0
T3713,C201,46.48,19.0,0,76.59,0,web,West,travel,BestBuy,2024/01/01 07:13,0
T3714,C126,0.14,38.0,0,137.32,0,pos,North,shopping,Starbucks,2024/01/01 06:34,0
T3715,C232,35.64,37.0,0,98.23,0,web,South,travel,Amazon,Jan 01 2024 02:04,0
T3716,C170,103.98,40.0,0,59.85,0,pos,East,grocery,,01/01/2024 23:04,0
T3717,C296,365.72,38.0,0,53.9,0,mobile,East,shopping,Starbucks,Jan 01 2024 04:22,0
T3718,C145,9388.5,41.0,0,179.28,0,mobile,West,grocery,Starbucks,Jan 01 2024 18:40,0
T3719,C265,2.39,21.0,0,147.8,0,pos,West,shopping,Target,Jan 01 2024 07:02,0
T3720,C266,228.83,29.0,0,197.18,0,web,West,grocery,Walmart,2024/01/01 06:37,0
T3721,C147,152.88,39.0,0,102.77,0,pos,North,,BestBuy,2024/01/01 23:02,0
T3722,C148,151.58,37.0,0,114.4,0,web,West,grocery,Starbucks,2024-01-01 13:22:44,0
T3723,C382,61.25,35.0,0,86.64,1,pos,North,electronics,BestBuy,2024-01-01 14:48:21,0
T3724,C437,50.75,18.0,0,85.65,0,pos,South,shopping,,2024/01/01 19:25,0
T3725,C463,36.08,47.0,1,47.91,0,web,East,electronics,Walmart,2024/01/01 02:04,0
T3726,C342,6.8,50.0,0,104.2,0,web,South,grocery,,2024/01/01 11:40,0
T3727,C275,25.91,,0,60.54,0,pos,East,food,BestBuy,Jan 02 2024 01:06,0
T3728,C422,28.32,,0,122.1,1,mobile,West,travel,Amazon,2024/01/01 16:09,0
T3729,C218,66.18,53.0,0,108.5,0,mobile,South,,BestBuy,2024/01/01 15:20,0
T3730,C226,137.61,22.0,0,114.38,0,mobile,South,shopping,Amazon,2024-01-01 17:38:49,0
T3731,C200,64.21,28.0,2,183.76,0,mobile,West,travel,Walmart,01/01/2024 10:04,0
T3732,C372,5.96,41.0,0,98.11,0,mobile,South,electronics,BestBuy,02/01/2024 02:14,0
T3733,C229,316.51,48.0,0,137.84,1,web,North,travel,Starbucks,Jan 01 2024 00:53,0
T3734,C260,285.99,30.0,0,202.58,0,mobile,East,food,BestBuy,2024/01/01 18:27,0
T3735,C440,153.8,33.0,1,165.33,0,web,West,,Amazon,2024-01-01 06:59:06,0
T3736,C485,474.76,41.0,0,157.66,0,mobile,North,travel,Starbucks,2024-01-01 07:36:15,0
T3737,C312,78.63,30.0,0,84.67,1,web,North,travel,Walmart,01/01/2024 14:14,0
T3738,C166,329.06,41.0,0,111.48,1,mobile,West,grocery,,2024-01-01 03:10:30,0
T3739,C317,7.86,43.0,1,34.09,0,mobile,South,shopping,,Jan 02 2024 02:37,0
T3740,C412,45.52,19.0,0,124.95,0,web,East,food,,Jan 01 2024 21:44,0
T3741,C200,25.54,33.0,0,113.72,0,web,North,travel,Walmart,Jan 01 2024 10:46,0
T3742,C201,21.79,55.0,1,101.17,1,pos,South,travel,Walmart,Jan 01 2024 11:33,0
T3743,C248,15.18,63.0,1,151.36,0,mobile,West,shopping,BestBuy,01/01/2024 08:09,0
T3744,C320,97.4,18.0,1,39.61,0,mobile,West,food,Target,Jan 01 2024 22:17,0
T3745,C337,152.02,66.0,0,181.74,0,web,East,grocery,BestBuy,02/01/2024 01:14,0
T3746,C460,4317.5,28.0,0,145.09,0,web,West,grocery,Walmart,01/01/2024 10:58,0
T3747,C452,15.9,68.0,0,96.47,0,mobile,East,electronics,Amazon,2024-01-01 08:32:06,0
T3748,C209,166.67,52.0,0,92.56,0,mobile,West,food,Amazon,Jan 01 2024 21:24,0
T3749,C354,101.05,60.0,1,124.03,1,web,West,food,Starbucks,01/01/2024 16:22,1
T3750,C168,49.13,46.0,0,176.04,0,web,North,travel,Amazon,2024-01-01 01:01:38,0
T3751,C230,112.13,54.0,0,105.08,0,mobile,South,electronics,Target,Jan 01 2024 09:09,0
T3752,C365,30.1,34.0,0,107.2,0,web,North,grocery,Starbucks,2024-01-01 01:10:37,0
T3753,C394,42.34,56.0,1,100.91,0,web,East,food,Target,Jan 01 2024 22:44,0
T3754,C495,249.48,59.0,2,189.1,1,mobile,North,food,BestBuy,2024-01-01 05:25:53,1
T3755,C303,34.32,45.0,0,81.56,0,pos,West,shopping,BestBuy,2024/01/01 00:47,0
T3756,C326,63.49,46.0,1,98.52,0,web,West,grocery,Amazon,01/01/2024 10:52,0
T3757,C162,220.86,,0,173.17,0,pos,South,shopping,Starbucks,2024/01/01 04:15,0
T3758,C303,123.0,20.0,0,107.35,0,web,East,electronics,Target,2024-01-01 01:30:12,0
T3759,C204,6.42,69.0,0,156.85,1,pos,West,food,Target,01/01/2024 15:47,0
T3760,C452,15.94,27.0,0,54.44,0,web,South,electronics,,2024-01-01 02:35:49,0
T3761,C140,0.79,59.0,0,89.74,1,pos,South,shopping,Amazon,2024-01-01 14:17:41,0
T3762,C280,99.67,31.0,0,174.22,0,pos,West,grocery,BestBuy,Jan 02 2024 03:20,0
T3763,C241,59.36,29.0,1,66.18,0,web,West,food,Walmart,2024/01/01 09:12,0
T3764,C477,14.42,64.0,0,92.44,0,pos,East,grocery,BestBuy,Jan 01 2024 20:32,0
T3765,C406,316.85,59.0,0,112.83,0,mobile,South,electronics,BestBuy,Jan 01 2024 21:30,0
T3766,C125,75.43,47.0,0,50.54,0,mobile,South,travel,Target,Jan 01 2024 04:16,0
T3767,C450,27.69,,0,79.31,0,mobile,South,grocery,BestBuy,2024/01/01 17:23,0
T3768,C484,69.44,,0,105.63,0,pos,East,grocery,Starbucks,Jan 01 2024 10:07,0
T3769,C469,113.82,59.0,0,102.33,0,web,South,grocery,,Jan 01 2024 17:33,0
T3770,C215,7.93,49.0,0,164.02,0,pos,North,food,Starbucks,Jan 01 2024 06:17,0
T3771,C105,32.12,43.0,0,177.07,0,web,North,electronics,BestBuy,Jan 01 2024 09:23,0
T3772,C423,8224.5,68.0,1,57.2,0,pos,South,electronics,Walmart,01/01/2024 17:35,0
T3773,C134,61.56,18.0,2,105.56,0,web,North,food,Target,2024-01-01 16:42:47,0
T3774,C381,79.09,59.0,0,133.71,0,pos,North,grocery,Walmart,2024-01-01 15:12:25,0
T3775,C114,56.71,19.0,0,175.82,0,pos,East,grocery,Target,Jan 01 2024 06:05,0
T3776,C405,4.49,34.0,1,135.92,0,mobile,South,travel,Walmart,2024/01/01 19:37,0
T3777,C117,18.12,47.0,0,114.55,0,pos,East,grocery,Amazon,2024/01/01 11:37,0
T3778,C270,58.98,,0,133.33,0,mobile,South,shopping,BestBuy,2024/01/02 02:30,0
T3779,C344,23.47,24.0,0,133.69,0,web,West,grocery,BestBuy,2024/01/01 23:11,0
T3780,C145,5.13,69.0,0,53.61,0,web,North,travel,Amazon,01/01/2024 05:26,0
T3781,C377,185.57,44.0,0,109.64,0,mobile,East,shopping,Amazon,01/01/2024 08:47,0
T3782,C347,397.35,,0,172.96,0,pos,East,travel,Starbucks,02/01/2024 03:31,0
T3783,C459,157.57,39.0,0,89.63,0,web,West,travel,Walmart,2024-01-01 02:34:10,0
T3784,C217,192.27,51.0,0,106.47,0,pos,West,electronics,BestBuy,2024/01/02 01:22,0
T3785,C240,27.7,63.0,0,87.87,0,pos,North,food,Starbucks,2024-01-01 08:22:43,0
T3786,C454,323.47,66.0,0,-15.69,0,pos,North,travel,BestBuy,01/01/2024 07:32,0
T3787,C287,21.93,18.0,0,101.03,0,web,South,grocery,Amazon,2024-01-01 16:04:15,0
T3788,C326,302.47,26.0,0,115.09,0,web,South,electronics,Starbucks,01/01/2024 20:59,0
T3789,C484,526.28,37.0,1,74.38,0,pos,West,shopping,Starbucks,2024-01-01 19:25:48,0
T3790,C219,124.38,36.0,0,42.27,0,mobile,North,,Starbucks,Jan 01 2024 01:13,0
T3791,C403,397.09,53.0,0,55.97,0,mobile,North,electronics,,Jan 01 2024 07:50,0
T3792,C199,84.29,57.0,0,138.21,0,mobile,West,travel,Starbucks,2024/01/01 14:48,0
T3793,C334,30.05,,0,198.63,0,pos,West,electronics,BestBuy,2024/01/01 00:10,0
T3794,C198,57.45,21.0,0,169.12,0,mobile,East,grocery,Walmart,2024-01-01 15:24:48,0
T3795,C136,90.03,26.0,0,32.78,0,web,West,grocery,,2024/01/01 17:41,0
T3796,C289,7.59,58.0,0,142.73,1,mobile,East,grocery,Starbucks,Jan 02 2024 03:19,0
T3797,C292,97.38,39.0,0,66.84,0,mobile,South,food,Starbucks,2024/01/01 15:04,0
T3798,C398,397.27,35.0,0,70.89,0,pos,West,electronics,BestBuy,Jan 01 2024 12:36,0
T3799,C454,21.09,29.0,0,76.9,0,web,West,electronics,Target,2024-01-01 04:51:32,0
T3800,C160,157.31,59.0,0,135.3,0,web,West,travel,Starbucks,01/01/2024 09:22,0
T3801,C238,238.49,,0,147.96,1,mobile,East,,Starbucks,2024-01-02 00:25:46,0
T3802,C240,287.71,56.0,1,95.1,0,pos,West,grocery,Walmart,Jan 01 2024 15:53,0
T3803,C108,322.23,26.0,1,95.95,0,pos,West,shopping,BestBuy,01/01/2024 20:32,0
T3804,C294,73.7,23.0,0,123.21,0,mobile,North,,Starbucks,2024/01/02 03:31,0
T3805,C156,378.57,36.0,0,128.4,0,web,North,grocery,BestBuy,2024-01-01 02:31:46,0
T3806,C262,141.6,65.0,0,158.81,0,web,North,,Walmart,2024/01/02 00:49,0
T3807,C192,17.63,64.0,0,35.78,0,web,West,travel,BestBuy,01/01/2024 09:14,0
T3808,C146,64.8,,0,101.0,0,pos,North,food,BestBuy,01/01/2024 07:20,0
T3809,C413,126.7,,0,46.6,0,mobile,South,grocery,Walmart,02/01/2024 02:44,0
T3810,C330,28.41,22.0,0,97.45,0,pos,North,,Starbucks,Jan 01 2024 23:55,0
T3811,C427,102.34,33.0,0,88.69,0,web,West,travel,BestBuy,2024/01/01 11:59,0
T3812,C489,109.84,18.0,0,97.66,0,pos,North,electronics,Target,2024-01-01 03:05:05,0
T3813,C397,17.76,,0,60.01,0,web,North,travel,Starbucks,Jan 01 2024 23:35,0
T3814,C382,83.26,,1,25.64,0,mobile,North,grocery,Walmart,Jan 01 2024 08:49,0
T3815,C239,147.68,,0,-4.72,0,web,South,grocery,Amazon,2024/01/01 13:43,0
T3816,C483,69.09,36.0,0,93.44,0,mobile,South,food,Target,Jan 01 2024 16:07,0
T3817,C380,1.22,54.0,0,78.45,0,pos,East,,Starbucks,Jan 01 2024 00:32,0
T3818,C169,0.91,34.0,0,66.2,0,pos,West,grocery,Walmart,Jan 01 2024 00:39,0
T3819,C250,44.17,43.0,1,166.13,1,pos,South,shopping,Target,2024-01-01 13:21:08,0
T3820,C498,260.63,39.0,1,57.03,0,web,South,shopping,Starbucks,2024/01/01 11:24,0
T3821,C138,25.96,25.0,0,170.84,0,mobile,South,travel,Amazon,2024-01-01 06:21:07,0
T3822,C106,100.61,50.0,0,181.19,0,pos,West,food,Starbucks,01/01/2024 21:25,0
T3823,C305,25.11,19.0,0,2.45,0,pos,East,,Amazon,2024/01/02 01:56,0
T3824,C168,38.81,47.0,0,104.62,0,mobile,West,,Amazon,2024/01/01 18:57,0
T3825,C288,188.42,,0,80.02,0,web,North,shopping,BestBuy,2024/01/01 18:49,0
T3826,C424,130.51,37.0,0,-45.59,0,pos,East,grocery,Walmart,Jan 01 2024 13:57,0
T3827,C400,10.03,35.0,1,27.77,0,web,North,electronics,BestBuy,01/01/2024 15:18,0
T3828,C199,55.98,60.0,0,138.75,0,web,South,grocery,Amazon,2024/01/01 02:55,0
T3829,C265,2.96,27.0,0,200.96,0,web,West,shopping,Walmart,01/01/2024 13:38,0
T3830,C189,65.56,41.0,0,145.13,0,pos,North,shopping,Walmart,2024-01-01 10:00:45,0
T3831,C307,108.6,21.0,2,116.18,0,pos,East,grocery,,Jan 01 2024 19:18,0
T3832,C176,12.61,,0,98.93,0,mobile,North,grocery,,2024-01-01 18:37:04,0
T3833,C422,34.09,21.0,0,184.13,0,mobile,North,shopping,Starbucks,01/01/2024 07:17,0
T3834,C258,50.72,,0,207.41,0,web,South,grocery,Amazon,2024-01-01 11:57:07,0
T3835,C123,251.99,42.0,0,70.66,0,pos,North,electronics,Walmart,Jan 01 2024 03:00,0
T3836,C152,499.9,30.0,0,0.0,0,web,North,electronics,Target,2024/01/01 12:12,0
T3837,C185,4.6,35.0,1,-4.91,1,mobile,South,travel,Target,2024-01-02 00:12:10,0
T3838,C426,143.13,41.0,0,166.09,0,web,East,electronics,Amazon,2024-01-01 18:00:40,0
T3839,C132,46.48,,0,97.65,1,web,South,shopping,BestBuy,2024/01/01 22:39,0
T3840,C128,49.83,65.0,1,109.16,0,pos,North,shopping,,Jan 01 2024 02:43,0
T3841,C277,140.35,50.0,0,10.47,0,web,West,travel,Amazon,Jan 01 2024 04:39,0
T3842,C353,250.62,36.0,0,62.34,1,web,South,food,Target,Jan 01 2024 12:04,0
T3843,C476,301.45,26.0,0,85.23,0,pos,South,travel,Amazon,2024/01/01 05:23,0
T3844,C260,86.07,45.0,1,110.39,1,pos,North,food,,01/01/2024 09:19,0
T3845,C129,44.18,52.0,0,80.07,0,mobile,West,food,BestBuy,02/01/2024 01:19,0
T3846,C346,154.9,56.0,0,48.13,1,pos,East,grocery,Target,Jan 01 2024 01:59,0
T3847,C485,28.9,27.0,1,60.77,0,web,West,electronics,Target,2024-01-01 12:32:09,0
T3848,C447,83.03,18.0,0,160.42,0,mobile,South,food,Target,Jan 01 2024 13:43,0
T3849,C134,44.41,59.0,0,112.24,1,mobile,West,,Starbucks,Jan 01 2024 21:33,0
T3850,C142,106.89,38.0,0,130.61,0,mobile,East,travel,Starbucks,2024-01-01 11:55:45,0
T3851,C360,27.5,26.0,0,55.06,0,mobile,West,travel,Walmart,2024-01-01 00:24:22,0
T3852,C343,21.27,64.0,0,-47.69,0,web,West,food,Target,Jan 01 2024 17:33,0
T3853,C317,250.4,32.0,0,73.84,0,web,West,,BestBuy,02/01/2024 02:35,0
T3854,C471,10.74,52.0,0,56.67,1,web,South,shopping,Starbucks,2024/01/01 18:09,0
T3855,C384,70.51,22.0,0,117.45,0,web,North,electronics,Amazon,2024-01-02 02:28:43,0
T3856,C217,24.96,58.0,0,264.29,0,mobile,North,food,Amazon,Jan 01 2024 16:10,0
T3857,C123,3.97,39.0,1,134.76,0,web,West,shopping,Amazon,2024/01/01 02:36,0
T3858,C125,3.67,58.0,0,236.8,0,mobile,South,electronics,Walmart,Jan 02 2024 02:29,0
T3859,C371,19.26,40.0,1,128.44,0,pos,South,shopping,Target,2024-01-01 05:00:50,0
T3860,C290,201.57,24.0,0,68.51,0,web,South,grocery,Target,2024-01-01 03:13:48,0
T3861,C189,33.2,40.0,0,117.4,0,pos,North,food,Starbucks,2024-01-01 10:51:04,0
T3862,C176,300.5,61.0,0,189.03,0,pos,South,shopping,Amazon,01/01/2024 09:33,0
T3863,C430,87.14,42.0,0,191.48,1,web,West,shopping,,Jan 01 2024 09:24,0
T3864,C490,57.38,,0,71.23,0,mobile,North,shopping,BestBuy,01/01/2024 08:40,0
T3865,C438,86.77,58.0,1,112.66,0,pos,South,food,Target,01/01/2024 18:25,0
T3866,C214,72.71,23.0,0,28.54,0,web,West,grocery,Target,2024/01/01 18:13,0
T3867,C466,142.2,51.0,0,141.23,0,pos,North,grocery,Walmart,Jan 01 2024 05:31,0
T3868,C344,33.2,26.0,0,177.67,0,pos,South,shopping,Starbucks,Jan 01 2024 06:39,0
T3869,C428,43.55,66.0,0,101.99,0,web,East,,Walmart,Jan 01 2024 05:17,0
T3870,C102,224.52,50.0,0,66.63,0,pos,West,electronics,Starbucks,Jan 01 2024 19:06,0
T3871,C334,292.73,68.0,0,118.01,0,mobile,East,grocery,Target,2024-01-01 00:25:33,0
T3872,C448,223.08,,0,120.87,0,mobile,North,shopping,Starbucks,01/01/2024 04:44,0
T3873,C382,54.38,54.0,0,104.06,0,pos,South,electronics,Starbucks,01/01/2024 23:49,0
T3874,C372,151.58,48.0,0,108.94,0,pos,West,food,Starbucks,02/01/2024 02:36,0
T3875,C185,64.69,51.0,1,91.31,0,web,West,travel,Starbucks,01/01/2024 13:10,0
T3876,C451,68.82,58.0,0,149.8,1,mobile,West,grocery,Amazon,01/01/2024 14:29,0
T3877,C133,22.9,46.0,0,136.81,0,pos,East,electronics,Amazon,Jan 01 2024 17:25,0
T3878,C367,89.44,,0,50.84,1,mobile,South,travel,Amazon,Jan 01 2024 15:58,0
T3879,C183,20.6,53.0,0,49.47,0,pos,South,,Amazon,2024/01/01 06:44,0
T3880,C351,40.28,53.0,0,87.28,0,web,South,travel,Walmart,2024/01/01 21:40,0
T3881,C311,193.12,32.0,0,136.84,0,web,East,food,BestBuy,2024/01/01 22:32,0
T3882,C113,23.2,25.0,0,107.4,1,mobile,North,shopping,Starbucks,2024-01-01 10:56:17,0
T3883,C261,7.38,43.0,1,67.84,0,mobile,East,shopping,Walmart,Jan 01 2024 00:33,0
T3884,C370,7.15,53.0,1,113.08,1,pos,North,food,Amazon,2024-01-01 12:25:29,1
T3885,C106,282.66,65.0,0,83.46,0,pos,East,,Starbucks,2024/01/01 19:42,0
T3886,C480,70.71,38.0,0,144.02,0,pos,South,grocery,BestBuy,2024/01/01 10:16,0
T3887,C430,52.66,45.0,1,116.65,0,mobile,South,,,01/01/2024 11:28,0
T3888,C296,8327.0,,0,84.24,1,web,South,travel,Target,2024/01/01 14:12,0
T3889,C241,180.68,33.0,0,111.58,0,web,East,grocery,Target,2024-01-01 16:14:37,0
T3890,C237,40.38,39.0,0,165.75,0,mobile,West,travel,Walmart,2024/01/01 01:16,0
T3891,C389,118.29,29.0,0,71.52,0,web,East,travel,BestBuy,2024/01/01 09:23,0
T3892,C304,147.46,33.0,0,120.13,0,mobile,North,electronics,Walmart,01/01/2024 18:35,0
T3893,C130,106.32,68.0,1,96.48,0,pos,East,food,Starbucks,01/01/2024 16:21,0
T3894,C380,16.44,57.0,0,121.35,0,mobile,North,shopping,BestBuy,01/01/2024 14:04,0
T3895,C115,208.65,55.0,0,67.27,0,web,East,food,Walmart,2024/01/01 00:00,0
T3896,C396,77.46,59.0,0,105.52,0,mobile,West,travel,,Jan 01 2024 05:25,0
T3897,C306,33.19,54.0,0,155.39,1,mobile,West,,Amazon,Jan 01 2024 15:16,0
T3898,C182,55.38,46.0,0,53.15,0,mobile,South,grocery,Starbucks,2024-01-01 17:43:58,0
T3899,C225,3.83,35.0,1,33.53,0,mobile,West,shopping,Walmart,Jan 02 2024 00:19,0
T3900,C112,13.68,27.0,0,35.43,1,web,East,,,Jan 01 2024 09:52,0
T3901,C243,145.05,59.0,0,41.47,0,pos,West,,,2024-01-01 04:04:35,0
T3902,C362,0.0,56.0,0,129.77,0,web,South,grocery,Amazon,01/01/2024 09:25,0
T3903,C423,53.88,,0,29.71,0,web,East,travel,Walmart,2024/01/01 00:35,0
T3904,C238,73.92,18.0,0,85.11,0,pos,North,shopping,Amazon,01/01/2024 03:49,0
T3905,C206,5.62,56.0,0,130.91,0,web,East,shopping,,Jan 01 2024 09:11,0
T3906,C410,361.48,38.0,1,120.83,0,pos,South,grocery,Starbucks,2024/01/01 07:39,0
T3907,C479,25.63,,0,80.72,0,pos,West,travel,Target,01/01/2024 14:05,0
T3908,C418,36.27,32.0,1,109.55,0,mobile,West,shopping,Target,02/01/2024 03:05,0
T3909,C484,36.23,21.0,1,105.36,1,web,East,travel,Amazon,01/01/2024 18:52,1
T3910,C112,26.19,,0,88.79,0,pos,North,electronics,Amazon,2024-01-01 20:12:35,0
T3911,C383,0.15,27.0,1,89.46,0,web,North,shopping,Starbucks,2024-01-01 18:56:03,0
T3912,C500,130.69,40.0,0,211.77,0,web,North,shopping,Amazon,2024/01/01 10:26,0
T3913,C464,340.66,58.0,0,140.47,0,pos,North,grocery,Amazon,2024-01-01 04:32:45,0
T3914,C464,25.4,51.0,0,224.03,0,mobile,East,electronics,Amazon,2024-01-01 17:05:06,0
T3915,C318,108.78,63.0,1,75.15,0,pos,West,electronics,Amazon,01/01/2024 16:22,0
T3916,C201,135.44,,0,95.75,0,mobile,North,electronics,,01/01/2024 22:08,0
T3917,C334,188.67,50.0,0,33.39,0,pos,East,food,,2024/01/02 00:52,0
T3918,C442,54.93,51.0,0,59.52,0,pos,East,grocery,Target,2024-01-01 02:25:01,0
T3919,C409,36.09,56.0,0,195.1,0,mobile,East,grocery,Starbucks,2024/01/01 02:12,0
T3920,C192,39.35,27.0,0,73.9,0,mobile,North,shopping,BestBuy,2024/01/01 14:10,0
T3921,C342,124.7,37.0,1,195.96,0,web,North,grocery,Starbucks,Jan 01 2024 04:57,0
T3922,C141,169.71,18.0,1,37.83,0,pos,East,shopping,Walmart,01/01/2024 20:07,0
T3923,C396,20.04,30.0,0,47.33,0,web,East,,Starbucks,2024/01/01 22:09,0
T3924,C174,46.35,18.0,0,82.94,0,web,East,food,Starbucks,2024/01/01 23:18,0
T3925,C115,232.22,22.0,0,96.81,0,mobile,West,grocery,Amazon,2024/01/01 09:38,0
T3926,C404,164.35,33.0,0,146.15,0,mobile,West,grocery,Amazon,2024-01-01 00:25:51,0
T3927,C329,419.03,32.0,0,122.54,0,web,South,food,Amazon,Jan 01 2024 23:49,0
T3928,C230,140.34,66.0,1,79.18,1,mobile,South,food,BestBuy,2024-01-01 04:34:45,0
T3929,C262,49.95,45.0,0,93.33,1,pos,North,grocery,Amazon,01/01/2024 11:20,0
T3930,C389,89.32,48.0,1,84.05,0,mobile,West,grocery,Walmart,Jan 01 2024 23:09,0
T3931,C298,108.18,40.0,0,54.27,0,mobile,South,,Target,2024/01/02 01:49,0
T3932,C168,8.17,,1,55.6,0,pos,East,,Walmart,2024/01/01 07:01,0
T3933,C288,78.64,62.0,0,151.39,0,mobile,East,shopping,BestBuy,2024/01/01 07:30,0
T3934,C165,123.55,,0,8.59,0,web,North,electronics,Amazon,Jan 02 2024 03:19,0
T3935,C208,18.31,34.0,0,180.87,0,web,North,electronics,Starbucks,01/01/2024 18:42,0
T3936,C177,151.7,66.0,0,82.85,1,web,South,travel,Target,01/01/2024 04:52,0
T3937,C231,87.65,51.0,0,61.37,0,mobile,East,food,BestBuy,2024/01/01 01:22,0
T3938,C188,304.12,30.0,0,136.99,0,mobile,North,electronics,Walmart,01/01/2024 20:37,0
T3939,C432,4.33,31.0,0,174.26,0,mobile,North,,Amazon,2024-01-02 02:34:44,0
T3940,C396,30.83,28.0,0,155.88,0,web,West,food,BestBuy,01/01/2024 19:34,0
T3941,C381,92.02,45.0,0,125.09,0,mobile,South,shopping,BestBuy,2024-01-01 14:58:54,0
T3942,C359,35.18,59.0,0,154.34,0,pos,North,food,Starbucks,Jan 01 2024 20:06,0
T3943,C145,125.32,49.0,0,14.18,0,mobile,South,travel,Starbucks,2024-01-01 11:59:15,0
T3944,C303,142.3,52.0,0,73.91,0,web,East,shopping,Starbucks,01/01/2024 02:32,0
T3945,C163,10.82,48.0,0,54.44,0,pos,South,travel,Walmart,02/01/2024 01:55,0
T3946,C328,72.12,34.0,1,161.23,0,pos,North,food,Starbucks,2024-01-01 08:03:05,0
T3947,C207,71.11,64.0,0,80.83,0,web,West,electronics,BestBuy,01/01/2024 05:18,0
T3948,C145,46.09,26.0,0,142.27,0,pos,South,food,BestBuy,2024-01-01 15:26:33,0
T3949,C219,270.19,27.0,0,126.79,1,pos,South,travel,BestBuy,2024-01-01 05:45:02,0
T3950,C331,175.74,25.0,1,56.88,0,pos,East,grocery,Target,01/01/2024 17:44,0
T3951,C305,119.47,38.0,0,70.65,0,pos,West,grocery,,01/01/2024 05:08,0
T3952,C499,125.29,30.0,0,164.69,0,pos,South,electronics,Walmart,2024/01/01 08:42,0
T3953,C451,61.94,67.0,0,61.23,1,mobile,West,travel,Starbucks,Jan 01 2024 08:08,0
T3954,C284,253.82,22.0,0,106.24,0,web,North,electronics,BestBuy,2024-01-01 07:29:59,0
T3955,C267,118.61,23.0,0,60.87,0,web,West,,Starbucks,01/01/2024 12:06,0
T3956,C351,130.56,47.0,0,84.3,0,mobile,North,food,BestBuy,2024-01-01 12:37:40,0
T3957,C490,197.83,48.0,0,97.69,1,mobile,East,shopping,Target,Jan 01 2024 01:57,0
T3958,C187,32.03,34.0,1,60.86,0,web,East,grocery,BestBuy,01/01/2024 16:17,0
T3959,C361,164.54,28.0,0,51.98,0,web,East,food,Walmart,Jan 02 2024 00:52,0
T3960,C169,21.72,37.0,1,114.31,0,mobile,North,shopping,Amazon,2024/01/01 04:39,0
T3961,C370,42.36,65.0,0,57.76,0,mobile,South,grocery,,Jan 01 2024 11:35,0
T3962,C488,40.89,26.0,0,59.47,0,pos,North,shopping,Walmart,01/01/2024 02:22,0
T3963,C389,384.09,19.0,0,53.05,0,mobile,West,food,Target,Jan 01 2024 02:38,0
T3964,C260,194.17,54.0,0,96.1,0,mobile,West,shopping,Target,01/01/2024 08:58,0
T3965,C498,120.79,18.0,0,147.19,1,pos,North,food,Amazon,2024-01-01 13:23:11,0
T3966,C110,129.85,21.0,1,175.33,0,pos,East,shopping,,2024-01-01 13:24:41,0
T3967,C449,82.57,53.0,0,63.7,0,web,East,electronics,Starbucks,2024-01-01 21:18:53,0
T3968,C115,293.92,,0,207.52,0,web,West,shopping,BestBuy,Jan 01 2024 07:32,0
T3969,C110,68.57,20.0,0,49.76,0,mobile,West,shopping,Target,2024/01/01 22:34,0
T3970,C411,47.89,26.0,0,154.18,0,pos,South,electronics,Walmart,2024/01/01 15:19,0
T3971,C120,17.8,,0,63.92,0,pos,South,grocery,,2024-01-01 20:34:17,0
T3972,C150,154.27,40.0,0,56.45,0,web,South,food,Starbucks,2024-01-01 16:11:57,0
T3973,C151,132.59,29.0,0,62.76,0,web,West,travel,BestBuy,01/01/2024 22:12,0
T3974,C126,48.51,27.0,1,97.38,0,mobile,South,grocery,BestBuy,2024-01-02 03:39:09,0
T3975,C385,2.55,51.0,0,129.0,0,pos,West,food,Target,01/01/2024 06:53,0
T3976,C361,182.63,60.0,1,133.49,1,web,West,shopping,Walmart,2024/01/01 16:33,0
T3977,C276,1.15,27.0,0,52.8,1,mobile,North,grocery,Walmart,2024-01-01 13:17:53,0
T3978,C410,121.64,47.0,0,50.52,1,mobile,South,shopping,Starbucks,2024/01/01 21:38,0
T3979,C492,351.52,39.0,0,54.17,0,mobile,North,grocery,BestBuy,2024/01/02 00:57,0
T3980,C216,57.57,23.0,1,94.43,0,web,North,grocery,Target,2024/01/01 07:39,0
T3981,C426,26.78,67.0,0,89.49,1,web,South,travel,Walmart,01/01/2024 22:51,0
T3982,C133,122.03,19.0,0,52.49,0,web,West,electronics,BestBuy,2024/01/01 04:38,0
T3983,C170,169.9,47.0,0,113.48,0,web,West,grocery,Walmart,2024-01-01 07:39:04,0
T3984,C118,79.06,19.0,0,213.13,0,web,West,shopping,,2024-01-01 12:42:43,0
T3985,C137,341.23,49.0,0,74.76,0,pos,South,travel,Walmart,2024-01-01 11:12:41,0
T3986,C227,5.31,59.0,0,78.32,0,pos,West,grocery,Walmart,2024/01/01 20:08,0
T3987,C142,70.28,33.0,0,127.98,0,pos,North,electronics,BestBuy,2024-01-01 12:55:34,0
T3988,C121,126.75,29.0,0,72.06,0,pos,East,shopping,Walmart,2024-01-02 03:25:25,0
T3989,C199,198.52,18.0,0,133.45,0,mobile,South,travel,Walmart,01/01/2024 20:41,0
T3990,C298,19.75,,0,64.07,0,mobile,East,food,Amazon,2024-01-01 14:25:35,0
T3991,C178,160.95,65.0,2,191.61,0,pos,North,electronics,Walmart,2024-01-01 06:01:14,0
T3992,C311,80.45,67.0,1,117.24,0,web,East,food,Walmart,2024-01-02 03:22:32,0
T3993,C206,50.51,30.0,0,69.0,0,pos,North,food,BestBuy,2024-01-01 10:51:32,0
T3994,C315,14.12,32.0,0,70.57,0,pos,East,travel,Target,2024-01-01 03:15:38,0
T3995,C446,200.47,61.0,0,74.31,0,mobile,East,travel,Amazon,Jan 01 2024 18:20,0
T3996,C258,17.11,,0,168.64,0,web,West,,Walmart,Jan 01 2024 15:10,0
T3997,C296,37.08,27.0,0,36.56,0,mobile,East,,Target,2024-01-02 02:57:24,0
T3998,C410,34.26,63.0,1,66.6,0,web,North,shopping,BestBuy,2024/01/01 12:20,0
T3999,C290,205.12,,0,71.92,0,mobile,North,travel,Amazon,2024-01-01 12:26:58,0
T4000,C361,111.69,67.0,0,99.22,0,pos,North,electronics,BestBuy,2024/01/01 03:10,0
T4001,C119,159.3,36.0,0,86.44,0,web,South,travel,Target,2024/01/01 23:58,0
T4002,C267,28.83,,0,25.44,0,mobile,North,travel,Amazon,01/01/2024 16:45,0
T4003,C361,98.05,55.0,0,80.01,0,pos,South,travel,Walmart,2024/01/01 07:57,0
T4004,C351,84.8,28.0,0,95.02,0,mobile,North,food,Target,2024-01-02 02:05:39,0
T4005,C251,178.87,60.0,0,68.6,0,mobile,South,shopping,,2024/01/01 15:06,0
T4006,C437,236.54,37.0,0,134.34,1,mobile,East,travel,Amazon,2024-01-01 14:43:33,0
T4007,C183,1.22,37.0,0,145.97,1,pos,East,,Target,2024/01/01 02:39,0
T4008,C225,112.09,38.0,0,96.08,0,web,North,electronics,Target,Jan 01 2024 20:30,0
T4009,C313,5.32,35.0,0,111.53,0,mobile,South,shopping,BestBuy,2024-01-01 22:57:49,0
T4010,C445,79.6,67.0,0,-8.05,1,pos,West,food,BestBuy,2024/01/01 12:36,0
T4011,C314,33.92,27.0,1,78.94,1,mobile,West,grocery,Walmart,2024/01/02 03:45,1
T4012,C491,36.64,51.0,2,150.24,0,web,West,electronics,Walmart,02/01/2024 03:09,0
T4013,C272,43.53,43.0,0,78.83,0,mobile,East,electronics,Target,2024/01/02 03:08,0
T4014,C482,97.1,,2,63.14,0,pos,East,grocery,BestBuy,2024-01-02 01:11:37,0
T4015,C246,40.65,26.0,0,213.88,0,mobile,South,food,Target,Jan 01 2024 02:25,0
T4016,C445,131.94,63.0,0,190.95,0,mobile,North,food,Starbucks,2024-01-01 19:45:12,0
T4017,C390,51.84,68.0,0,123.38,0,web,East,electronics,BestBuy,2024/01/01 14:15,0
T4018,C146,7.08,48.0,0,156.95,0,web,North,food,Starbucks,2024-01-01 14:24:15,0
T4019,C148,153.14,59.0,1,-11.3,1,web,West,grocery,Starbucks,01/01/2024 20:29,0
T4020,C192,33.65,21.0,0,60.62,0,mobile,West,food,BestBuy,02/01/2024 01:26,0
T4021,C400,56.7,23.0,0,76.5,0,pos,North,electronics,Walmart,01/01/2024 16:51,0
T4022,C339,115.66,31.0,0,88.2,0,mobile,South,,Target,02/01/2024 00:57,0
T4023,C209,40.42,21.0,0,75.5,0,mobile,West,shopping,Amazon,2024/01/01 17:51,0
T4024,C365,5.82,43.0,1,-27.5,1,mobile,South,,Amazon,01/01/2024 16:10,1
T4025,C456,46.83,64.0,0,119.3,0,mobile,West,grocery,BestBuy,2024-01-02 03:43:02,0
T4026,C178,289.04,65.0,0,127.18,0,web,East,travel,,2024-01-01 20:51:50,0
T4027,C349,102.65,56.0,0,180.09,0,web,West,,Walmart,Jan 01 2024 11:56,0
T4028,C376,111.32,34.0,0,60.58,0,web,South,,Walmart,2024/01/01 05:33,0
T4029,C112,100.04,36.0,0,56.49,0,web,East,food,Amazon,2024/01/01 13:49,0
T4030,C460,22.19,68.0,0,-34.0,0,pos,West,shopping,Starbucks,2024/01/01 01:07,0
T4031,C235,54.19,66.0,0,85.32,0,mobile,East,electronics,Amazon,Jan 01 2024 11:07,0
T4032,C403,139.01,23.0,0,145.06,0,mobile,East,,Walmart,Jan 01 2024 08:07,0
T4033,C486,10.69,46.0,0,69.41,0,mobile,West,travel,Amazon,Jan 01 2024 12:52,0
T4034,C418,32.55,,1,207.17,1,pos,North,travel,Amazon,01/01/2024 15:08,0
T4035,C146,32.34,33.0,0,87.17,0,pos,North,grocery,,2024/01/01 05:31,0
T4036,C370,56.57,47.0,0,107.35,1,web,South,grocery,BestBuy,2024-01-02 02:47:45,0
T4037,C470,393.06,42.0,0,31.84,0,mobile,South,grocery,Starbucks,Jan 02 2024 01:51,0
T4038,C109,6.99,57.0,0,114.36,1,mobile,West,shopping,Target,01/01/2024 21:28,0
T4039,C380,73.13,28.0,0,1.03,0,pos,East,travel,BestBuy,Jan 01 2024 20:45,0
T4040,C314,19.77,24.0,0,134.68,0,mobile,East,travel,Walmart,01/01/2024 20:04,0
T4041,C361,352.94,43.0,0,136.22,0,pos,North,electronics,Target,Jan 02 2024 01:54,0
T4042,C402,12.03,,1,167.96,0,web,North,travel,BestBuy,Jan 01 2024 14:31,0
T4043,C458,51.68,42.0,0,49.0,0,pos,East,travel,,2024-01-01 13:10:41,0
T4044,C399,133.9,36.0,0,108.03,0,mobile,East,shopping,Amazon,01/01/2024 16:25,0
T4045,C383,121.93,,2,128.19,1,pos,South,grocery,Amazon,2024-01-02 02:22:12,0
T4046,C443,54.94,43.0,0,122.11,0,pos,East,,Target,01/01/2024 22:58,0
T4047,C454,42.54,59.0,0,56.74,1,web,East,food,Target,Jan 01 2024 02:25,0
T4048,C348,50.69,58.0,0,-19.6,0,mobile,West,electronics,Starbucks,Jan 02 2024 03:31,0
T4049,C265,30.69,53.0,0,117.35,0,mobile,East,electronics,Walmart,Jan 01 2024 13:39,0
T4050,C339,22.98,40.0,0,92.38,0,web,North,electronics,Amazon,2024/01/01 17:14,0
T4051,C494,65.98,,0,71.67,0,pos,North,grocery,Target,01/01/2024 10:07,0
T4052,C399,31.27,30.0,2,138.2,0,pos,South,grocery,BestBuy,Jan 01 2024 23:10,0
T4053,C281,33.89,42.0,0,97.75,0,mobile,South,grocery,Walmart,01/01/2024 14:03,0
T4054,C436,106.93,19.0,1,34.04,0,pos,West,electronics,BestBuy,2024-01-02 02:16:03,0
T4055,C309,345.9,19.0,0,3.43,0,web,South,electronics,Walmart,2024/01/01 00:37,0
T4056,C432,92.54,33.0,0,43.55,0,mobile,East,electronics,BestBuy,2024-01-01 18:52:30,0
T4057,C240,8.01,26.0,0,219.65,0,pos,East,food,Amazon,Jan 01 2024 23:59,0
T4058,C357,7.86,45.0,0,136.14,0,web,West,food,Target,2024-01-02 03:40:22,0
T4059,C377,302.46,30.0,0,109.43,0,web,North,electronics,Target,Jan 01 2024 00:42,0
T4060,C434,35.28,52.0,0,90.92,0,mobile,East,grocery,Starbucks,01/01/2024 17:25,0
T4061,C139,9.66,58.0,0,87.63,0,mobile,East,grocery,Target,2024/01/02 00:30,0
T4062,C219,91.39,30.0,0,158.36,1,pos,West,food,Amazon,2024/01/01 12:52,0
T4063,C319,97.72,48.0,0,75.47,0,pos,North,food,Walmart,01/01/2024 05:20,0
T4064,C470,104.56,,1,128.85,0,pos,South,electronics,,2024/01/02 02:57,0
T4065,C399,31.12,49.0,0,82.58,0,web,East,,Target,2024/01/01 09:24,0
T4066,C280,1.52,51.0,0,197.01,1,web,North,grocery,BestBuy,2024/01/01 16:43,0
T4067,C103,335.28,25.0,0,137.11,0,pos,West,travel,Target,2024/01/02 00:15,0
T4068,C253,28.89,58.0,0,162.28,0,mobile,West,grocery,Walmart,2024-01-01 00:42:06,0
T4069,C193,112.71,65.0,0,70.78,1,web,North,,Starbucks,2024-01-01 09:01:41,0
T4070,C429,122.63,19.0,0,152.91,0,web,West,electronics,Walmart,Jan 01 2024 09:18,0
T4071,C373,94.16,55.0,0,84.37,0,pos,South,travel,BestBuy,2024/01/01 01:36,0
T4072,C328,37.53,49.0,0,105.5,0,mobile,North,travel,BestBuy,2024/01/01 06:13,0
T4073,C231,1581.0,57.0,0,181.75,0,web,South,electronics,Starbucks,Jan 01 2024 17:26,0
T4074,C343,91.05,,0,47.86,0,mobile,West,shopping,BestBuy,2024-01-02 03:04:53,0
T4075,C345,201.06,54.0,0,110.16,0,web,South,electronics,Target,2024-01-01 18:34:41,0
T4076,C165,293.25,58.0,0,121.9,0,mobile,South,,Target,01/01/2024 00:12,0
T4077,C298,11.19,18.0,0,126.0,1,mobile,South,travel,,01/01/2024 03:42,0
T4078,C171,16.82,58.0,0,77.46,0,web,South,electronics,Amazon,2024-01-01 02:15:24,0
T4079,C281,289.56,27.0,0,204.31,0,mobile,North,grocery,Target,01/01/2024 01:33,0
T4080,C255,133.38,21.0,0,35.25,0,web,West,grocery,Target,Jan 02 2024 03:33,0
T4081,C467,214.55,52.0,0,172.94,0,web,West,grocery,,2024/01/02 01:04,0
T4082,C327,22.64,27.0,0,160.75,0,mobile,East,electronics,Target,2024-01-01 10:26:21,0
T4083,C316,88.57,,0,195.04,0,web,South,shopping,Walmart,2024/01/01 21:09,0
T4084,C375,120.78,,0,20.59,0,mobile,South,,,2024/01/01 02:09,0
T4085,C274,113.98,31.0,1,56.56,0,web,East,grocery,Target,Jan 01 2024 11:07,0
T4086,C492,52.45,55.0,0,174.6,1,mobile,East,electronics,Walmart,Jan 01 2024 03:01,0
T4087,C106,1.55,29.0,0,6.15,0,web,South,shopping,Starbucks,2024-01-01 02:40:54,0
T4088,C416,87.45,62.0,0,19.68,1,web,West,travel,Amazon,2024/01/01 14:01,0
T4089,C403,29.18,34.0,0,75.58,0,pos,East,travel,,01/01/2024 08:16,0
T4090,C150,59.83,33.0,0,109.6,0,web,South,food,Target,2024/01/01 18:00,0
T4091,C462,316.02,,0,179.61,0,web,West,electronics,Starbucks,2024-01-02 03:41:08,0
T4092,C386,50.92,19.0,1,90.74,0,mobile,North,electronics,Amazon,Jan 01 2024 18:11,0
T4093,C395,183.13,28.0,0,69.59,0,mobile,East,grocery,Walmart,2024-01-01 13:38:36,0
T4094,C416,20.89,,0,115.57,0,mobile,East,shopping,,Jan 01 2024 04:18,0
T4095,C275,111.61,20.0,0,123.48,1,mobile,West,food,,2024-01-01 07:10:07,0
T4096,C218,377.26,,0,122.06,0,pos,North,shopping,Target,2024/01/01 03:58,0
T4097,C219,10.75,35.0,1,91.1,0,pos,West,,Walmart,2024/01/01 19:23,0
T4098,C179,0.84,37.0,0,2.25,0,mobile,East,,Target,02/01/2024 00:45,0
T4099,C473,56.84,,0,54.12,0,mobile,North,electronics,,02/01/2024 02:03,0
T4100,C292,9.72,31.0,0,171.01,1,mobile,South,food,Starbucks,Jan 01 2024 19:20,0
T4101,C288,137.99,51.0,0,109.35,0,mobile,East,shopping,Walmart,2024-01-01 04:59:23,0
T4102,C116,245.98,66.0,0,83.87,0,web,West,travel,Walmart,2024-01-02 02:28:26,0
T4103,C303,56.92,,0,155.91,0,mobile,West,travel,BestBuy,02/01/2024 00:18,0
T4104,C448,29.94,57.0,0,43.49,0,web,West,,BestBuy,2024-01-01 19:09:15,0
T4105,C134,56.99,59.0,0,88.73,0,mobile,West,grocery,Walmart,Jan 02 2024 02:48,0
T4106,C336,128.54,35.0,0,106.89,0,pos,West,shopping,BestBuy,2024/01/01 05:06,0
T4107,C209,0.91,47.0,0,77.93,0,pos,East,electronics,Target,01/01/2024 23:52,0
T4108,C293,89.03,42.0,0,105.04,0,mobile,North,shopping,BestBuy,2024-01-01 00:50:37,0
T4109,C431,95.01,36.0,0,90.62,0,pos,West,food,Walmart,01/01/2024 04:01,0
T4110,C276,101.53,,0,30.03,0,pos,West,travel,Amazon,Jan 01 2024 04:45,0
T4111,C495,27.71,45.0,0,109.07,0,pos,South,,Amazon,2024/01/01 12:28,0
T4112,C412,125.19,25.0,0,33.58,0,pos,South,shopping,Walmart,01/01/2024 13:19,0
T4113,C475,9.58,48.0,1,108.28,1,web,North,shopping,Walmart,2024-01-01 21:46:14,0
T4114,C325,22.22,,0,168.71,0,web,East,food,Amazon,2024/01/01 22:55,0
T4115,C272,209.94,20.0,0,85.95,1,web,East,,Starbucks,01/01/2024 16:32,0
T4116,C209,134.22,61.0,1,41.43,1,web,North,electronics,BestBuy,Jan 01 2024 19:14,0
T4117,C244,1.38,39.0,0,93.65,0,mobile,North,travel,Starbucks,Jan 01 2024 17:30,0
T4118,C255,28.55,34.0,0,58.4,0,pos,North,grocery,Target,2024/01/01 08:52,0
T4119,C397,24.13,53.0,0,129.73,0,pos,West,,Amazon,2024/01/01 11:29,0
T4120,C425,31.58,34.0,0,92.6,0,mobile,East,electronics,Amazon,2024/01/01 01:43,0
T4121,C105,28.44,31.0,0,185.49,0,mobile,North,electronics,,Jan 02 2024 03:36,0
T4122,C384,6.46,68.0,1,158.15,0,web,South,shopping,Target,01/01/2024 18:22,0
T4123,C377,61.42,26.0,0,92.35,0,web,West,electronics,Starbucks,2024/01/01 08:10,0
T4124,C360,131.95,47.0,0,135.78,0,pos,West,food,Target,01/01/2024 21:15,0
T4125,C371,93.33,38.0,0,80.34,1,mobile,West,travel,Walmart,Jan 01 2024 15:38,0
T4126,C299,111.74,29.0,0,101.7,0,pos,West,electronics,Walmart,2024-01-01 10:07:06,0
T4127,C241,8.46,,0,81.93,1,mobile,North,grocery,Amazon,01/01/2024 18:09,0
T4128,C286,302.6,49.0,1,138.32,0,web,West,shopping,Walmart,2024-01-01 04:24:05,0
T4129,C187,182.32,28.0,0,171.65,0,pos,South,food,Starbucks,Jan 01 2024 17:35,0
T4130,C439,163.52,37.0,1,139.93,0,pos,South,travel,Target,Jan 01 2024 21:05,0
T4131,C105,173.15,52.0,0,146.1,1,mobile,North,shopping,Amazon,Jan 01 2024 12:36,0
T4132,C114,269.88,64.0,0,146.15,0,pos,West,food,,Jan 01 2024 06:06,0
T4133,C453,78.58,63.0,0,127.56,0,web,South,shopping,Amazon,Jan 01 2024 02:52,0
T4134,C197,22.35,28.0,0,43.04,1,pos,East,travel,Amazon,2024-01-01 13:12:11,0
T4135,C448,95.92,69.0,0,185.05,0,mobile,West,travel,Target,Jan 01 2024 22:41,0
T4136,C140,135.82,25.0,0,190.22,0,pos,North,electronics,Starbucks,01/01/2024 01:38,0
T4137,C155,133.91,21.0,2,88.31,1,web,East,grocery,Starbucks,02/01/2024 00:09,0
T4138,C145,73.7,44.0,0,81.47,1,mobile,West,electronics,BestBuy,2024/01/01 08:09,0
T4139,C215,7.09,61.0,0,130.62,0,mobile,East,shopping,Starbucks,2024/01/01 12:02,0
T4140,C387,46.38,57.0,0,127.54,0,web,West,electronics,Walmart,2024-01-02 01:24:31,0
T4141,C469,253.54,,0,89.9,1,mobile,West,travel,BestBuy,01/01/2024 13:52,0
T4142,C117,87.81,,2,37.5,1,mobile,South,travel,BestBuy,2024-01-01 16:21:20,0
T4143,C221,77.29,47.0,0,115.29,0,pos,East,travel,BestBuy,01/01/2024 09:08,0
T4144,C100,31.31,61.0,0,127.57,0,mobile,East,electronics,BestBuy,Jan 01 2024 05:43,0
T4145,C244,45.96,65.0,0,136.29,0,pos,North,,,01/01/2024 14:24,0
T4146,C199,225.71,65.0,0,117.46,0,web,North,electronics,BestBuy,2024-01-01 17:10:36,0
T4147,C324,109.8,44.0,0,86.44,0,web,East,electronics,Walmart,2024-01-01 18:47:24,0
T4148,C444,154.83,38.0,0,149.7,0,web,South,electronics,Walmart,01/01/2024 22:30,0
T4149,C349,60.58,69.0,0,103.29,0,web,South,,Amazon,2024-01-01 17:34:57,0
T4150,C480,99.49,37.0,1,76.75,0,mobile,West,travel,Walmart,2024/01/01 20:56,0
T4151,C387,28.55,21.0,0,90.97,0,mobile,North,grocery,Amazon,2024/01/01 02:46,0
T4152,C196,122.23,28.0,0,12.7,0,pos,North,electronics,Walmart,2024-01-01 10:56:24,0
T4153,C259,55.79,30.0,0,90.89,0,pos,North,electronics,BestBuy,2024-01-02 03:25:00,0
T4154,C116,58.44,,0,134.42,1,pos,West,grocery,Target,2024/01/02 01:15,0
T4155,C273,104.79,21.0,0,116.99,1,mobile,South,,BestBuy,2024-01-01 05:23:08,0
T4156,C436,275.33,29.0,1,176.03,0,pos,North,grocery,Starbucks,2024-01-01 03:19:21,0
T4157,C433,6.61,26.0,0,86.85,1,mobile,West,travel,Amazon,2024-01-01 20:39:42,0
T4158,C357,174.15,30.0,0,124.37,0,web,East,food,Target,2024-01-01 20:19:40,0
T4159,C288,34.59,65.0,0,139.64,0,mobile,South,electronics,Walmart,2024/01/01 17:48,0
T4160,C127,58.68,43.0,0,217.14,1,web,East,food,BestBuy,2024-01-01 11:53:56,0
T4161,C307,2.22,,1,107.24,0,pos,North,electronics,Amazon,Jan 01 2024 06:54,0
T4162,C459,35.82,59.0,0,47.79,0,mobile,West,shopping,Amazon,Jan 01 2024 00:18,0
T4163,C380,69.84,30.0,0,142.4,0,pos,South,shopping,Walmart,2024-01-01 11:47:08,0
T4164,C100,5.78,56.0,0,193.29,0,pos,North,,Amazon,01/01/2024 20:50,0
T4165,C481,67.55,45.0,0,83.87,0,web,South,food,Walmart,Jan 01 2024 11:08,0
T4166,C347,261.88,36.0,0,142.05,1,pos,West,food,Walmart,2024/01/01 10:29,0
T4167,C493,11.14,41.0,0,161.44,0,mobile,West,grocery,BestBuy,Jan 01 2024 00:51,0
T4168,C244,144.58,,0,150.85,1,pos,North,grocery,,Jan 01 2024 11:47,0
T4169,C426,52.71,66.0,1,106.28,1,web,South,electronics,Starbucks,2024/01/01 03:22,1
T4170,C432,106.47,30.0,1,65.08,0,web,West,grocery,Starbucks,2024-01-01 00:35:35,0
T4171,C262,30.14,30.0,1,95.94,0,pos,South,grocery,BestBuy,2024-01-02 02:36:12,0
T4172,C489,17.37,45.0,0,122.93,0,web,South,food,BestBuy,2024/01/01 05:55,0
T4173,C425,17.49,19.0,1,145.41,0,pos,East,shopping,Walmart,Jan 01 2024 12:53,0
T4174,C351,7.31,27.0,1,116.7,0,web,North,food,,01/01/2024 18:23,0
T4175,C256,20.54,39.0,0,81.0,1,pos,North,grocery,Amazon,01/01/2024 02:32,0
T4176,C341,109.13,,0,127.77,0,pos,South,electronics,Starbucks,01/01/2024 22:46,0
T4177,C260,213.45,26.0,0,143.0,0,mobile,East,,BestBuy,2024/01/01 15:00,0
T4178,C220,168.27,50.0,0,118.98,0,mobile,South,grocery,BestBuy,Jan 01 2024 04:42,0
T4179,C160,115.56,31.0,0,58.19,0,pos,North,grocery,,Jan 01 2024 07:41,0
T4180,C455,11.7,65.0,0,90.93,0,mobile,North,electronics,Amazon,Jan 02 2024 01:05,0
T4181,C301,34.13,37.0,0,147.39,1,mobile,South,,BestBuy,Jan 01 2024 03:23,0
T4182,C391,37.08,32.0,1,30.85,1,web,South,,Amazon,01/01/2024 04:48,0
T4183,C202,28.76,,0,-4.66,0,mobile,South,grocery,Starbucks,2024-01-01 00:40:33,0
T4184,C240,72.36,50.0,1,175.4,0,web,North,food,Walmart,Jan 01 2024 10:12,0
T4185,C146,76.69,34.0,0,125.57,0,mobile,South,travel,Starbucks,Jan 01 2024 20:16,0
T4186,C308,44.14,,0,130.34,0,mobile,South,electronics,,2024/01/01 00:36,0
T4187,C303,43.66,47.0,0,46.16,0,pos,West,electronics,,Jan 01 2024 13:00,0
T4188,C280,176.35,30.0,0,136.88,0,mobile,North,food,Amazon,01/01/2024 09:19,0
T4189,C232,155.73,64.0,0,113.76,0,pos,South,shopping,,2024-01-01 07:26:27,0
T4190,C326,36.79,65.0,1,20.78,0,pos,East,shopping,,Jan 01 2024 21:24,0
T4191,C354,245.1,33.0,0,171.21,0,pos,North,shopping,Target,2024-01-01 00:35:39,0
T4192,C188,305.37,19.0,0,107.93,0,pos,South,electronics,BestBuy,01/01/2024 07:53,0
T4193,C377,39.56,34.0,1,80.2,0,mobile,South,travel,Starbucks,Jan 01 2024 11:27,0
T4194,C271,43.76,49.0,0,81.1,0,pos,West,travel,Starbucks,01/01/2024 18:56,0
T4195,C483,70.45,60.0,0,-0.76,0,mobile,West,food,Amazon,2024/01/01 15:04,0
T4196,C111,283.23,25.0,0,129.67,0,mobile,North,shopping,Target,01/01/2024 11:03,0
T4197,C116,209.01,69.0,1,113.09,1,web,West,shopping,BestBuy,2024/01/01 00:24,0
T4198,C245,10.82,,0,90.3,0,web,West,grocery,Walmart,2024-01-02 03:46:08,0
T4199,C128,49.88,29.0,0,163.92,0,web,North,food,Walmart,2024/01/01 12:06,0
T4200,C345,80.6,37.0,0,30.81,1,pos,East,food,Starbucks,01/01/2024 18:05,0
T4201,C151,69.94,33.0,0,70.16,0,mobile,South,electronics,BestBuy,01/01/2024 09:48,0
T4202,C222,21.55,31.0,0,57.5,0,mobile,South,electronics,,Jan 01 2024 04:43,0
T4203,C440,195.77,33.0,0,86.06,0,pos,West,food,Amazon,2024-01-01 19:14:14,0
T4204,C418,112.99,66.0,0,103.37,0,web,South,travel,BestBuy,2024-01-01 23:51:42,0
T4205,C120,181.96,,0,121.5,0,web,West,food,Starbucks,01/01/2024 14:23,0
T4206,C171,195.73,,0,82.65,0,mobile,North,travel,Target,Jan 01 2024 20:16,0
T4207,C482,137.97,68.0,0,56.13,0,mobile,North,electronics,Amazon,01/01/2024 19:55,0
T4208,C466,57.84,50.0,0,184.3,0,mobile,North,food,Amazon,Jan 01 2024 20:23,0
T4209,C163,94.3,47.0,0,220.58,1,web,South,travel,BestBuy,01/01/2024 10:13,0
T4210,C417,17.48,,0,107.16,0,mobile,West,grocery,Target,Jan 01 2024 06:12,0
T4211,C241,111.98,32.0,0,62.16,0,web,West,,Amazon,2024/01/01 13:42,0
T4212,C346,19.75,35.0,0,173.77,0,web,South,food,Target,01/01/2024 01:50,0
T4213,C453,118.4,45.0,0,27.66,0,web,North,shopping,Starbucks,2024/01/01 08:05,0
T4214,C163,26.08,40.0,1,83.26,0,pos,East,food,Amazon,2024/01/01 20:31,0
T4215,C102,12.51,31.0,0,65.19,0,pos,West,electronics,Walmart,01/01/2024 12:13,0
T4216,C307,18.07,47.0,0,42.02,0,mobile,West,electronics,Starbucks,2024/01/02 03:36,0
T4217,C266,0.2,50.0,1,86.0,0,web,South,grocery,Starbucks,01/01/2024 09:30,0
T4218,C452,126.85,62.0,0,56.79,0,mobile,East,travel,Amazon,01/01/2024 08:17,0
T4219,C298,131.83,32.0,0,100.63,0,web,North,grocery,Walmart,2024/01/01 12:19,0
T4220,C204,72.35,24.0,0,101.36,0,mobile,West,travel,Target,2024/01/01 23:50,0
T4221,C230,17.6,32.0,0,68.93,1,mobile,South,food,Walmart,2024/01/01 21:59,0
T4222,C396,8.73,69.0,0,81.47,0,pos,East,shopping,Starbucks,Jan 01 2024 08:00,0
T4223,C497,1.93,59.0,0,88.46,0,pos,South,electronics,Amazon,2024/01/01 00:07,0
T4224,C160,18.12,63.0,0,140.49,0,pos,East,food,,Jan 01 2024 00:01,0
T4225,C371,221.51,55.0,1,92.58,0,pos,South,grocery,Walmart,02/01/2024 00:43,0
T4226,C379,27.65,63.0,0,141.24,0,web,East,food,Starbucks,2024-01-01 01:21:48,0
T4227,C189,43.74,61.0,3,129.29,0,mobile,West,shopping,Target,2024-01-02 02:02:24,0
T4228,C305,11.13,28.0,1,128.58,1,mobile,East,,Walmart,Jan 01 2024 02:02,0
T4229,C250,25.15,46.0,1,169.39,0,web,North,shopping,Walmart,2024-01-01 09:35:08,0
T4230,C472,73.24,48.0,0,44.03,1,web,West,grocery,BestBuy,2024/01/02 02:04,0
T4231,C341,93.59,42.0,0,76.34,0,mobile,North,shopping,Starbucks,01/01/2024 07:23,0
T4232,C208,28.15,69.0,1,188.16,0,pos,West,electronics,BestBuy,2024-01-01 10:11:00,0
T4233,C264,5.95,41.0,1,87.13,0,pos,East,shopping,Starbucks,2024-01-01 22:09:48,0
T4234,C500,49.6,36.0,0,-40.76,0,pos,West,food,Starbucks,2024/01/01 12:37,0
T4235,C473,26.68,19.0,0,89.85,0,web,South,travel,BestBuy,2024/01/01 16:20,0
T4236,C197,24.79,39.0,0,106.75,0,mobile,East,,Target,01/01/2024 13:57,0
T4237,C377,321.55,37.0,0,-30.86,0,web,South,electronics,Target,2024/01/01 13:39,0
T4238,C359,95.79,50.0,0,166.7,1,mobile,South,electronics,Starbucks,02/01/2024 01:52,0
T4239,C257,81.39,25.0,0,64.31,0,pos,South,grocery,BestBuy,2024/01/01 08:37,0
T4240,C150,53.75,42.0,0,116.43,0,pos,South,,Walmart,Jan 02 2024 03:22,0
T4241,C497,56.03,63.0,0,88.7,0,pos,North,food,Starbucks,2024/01/02 03:20,0
T4242,C436,3892.4999999999995,26.0,0,35.58,0,mobile,East,travel,Starbucks,01/01/2024 03:35,0
T4243,C410,119.21,51.0,0,46.47,0,pos,South,,Amazon,2024-01-01 17:07:18,0
T4244,C288,121.12,40.0,0,53.25,1,mobile,North,food,Target,01/01/2024 20:42,0
T4245,C452,18.84,22.0,0,154.28,0,web,West,grocery,,2024-01-02 01:25:46,0
T4246,C359,69.34,42.0,0,92.62,0,pos,South,food,Walmart,2024/01/01 13:28,0
T4247,C117,53.1,25.0,0,73.91,0,web,South,travel,Walmart,01/01/2024 08:13,0
T4248,C375,204.43,33.0,0,53.27,0,web,North,food,Starbucks,Jan 01 2024 09:40,0
T4249,C115,99.81,65.0,0,159.81,0,mobile,West,electronics,Walmart,Jan 01 2024 22:55,0
T4250,C470,3802.0000000000005,62.0,1,173.21,0,web,West,shopping,Walmart,Jan 01 2024 07:34,1
T4251,C394,12.26,69.0,1,159.24,0,mobile,North,grocery,Starbucks,2024/01/01 06:29,0
T4252,C336,93.05,32.0,0,124.62,0,mobile,South,grocery,Target,Jan 01 2024 09:06,0
T4253,C500,12.47,18.0,0,114.49,0,web,East,travel,Amazon,2024/01/01 16:01,0
T4254,C474,41.13,39.0,0,39.2,0,mobile,North,travel,Target,2024/01/01 01:22,0
T4255,C500,15.41,20.0,1,87.71,0,mobile,East,travel,Target,Jan 01 2024 04:26,0
T4256,C377,117.79,55.0,0,65.81,0,mobile,South,grocery,Amazon,Jan 02 2024 01:01,0
T4257,C432,23.1,31.0,0,8.72,1,web,South,electronics,Starbucks,2024-01-02 03:02:46,0
T4258,C172,49.73,53.0,1,152.85,0,mobile,West,shopping,Target,2024-01-01 17:58:24,0
T4259,C320,226.02,35.0,0,65.21,1,pos,South,travel,BestBuy,01/01/2024 22:22,0
T4260,C496,22.86,64.0,1,159.8,0,web,West,,BestBuy,Jan 01 2024 18:16,0
T4261,C316,70.89,58.0,2,144.09,0,web,West,,Amazon,2024-01-01 12:21:00,0
T4262,C204,54.35,35.0,0,127.84,0,mobile,South,travel,BestBuy,2024/01/01 04:12,0
T4263,C405,1.83,20.0,0,130.64,0,web,West,travel,Starbucks,2024/01/01 17:27,0
T4264,C225,157.39,27.0,0,69.23,0,pos,South,shopping,Walmart,Jan 01 2024 09:32,0
T4265,C206,7.15,66.0,0,192.89,0,web,West,shopping,Starbucks,2024/01/01 13:46,0
T4266,C216,64.29,56.0,1,102.16,0,web,West,food,Amazon,01/01/2024 11:31,0
T4267,C258,82.25,64.0,0,115.1,1,web,South,travel,Walmart,01/01/2024 16:38,0
T4268,C370,99.0,18.0,0,67.55,0,mobile,East,food,BestBuy,01/01/2024 03:25,0
T4269,C129,116.68,44.0,0,53.44,0,pos,North,grocery,Target,Jan 02 2024 00:30,0
T4270,C113,29.21,44.0,0,123.86,0,pos,South,shopping,BestBuy,2024-01-01 16:24:06,0
T4271,C376,1.0,28.0,0,110.88,0,pos,West,electronics,Starbucks,2024/01/01 05:14,0
T4272,C298,128.53,66.0,0,60.53,1,web,North,travel,Starbucks,01/01/2024 12:40,0
T4273,C320,76.71,22.0,0,28.08,0,pos,East,travel,Amazon,2024-01-01 15:14:06,0
T4274,C400,180.86,24.0,1,36.5,1,mobile,South,food,Target,Jan 01 2024 12:34,0
T4275,C274,172.25,36.0,1,159.81,1,web,West,,Target,Jan 02 2024 00:26,0
T4276,C183,185.36,46.0,0,69.34,0,mobile,West,food,Walmart,01/01/2024 04:36,0
T4277,C493,66.38,32.0,0,83.05,0,web,South,travel,Walmart,01/01/2024 20:56,0
T4278,C336,40.59,52.0,0,172.52,0,mobile,West,shopping,Starbucks,Jan 01 2024 15:36,0
T4279,C163,156.81,64.0,0,43.89,0,web,North,travel,Amazon,2024/01/01 13:24,0
T4280,C199,60.02,54.0,0,63.65,0,mobile,West,shopping,Starbucks,2024-01-01 19:10:14,0
T4281,C439,20.27,29.0,0,61.56,0,pos,North,travel,Target,2024/01/01 22:43,0
T4282,C155,193.08,47.0,0,180.9,0,web,North,electronics,,2024-01-01 09:52:45,0
T4283,C170,214.18,37.0,0,199.67,0,web,South,food,Starbucks,01/01/2024 16:13,0
T4284,C285,62.79,54.0,0,137.58,0,mobile,West,shopping,Target,2024-01-01 09:45:59,0
T4285,C259,393.5,20.0,0,139.17,0,mobile,North,food,Walmart,Jan 01 2024 06:02,0
T4286,C233,49.07,26.0,1,70.98,0,mobile,West,shopping,,01/01/2024 21:51,0
T4287,C473,162.73,58.0,0,197.37,1,web,North,shopping,Walmart,2024-01-01 02:00:16,0
T4288,C364,232.05,56.0,1,113.38,0,mobile,East,,BestBuy,2024/01/01 07:35,0
T4289,C269,22.75,43.0,1,142.66,0,pos,South,travel,Amazon,Jan 01 2024 15:32,0
T4290,C319,6.93,19.0,1,94.72,0,mobile,South,grocery,Amazon,2024/01/01 12:52,0
T4291,C380,209.84,40.0,1,86.6,0,mobile,South,travel,,Jan 01 2024 00:14,0
T4292,C293,49.33,,0,183.15,1,mobile,North,,Amazon,2024-01-01 06:04:46,0
T4293,C101,78.04,38.0,0,126.99,0,pos,East,travel,BestBuy,Jan 01 2024 01:17,0
T4294,C411,344.41,33.0,0,172.57,1,mobile,North,grocery,Target,2024/01/01 11:31,0
T4295,C236,6.89,26.0,0,112.77,0,mobile,South,shopping,Walmart,2024/01/01 01:09,0
T4296,C270,104.5,30.0,0,57.58,1,web,North,shopping,BestBuy,2024-01-01 14:14:23,0
T4297,C451,7.7,45.0,1,70.83,0,web,South,grocery,BestBuy,2024-01-01 17:18:58,0
T4298,C401,47.08,44.0,1,105.15,1,mobile,West,grocery,Amazon,2024/01/01 16:30,0
T4299,C242,162.87,68.0,2,68.67,1,web,North,food,Walmart,2024/01/01 20:35,0
T4300,C322,56.82,69.0,1,44.63,0,mobile,West,shopping,Starbucks,2024-01-01 12:47:13,0
T4301,C498,587.19,34.0,0,160.07,1,mobile,North,travel,BestBuy,01/01/2024 08:27,0
T4302,C162,81.88,,0,72.76,0,pos,South,food,Amazon,2024/01/01 02:35,0
T4303,C153,38.74,53.0,0,106.91,0,mobile,West,,BestBuy,2024/01/01 18:13,0
T4304,C332,24.86,18.0,1,114.81,0,web,North,travel,Walmart,2024/01/01 15:07,0
T4305,C222,43.16,35.0,0,70.59,1,web,South,electronics,Walmart,2024/01/01 03:58,0
T4306,C297,46.61,68.0,0,172.54,0,web,North,electronics,Target,01/01/2024 22:58,0
T4307,C460,7.12,26.0,0,44.14,0,web,West,electronics,Starbucks,2024-01-01 02:46:48,0
T4308,C379,46.14,,2,113.08,0,mobile,North,travel,Starbucks,2024-01-01 01:28:10,0
T4309,C357,62.41,57.0,0,112.31,1,pos,North,grocery,,2024/01/01 08:44,0
T4310,C420,128.28,62.0,0,97.29,0,pos,West,,Starbucks,Jan 01 2024 18:22,0
T4311,C331,106.92,32.0,0,35.15,0,mobile,South,food,Walmart,2024/01/01 16:18,0
T4312,C475,123.36,60.0,0,143.54,0,web,North,food,Starbucks,2024-01-01 07:52:31,0
T4313,C254,0.84,61.0,0,137.18,0,pos,North,electronics,Amazon,2024/01/01 10:00,0
T4314,C143,24.55,63.0,0,66.22,0,pos,East,grocery,BestBuy,2024/01/01 15:59,0
T4315,C221,108.38,,0,135.37,0,mobile,East,food,Starbucks,Jan 01 2024 20:31,0
T4316,C143,66.16,50.0,0,118.75,0,web,South,shopping,Starbucks,Jan 01 2024 09:52,0
T4317,C251,0.53,,0,35.97,1,pos,West,shopping,Walmart,02/01/2024 00:20,0
T4318,C475,163.22,53.0,1,57.3,0,mobile,South,,,01/01/2024 00:19,0
T4319,C220,148.2,68.0,0,156.91,0,pos,South,electronics,BestBuy,01/01/2024 05:23,0
T4320,C230,79.5,58.0,1,115.47,0,pos,South,electronics,Target,2024-01-01 10:05:13,0
T4321,C449,6.88,27.0,0,71.78,0,web,North,food,Starbucks,01/01/2024 00:00,0
T4322,C439,145.46,53.0,0,57.08,0,web,North,grocery,Walmart,2024/01/01 07:51,0
T4323,C458,87.64,,0,74.23,0,pos,South,electronics,Target,2024-01-01 16:35:50,0
T4324,C305,152.31,58.0,1,77.78,1,web,South,travel,Starbucks,2024-01-01 18:28:55,0
T4325,C265,139.33,62.0,0,57.7,0,pos,East,electronics,Starbucks,01/01/2024 18:54,0
T4326,C269,162.46,61.0,0,12.91,0,pos,West,food,Target,Jan 02 2024 02:07,0
T4327,C411,72.98,28.0,0,157.0,0,pos,South,grocery,Walmart,Jan 01 2024 01:13,0
T4328,C399,15.12,29.0,1,148.53,0,mobile,East,electronics,BestBuy,2024/01/01 23:13,0
T4329,C291,111.22,35.0,0,36.34,0,web,South,shopping,Starbucks,2024/01/01 19:57,0
T4330,C228,96.88,47.0,0,106.82,1,web,West,electronics,Amazon,2024-01-01 20:34:22,0
T4331,C211,135.58,61.0,0,54.89,0,pos,South,electronics,Amazon,01/01/2024 18:54,0
T4332,C352,18.62,,0,86.92,0,web,West,grocery,Amazon,Jan 01 2024 23:27,0
T4333,C137,21.69,54.0,0,82.76,0,pos,North,,BestBuy,2024-01-01 11:05:06,0
T4334,C304,221.1,,0,78.61,0,web,West,electronics,Starbucks,Jan 01 2024 02:50,0
T4335,C281,138.62,42.0,0,200.15,0,web,South,electronics,Walmart,2024-01-01 03:57:55,0
T4336,C438,238.85,29.0,0,77.98,0,pos,East,food,Walmart,01/01/2024 16:32,0
T4337,C436,142.18,38.0,0,59.59,0,web,North,grocery,,01/01/2024 20:54,0
T4338,C267,90.92,42.0,0,61.87,0,pos,East,food,Starbucks,01/01/2024 11:05,0
T4339,C481,106.17,28.0,0,152.19,0,mobile,South,electronics,,01/01/2024 12:01,0
T4340,C192,219.94,26.0,1,17.39,0,pos,North,electronics,Target,Jan 01 2024 02:52,0
T4341,C197,86.47,67.0,0,61.87,1,web,East,shopping,Starbucks,Jan 01 2024 07:02,0
T4342,C135,100.07,42.0,0,172.34,1,mobile,South,food,Starbucks,2024/01/01 13:49,0
T4343,C423,17.02,52.0,1,112.2,0,mobile,East,grocery,Walmart,01/01/2024 15:40,0
T4344,C133,64.23,69.0,0,109.6,0,pos,West,electronics,,2024-01-01 20:15:06,0
T4345,C357,126.02,49.0,2,206.61,0,mobile,West,shopping,BestBuy,Jan 01 2024 23:37,0
T4346,C283,31.6,66.0,0,112.32,1,pos,South,shopping,Walmart,Jan 02 2024 02:44,0
T4347,C467,22.6,31.0,0,64.59,0,web,East,travel,Amazon,Jan 01 2024 05:55,0
T4348,C233,37.66,18.0,0,85.9,0,pos,South,grocery,Target,2024/01/01 02:54,0
T4349,C267,27.64,34.0,1,43.23,0,mobile,East,shopping,Starbucks,2024/01/01 13:28,0
T4350,C230,24.2,42.0,1,162.8,0,pos,North,grocery,Target,Jan 01 2024 11:59,0
T4351,C131,55.31,25.0,0,128.73,0,pos,South,electronics,Target,2024-01-01 01:11:43,0
T4352,C358,238.42,22.0,0,156.22,0,web,South,travel,BestBuy,2024/01/01 11:37,0
T4353,C130,70.74,22.0,0,160.65,0,pos,East,grocery,Walmart,2024-01-01 11:15:10,0
T4354,C168,20.82,58.0,0,79.29,0,web,South,travel,Amazon,Jan 01 2024 13:29,0
T4355,C275,8.01,52.0,0,52.76,0,mobile,North,grocery,Amazon,2024-01-01 14:19:01,0
T4356,C410,119.12,36.0,0,97.41,1,mobile,East,grocery,Walmart,2024/01/01 09:33,0
T4357,C376,48.26,40.0,0,56.36,0,pos,East,food,Target,01/01/2024 17:10,0
T4358,C474,172.5,26.0,0,108.25,0,pos,East,travel,Walmart,02/01/2024 02:16,0
T4359,C435,107.74,47.0,0,156.6,0,mobile,North,,Walmart,2024-01-02 00:52:32,0
T4360,C493,159.08,67.0,0,91.59,1,mobile,North,food,Starbucks,01/01/2024 00:57,0
T4361,C357,31.74,33.0,0,107.5,0,mobile,South,food,Starbucks,2024/01/01 06:29,0
T4362,C303,117.88,50.0,0,95.31,1,pos,East,travel,Target,Jan 02 2024 01:11,0
T4363,C452,30.66,19.0,0,140.14,0,mobile,North,electronics,BestBuy,01/01/2024 02:36,0
T4364,C128,279.8,31.0,0,66.61,0,pos,West,travel,Amazon,Jan 01 2024 15:14,0
T4365,C331,101.16,63.0,0,-9.82,0,mobile,South,grocery,Starbucks,2024/01/01 06:00,0
T4366,C449,39.23,18.0,0,123.54,0,mobile,North,electronics,Target,2024/01/01 15:06,0
T4367,C100,1570.0,43.0,1,149.39,0,pos,North,travel,Walmart,01/01/2024 13:43,0
T4368,C497,21.19,42.0,0,122.32,0,web,North,,Starbucks,2024-01-01 01:43:35,0
T4369,C355,118.63,33.0,0,67.99,0,pos,South,,,2024-01-01 07:32:08,0
T4370,C219,24.68,32.0,1,43.25,0,web,North,travel,Walmart,02/01/2024 00:22,0
T4371,C256,90.46,43.0,0,124.72,0,pos,North,electronics,Starbucks,Jan 01 2024 04:14,0
T4372,C478,30.74,64.0,0,107.07,0,web,West,grocery,Target,Jan 01 2024 02:07,0
T4373,C473,108.46,,0,93.71,0,web,West,food,Amazon,2024/01/01 10:51,0
T4374,C202,168.71,,1,191.12,0,web,West,travel,Target,Jan 01 2024 10:33,0
T4375,C157,150.52,31.0,0,52.66,0,pos,North,food,BestBuy,Jan 01 2024 23:53,0
T4376,C270,143.07,46.0,1,188.75,0,pos,West,food,BestBuy,Jan 01 2024 09:40,0
T4377,C373,20.79,41.0,0,101.59,0,pos,East,food,Amazon,2024-01-01 19:03:22,0
T4378,C188,9.25,64.0,0,8.22,0,web,West,,BestBuy,2024-01-01 03:18:22,0
T4379,C328,120.05,32.0,0,91.04,1,web,West,travel,Walmart,Jan 01 2024 18:00,0
T4380,C362,45.94,36.0,0,147.97,0,pos,North,travel,BestBuy,2024/01/01 17:41,0
T4381,C221,56.62,25.0,0,81.75,0,pos,East,travel,Starbucks,Jan 01 2024 17:43,0
T4382,C190,3.16,51.0,0,26.26,0,mobile,West,shopping,,2024-01-01 20:43:05,0
T4383,C487,30.05,19.0,1,91.77,0,mobile,North,grocery,Target,2024/01/01 03:19,0
T4384,C191,3.43,44.0,0,57.14,0,mobile,East,,Amazon,2024/01/01 21:44,0
T4385,C444,211.35,27.0,0,124.59,0,mobile,West,electronics,Starbucks,2024/01/02 00:46,0
T4386,C488,27.89,52.0,0,138.67,0,mobile,North,shopping,Starbucks,2024-01-01 11:15:40,0
T4387,C259,81.49,40.0,0,47.19,0,pos,East,shopping,Amazon,2024-01-01 22:06:37,0
T4388,C470,3.98,66.0,0,64.71,0,web,West,shopping,BestBuy,Jan 01 2024 17:16,0
T4389,C249,109.92,25.0,0,137.83,0,web,East,grocery,Amazon,2024-01-01 04:01:52,0
T4390,C378,39.01,45.0,0,57.06,0,pos,East,food,Amazon,01/01/2024 10:44,0
T4391,C343,228.2,40.0,0,45.89,0,pos,North,electronics,BestBuy,2024-01-01 07:20:32,0
T4392,C367,219.03,21.0,1,41.07,0,pos,South,electronics,Target,2024/01/01 03:26,0
T4393,C297,39.35,31.0,1,117.6,0,mobile,East,grocery,Amazon,2024/01/01 11:35,0
T4394,C394,231.22,59.0,1,115.46,0,mobile,East,shopping,BestBuy,Jan 01 2024 22:33,0
T4395,C409,556.17,46.0,0,65.8,0,mobile,East,food,Starbucks,2024/01/01 07:52,0
T4396,C489,174.53,,0,100.25,0,pos,East,travel,Amazon,2024-01-01 06:38:49,0
T4397,C206,186.35,21.0,0,176.36,0,pos,East,,Amazon,Jan 01 2024 16:36,0
T4398,C116,28.64,49.0,0,51.3,0,web,South,food,Target,01/01/2024 21:42,0
T4399,C328,85.97,50.0,0,2.41,0,pos,North,grocery,Target,2024-01-01 14:36:40,0
T4400,C256,6.96,66.0,0,122.75,0,mobile,South,,Starbucks,2024-01-02 02:52:20,0
T4401,C445,9.97,43.0,0,94.48,0,web,North,travel,Target,2024-01-01 11:08:01,0
T4402,C485,680.58,34.0,0,64.5,0,pos,South,food,Starbucks,2024-01-02 03:44:19,0
T4403,C203,39.55,56.0,0,132.6,0,web,North,shopping,Amazon,2024-01-02 00:20:09,0
T4404,C125,137.91,40.0,0,141.96,0,web,West,food,BestBuy,2024/01/01 14:35,0
T4405,C494,164.33,49.0,1,-10.41,0,pos,East,food,Target,01/01/2024 13:48,0
T4406,C491,195.21,69.0,1,67.37,0,mobile,North,shopping,Starbucks,Jan 02 2024 02:15,0
T4407,C179,604.41,32.0,0,215.88,0,mobile,North,travel,Target,Jan 01 2024 10:38,0
T4408,C461,27.64,30.0,0,129.17,0,web,East,food,Target,2024-01-01 14:21:14,0
T4409,C277,4.12,,0,133.81,1,pos,West,shopping,Walmart,01/01/2024 17:12,0
T4410,C183,52.97,,0,158.64,0,pos,East,grocery,Amazon,2024-01-01 10:41:01,0
T4411,C480,13.94,41.0,0,100.85,0,mobile,North,grocery,Target,01/01/2024 22:09,0
T4412,C109,2.27,,0,139.83,0,pos,North,shopping,BestBuy,01/01/2024 18:13,0
T4413,C383,44.7,41.0,0,135.9,0,pos,East,grocery,Walmart,2024/01/01 02:48,0
T4414,C321,153.13,28.0,0,126.95,0,web,South,food,Starbucks,Jan 01 2024 10:41,0
T4415,C313,83.51,39.0,0,83.9,0,pos,East,shopping,Starbucks,2024/01/02 03:34,0
T4416,C150,37.51,32.0,0,108.6,1,pos,North,food,BestBuy,01/01/2024 06:05,0
T4417,C268,106.23,27.0,0,70.58,0,pos,North,electronics,BestBuy,Jan 01 2024 19:07,0
T4418,C423,26.4,58.0,0,100.64,0,mobile,North,travel,Amazon,2024-01-01 16:30:14,0
T4419,C329,1.45,,0,41.58,0,mobile,West,travel,BestBuy,01/01/2024 16:06,0
T4420,C222,144.54,,0,60.47,0,web,East,,Starbucks,2024/01/01 05:32,0
T4421,C277,97.75,69.0,0,85.88,0,mobile,West,shopping,Amazon,02/01/2024 02:47,0
T4422,C476,143.68,45.0,0,52.81,0,mobile,East,electronics,,01/01/2024 16:56,0
T4423,C169,3.97,18.0,0,74.75,1,mobile,West,travel,BestBuy,Jan 01 2024 02:08,0
T4424,C351,181.47,34.0,0,91.8,0,mobile,South,food,Starbucks,Jan 01 2024 21:02,0
T4425,C312,96.63,,0,120.11,0,web,North,travel,Amazon,2024/01/01 01:55,0
T4426,C413,82.87,61.0,0,147.46,0,pos,North,electronics,Walmart,Jan 01 2024 22:49,0
T4427,C407,97.98,27.0,0,76.81,0,pos,East,food,Walmart,Jan 01 2024 06:08,0
T4428,C488,199.83,,0,166.76,0,pos,North,food,Amazon,01/01/2024 01:44,0
T4429,C487,88.42,46.0,0,146.93,0,web,West,shopping,BestBuy,01/01/2024 03:53,0
T4430,C274,86.98,35.0,1,125.2,0,mobile,South,shopping,BestBuy,Jan 01 2024 15:33,0
T4431,C177,467.55,64.0,0,107.68,0,web,West,grocery,Amazon,2024/01/01 15:17,0
T4432,C471,141.36,55.0,0,115.96,0,web,West,electronics,Walmart,2024-01-01 16:15:21,0
T4433,C147,58.39,56.0,0,159.35,0,web,East,food,Target,2024-01-01 23:22:02,0
T4434,C101,122.89,66.0,1,161.18,1,pos,North,electronics,Starbucks,Jan 01 2024 05:20,0
T4435,C413,49.3,23.0,1,166.75,0,mobile,West,travel,Amazon,Jan 01 2024 09:10,0
T4436,C426,25.99,57.0,0,102.07,0,pos,East,travel,Target,01/01/2024 16:05,0
T4437,C325,90.85,29.0,0,127.75,0,web,West,grocery,Starbucks,Jan 02 2024 02:35,0
T4438,C384,263.36,31.0,0,167.18,0,web,West,food,Target,2024-01-01 23:37:39,0
T4439,C248,264.7,61.0,0,68.81,0,pos,West,food,Target,2024/01/01 02:52,0
T4440,C433,41.84,27.0,0,84.08,0,pos,East,grocery,Starbucks,2024/01/02 02:04,0
T4441,C358,75.01,37.0,0,100.8,0,pos,South,travel,Target,2024-01-02 02:06:05,0
T4442,C414,23.78,32.0,1,144.98,0,mobile,West,food,Walmart,01/01/2024 12:34,0
T4443,C231,27166.000000000004,,0,145.76,0,pos,West,electronics,Amazon,2024-01-01 19:12:39,0
T4444,C126,396.95,24.0,0,88.46,0,mobile,East,food,Walmart,02/01/2024 00:08,0
T4445,C492,104.84,58.0,0,24.57,0,mobile,North,,Walmart,01/01/2024 17:54,0
T4446,C372,163.18,27.0,0,112.31,0,pos,South,food,Starbucks,01/01/2024 17:42,0
T4447,C499,125.56,27.0,0,54.08,1,web,East,food,Starbucks,2024-01-01 02:34:54,0
T4448,C496,89.93,,0,25.5,0,web,North,shopping,Starbucks,2024-01-01 00:12:30,0
T4449,C481,5.48,56.0,0,36.81,1,mobile,East,food,Target,01/01/2024 06:42,0
T4450,C273,60.65,45.0,0,116.32,0,mobile,East,grocery,Target,2024/01/01 17:46,0
T4451,C419,112.33,47.0,0,168.05,1,mobile,South,grocery,Amazon,Jan 01 2024 20:25,0
T4452,C191,113.18,54.0,1,101.94,0,web,South,electronics,Target,01/01/2024 11:52,0
T4453,C132,46.7,20.0,0,110.57,0,mobile,South,food,Amazon,02/01/2024 02:19,0
T4454,C319,284.2,67.0,0,159.14,0,mobile,South,electronics,Walmart,2024/01/01 14:13,0
T4455,C349,18.32,60.0,0,22.78,0,web,North,travel,Amazon,01/01/2024 12:17,0
T4456,C247,69.39,,0,126.01,0,pos,West,travel,Amazon,2024/01/01 13:20,0
T4457,C140,117.4,38.0,0,99.42,0,web,East,shopping,Starbucks,Jan 01 2024 03:26,0
T4458,C391,119.45,69.0,0,128.3,0,pos,South,shopping,Target,Jan 01 2024 15:14,0
T4459,C100,104.59,54.0,0,75.83,0,pos,West,food,BestBuy,2024/01/01 11:31,0
T4460,C310,32.2,29.0,0,59.1,0,mobile,North,food,BestBuy,2024-01-02 03:23:52,0
T4461,C487,16.98,,0,107.03,0,mobile,South,electronics,Starbucks,01/01/2024 17:20,0
T4462,C478,101.04,64.0,0,182.46,0,pos,East,electronics,Walmart,2024-01-01 22:16:19,0
T4463,C483,91.45,26.0,0,143.05,0,mobile,West,food,Walmart,2024/01/01 15:59,0
T4464,C125,19.77,56.0,0,74.62,0,pos,South,food,Walmart,Jan 01 2024 23:50,0
T4465,C498,122.13,59.0,1,32.95,1,mobile,East,shopping,Amazon,Jan 01 2024 04:16,1
T4466,C386,60.73,45.0,0,15.9,0,web,West,shopping,Target,01/01/2024 08:00,0
T4467,C194,110.19,40.0,0,165.8,0,pos,East,shopping,Walmart,2024/01/01 21:14,0
T4468,C180,181.63,62.0,0,52.25,0,pos,North,food,BestBuy,Jan 01 2024 03:22,0
T4469,C493,18.6,57.0,0,83.72,0,mobile,South,electronics,Amazon,01/01/2024 16:12,0
T4470,C180,1.93,61.0,2,166.06,0,web,South,grocery,Walmart,01/01/2024 09:57,0
T4471,C345,151.01,39.0,0,19.3,0,mobile,East,grocery,Walmart,2024/01/01 20:08,0
T4472,C446,94.08,41.0,0,174.61,0,web,West,electronics,Target,2024-01-02 01:50:36,0
T4473,C499,120.28,68.0,0,87.32,0,mobile,South,,Target,01/01/2024 22:03,0
T4474,C403,182.11,43.0,0,42.57,0,pos,East,electronics,Amazon,01/01/2024 22:55,0
T4475,C136,162.36,47.0,0,87.63,0,web,North,shopping,BestBuy,01/01/2024 14:36,0
T4476,C438,324.21,50.0,0,63.87,0,web,South,,Starbucks,2024/01/01 10:49,0
T4477,C499,76.77,,0,122.04,1,mobile,East,food,BestBuy,2024/01/01 20:55,0
T4478,C107,67.04,39.0,0,67.59,0,web,West,shopping,Target,Jan 01 2024 15:09,0
T4479,C122,51.4,66.0,0,4.42,1,mobile,South,grocery,Target,2024/01/02 02:59,0
T4480,C195,16.69,67.0,0,88.97,0,web,South,food,Starbucks,01/01/2024 11:53,0
T4481,C107,85.01,60.0,0,32.17,0,mobile,North,,BestBuy,2024-01-01 19:34:31,0
T4482,C273,32.44,35.0,0,110.22,0,mobile,East,grocery,BestBuy,2024-01-02 02:40:50,0
T4483,C440,254.22,24.0,0,40.64,0,mobile,West,electronics,Starbucks,2024/01/01 20:54,0
T4484,C236,87.51,67.0,0,75.6,0,pos,North,electronics,Target,2024-01-01 22:43:26,0
T4485,C354,89.85,43.0,0,109.13,0,web,North,electronics,Amazon,Jan 01 2024 10:58,0
T4486,C279,43.84,25.0,0,89.38,0,pos,North,food,BestBuy,2024-01-01 06:14:18,0
T4487,C282,5.34,23.0,1,112.52,0,pos,East,grocery,Walmart,Jan 01 2024 06:24,0
T4488,C226,3.23,47.0,0,134.01,0,pos,East,grocery,BestBuy,Jan 02 2024 02:10,0
T4489,C404,55.05,56.0,0,42.1,0,pos,South,electronics,BestBuy,01/01/2024 22:42,0
T4490,C131,8.84,40.0,1,96.78,0,web,East,shopping,BestBuy,01/01/2024 08:01,0
T4491,C475,93.36,49.0,1,-66.48,0,web,North,travel,Target,2024/01/01 17:13,0
T4492,C272,212.84,39.0,1,112.37,0,pos,East,shopping,Walmart,2024-01-01 05:47:33,0
T4493,C215,214.49,59.0,0,84.96,1,web,West,,,01/01/2024 09:23,0
T4494,C442,107.6,60.0,1,50.83,0,web,South,travel,Amazon,2024-01-01 16:24:30,0
T4495,C335,23.73,62.0,0,115.79,1,mobile,North,shopping,Walmart,Jan 01 2024 20:42,0
T4496,C164,198.78,,0,158.63,0,web,South,grocery,,01/01/2024 21:25,0
T4497,C420,217.24,48.0,0,76.2,0,pos,East,shopping,Amazon,01/01/2024 22:07,0
T4498,C243,21.9,24.0,0,52.76,0,web,South,electronics,Starbucks,Jan 01 2024 16:38,0
T4499,C156,133.72,26.0,0,108.25,0,pos,South,food,BestBuy,2024-01-01 12:37:07,0
T4500,C101,33.76,30.0,1,33.22,0,web,East,,Target,Jan 01 2024 02:10,0
T4501,C495,162.27,,0,66.98,0,pos,South,shopping,,01/01/2024 04:56,0
T4502,C275,589.18,52.0,0,161.12,0,web,East,travel,BestBuy,01/01/2024 13:54,0
T4503,C330,3.05,50.0,0,103.11,0,web,North,electronics,Starbucks,2024-01-01 15:46:31,0
T4504,C404,227.66,38.0,0,6.03,1,web,South,travel,,Jan 01 2024 20:20,0
T4505,C159,97.45,,0,10.15,1,pos,West,food,Amazon,2024-01-01 10:36:40,0
T4506,C140,362.62,69.0,0,108.1,0,mobile,West,food,Target,2024-01-01 11:43:49,0
T4507,C328,62.55,51.0,0,143.12,0,pos,North,electronics,Starbucks,Jan 01 2024 13:51,0
T4508,C400,187.99,49.0,0,19.12,0,web,East,travel,Walmart,2024/01/02 01:31,0
T4509,C136,6.44,,1,122.49,0,pos,East,electronics,BestBuy,Jan 01 2024 20:26,0
T4510,C412,40.84,32.0,0,166.52,0,web,South,travel,Starbucks,01/01/2024 19:38,0
T4511,C462,6.94,49.0,0,194.39,0,web,South,grocery,BestBuy,2024/01/01 23:32,0
T4512,C462,370.27,23.0,0,116.56,0,mobile,West,electronics,BestBuy,2024-01-01 14:13:59,0
T4513,C319,169.81,62.0,0,125.34,0,web,West,food,Starbucks,2024-01-01 17:56:07,0
T4514,C117,191.42,38.0,0,-6.66,0,web,East,travel,,Jan 02 2024 01:48,0
T4515,C110,278.01,,0,204.99,0,web,West,grocery,Walmart,2024-01-01 12:40:21,0
T4516,C270,8.89,49.0,0,71.23,0,mobile,East,food,BestBuy,2024-01-01 23:39:23,0
T4517,C474,48.71,69.0,0,53.33,1,pos,North,travel,Amazon,2024-01-01 12:35:57,0
T4518,C381,7.37,,0,87.24,0,mobile,North,grocery,BestBuy,Jan 01 2024 13:37,0
T4519,C133,23.67,50.0,1,175.58,0,pos,West,food,BestBuy,2024/01/01 20:19,0
T4520,C153,26.05,45.0,1,210.4,0,web,South,food,Amazon,Jan 01 2024 09:34,0
T4521,C170,63.32,48.0,0,106.27,0,pos,West,grocery,BestBuy,Jan 01 2024 17:54,0
T4522,C456,31.27,38.0,0,149.9,0,pos,West,food,Walmart,Jan 01 2024 02:32,0
T4523,C409,10.64,51.0,0,102.16,0,pos,West,travel,,2024/01/01 09:15,0
T4524,C350,18.33,32.0,0,48.11,0,pos,South,travel,Amazon,Jan 01 2024 06:49,0
T4525,C269,15.93,31.0,0,173.84,0,web,West,food,Target,2024-01-01 09:27:32,0
T4526,C204,361.48,36.0,0,68.89,0,mobile,South,shopping,BestBuy,Jan 01 2024 03:24,0
T4527,C131,142.42,60.0,0,176.78,0,pos,West,grocery,Starbucks,2024/01/02 00:08,0
T4528,C163,343.46,,1,164.93,0,web,South,shopping,Walmart,Jan 01 2024 22:37,0
T4529,C177,57.94,23.0,0,130.7,0,web,South,travel,Walmart,Jan 01 2024 08:04,0
T4530,C172,32.62,69.0,0,191.45,0,web,South,,Target,Jan 02 2024 02:48,0
T4531,C135,160.09,26.0,0,211.62,0,web,South,electronics,Walmart,2024-01-01 01:42:38,0
T4532,C486,39.49,54.0,0,91.24,0,pos,South,electronics,Starbucks,Jan 01 2024 06:51,0
T4533,C172,35.58,37.0,0,59.56,0,mobile,North,,Target,Jan 01 2024 15:20,0
T4534,C245,26.46,51.0,0,6.79,0,web,East,,,Jan 01 2024 03:26,0
T4535,C470,13.89,,0,212.23,1,mobile,East,shopping,Target,01/01/2024 05:58,0
T4536,C405,29.63,43.0,0,78.02,0,mobile,South,travel,,02/01/2024 01:29,0
T4537,C240,43.9,,0,156.75,0,mobile,East,travel,,2024/01/01 00:03,0
T4538,C296,112.08,,1,62.94,0,web,South,food,Starbucks,2024/01/01 11:25,0
T4539,C160,6.46,68.0,0,176.91,0,web,West,travel,BestBuy,2024/01/01 08:18,0
T4540,C186,23.64,26.0,1,64.99,0,web,North,,Target,Jan 01 2024 20:12,0
T4541,C116,165.56,49.0,0,40.41,0,mobile,West,food,Walmart,2024/01/01 09:26,0
T4542,C293,15.89,23.0,0,89.57,0,web,West,shopping,Starbucks,01/01/2024 09:50,0
T4543,C253,41.95,31.0,0,73.41,1,web,South,electronics,BestBuy,01/01/2024 06:19,0
T4544,C333,200.0,45.0,1,129.81,1,mobile,West,shopping,Target,2024-01-01 16:50:50,1
T4545,C376,16.83,41.0,0,97.43,0,web,North,travel,Starbucks,Jan 01 2024 07:37,0
T4546,C224,8.64,30.0,0,131.39,0,pos,West,grocery,Walmart,2024/01/01 21:45,0
T4547,C477,66.27,60.0,1,85.45,0,pos,North,,Target,2024-01-01 07:59:02,0
T4548,C206,36.01,29.0,0,66.74,0,pos,North,electronics,Target,2024/01/01 09:07,0
T4549,C239,82.88,68.0,1,70.82,0,pos,South,travel,Amazon,Jan 01 2024 04:43,0
T4550,C231,162.86,36.0,0,202.25,0,mobile,North,electronics,Amazon,Jan 01 2024 07:03,0
T4551,C278,14.75,38.0,0,111.26,0,web,West,grocery,Target,2024/01/01 06:09,0
T4552,C317,86.92,44.0,0,0.81,0,pos,South,grocery,Starbucks,01/01/2024 19:59,0
T4553,C499,70.42,36.0,0,73.99,0,pos,North,food,Walmart,2024/01/02 02:26,0
T4554,C377,15.56,41.0,0,104.84,0,web,North,travel,BestBuy,2024-01-01 12:27:31,0
T4555,C246,97.82,,0,192.27,0,mobile,East,food,Amazon,2024-01-01 07:34:17,0
T4556,C404,31.97,62.0,0,151.43,0,pos,South,shopping,Walmart,Jan 01 2024 22:37,0
T4557,C276,66.91,,0,53.91,0,web,East,,Target,2024/01/01 06:32,0
T4558,C144,8.59,63.0,0,220.92,1,web,North,shopping,Walmart,01/01/2024 12:00,0
T4559,C490,61.54,35.0,0,98.44,0,pos,East,shopping,Walmart,2024/01/01 11:15,0
T4560,C484,36.6,61.0,1,162.32,0,pos,West,shopping,,01/01/2024 10:11,0
T4561,C109,172.81,53.0,1,42.25,0,web,West,travel,,Jan 01 2024 03:16,0
T4562,C447,5.87,59.0,0,-19.91,0,web,North,food,Amazon,01/01/2024 03:42,0
T4563,C380,54.23,46.0,0,29.58,0,pos,East,food,BestBuy,2024/01/01 07:58,0
T4564,C361,61.33,,0,-62.52,1,pos,East,electronics,,Jan 01 2024 21:26,0
T4565,C384,129.1,21.0,0,205.6,0,pos,South,shopping,Amazon,Jan 02 2024 00:22,0
T4566,C468,85.4,61.0,0,110.73,0,pos,West,grocery,BestBuy,2024-01-01 22:04:28,0
T4567,C124,110.03,62.0,1,53.77,0,mobile,West,electronics,Target,Jan 01 2024 13:28,0
T4568,C430,150.08,46.0,0,122.63,0,web,South,electronics,BestBuy,01/01/2024 00:22,0
T4569,C176,198.2,21.0,3,109.47,0,pos,West,travel,Target,2024-01-02 01:11:23,0
T4570,C224,37.67,27.0,0,131.05,0,web,East,electronics,BestBuy,Jan 01 2024 21:38,0
T4571,C231,77.22,42.0,0,160.48,1,pos,East,grocery,Amazon,2024/01/01 16:32,0
T4572,C260,183.33,48.0,0,85.5,0,mobile,West,food,Target,Jan 01 2024 03:18,0
T4573,C333,455.17,20.0,0,56.01,0,web,South,,Walmart,2024-01-02 00:02:59,0
T4574,C366,220.29,64.0,0,141.39,0,mobile,North,travel,Target,02/01/2024 02:53,0
T4575,C239,46.44,19.0,0,140.12,0,web,North,shopping,Target,2024-01-01 18:24:21,0
T4576,C390,21.71,42.0,0,105.04,0,mobile,North,grocery,BestBuy,2024-01-01 17:16:56,0
T4577,C186,67.22,,0,208.88,0,pos,North,shopping,Target,2024/01/01 13:56,0
T4578,C158,135.34,23.0,0,78.11,0,pos,East,electronics,BestBuy,01/01/2024 19:56,0
T4579,C462,67.84,43.0,0,55.01,0,mobile,North,food,Amazon,2024-01-01 13:40:33,0
T4580,C162,66.01,25.0,0,120.9,0,pos,East,travel,Target,Jan 01 2024 16:47,0
T4581,C473,182.16,52.0,0,66.25,0,mobile,East,grocery,Walmart,Jan 01 2024 15:14,0
T4582,C107,44.85,44.0,0,124.78,0,mobile,North,food,Walmart,2024-01-02 03:04:58,0
T4583,C381,196.46,42.0,0,58.35,0,web,North,grocery,Amazon,2024/01/01 12:12,0
T4584,C450,52.22,35.0,0,79.99,0,mobile,North,travel,Walmart,2024-01-01 23:05:25,0
T4585,C416,39.78,18.0,0,194.54,0,web,West,travel,BestBuy,2024/01/02 02:07,0
T4586,C149,60.51,,1,79.72,0,mobile,West,electronics,Target,2024/01/01 13:12,0
T4587,C207,143.74,56.0,0,60.06,1,web,South,grocery,Starbucks,Jan 01 2024 09:00,0
T4588,C163,13.47,20.0,0,158.53,0,web,East,electronics,Target,02/01/2024 02:38,0
T4589,C166,21.87,21.0,0,47.45,1,pos,North,grocery,Target,2024/01/01 01:51,0
T4590,C483,302.51,58.0,0,65.35,0,web,West,grocery,Starbucks,01/01/2024 06:09,0
T4591,C236,19.3,54.0,0,128.83,0,web,South,shopping,Walmart,2024-01-01 08:17:36,0
T4592,C306,83.87,,0,146.92,0,mobile,East,electronics,Walmart,2024-01-01 22:09:18,0
T4593,C455,86.59,32.0,0,161.02,0,web,East,,Target,2024-01-01 10:48:30,0
T4594,C203,67.26,25.0,0,62.64,0,pos,East,grocery,Walmart,01/01/2024 09:55,0
T4595,C266,103.49,55.0,0,129.8,0,mobile,West,travel,BestBuy,01/01/2024 16:42,0
T4596,C430,26.11,67.0,0,76.69,0,web,North,shopping,BestBuy,01/01/2024 07:53,0
T4597,C239,80.44,36.0,0,69.72,1,mobile,North,travel,Starbucks,2024/01/01 12:40,0
T4598,C254,46.55,64.0,0,160.16,1,mobile,East,electronics,Target,2024-01-02 00:13:46,0
T4599,C236,108.37,43.0,0,72.52,0,mobile,East,electronics,BestBuy,2024/01/02 03:07,0
T4600,C180,15.22,56.0,1,113.91,0,mobile,South,grocery,,02/01/2024 01:26,0
T4601,C490,4230.0,27.0,0,107.78,0,mobile,South,food,,2024/01/01 06:10,0
T4602,C388,20.49,55.0,1,46.46,0,web,East,travel,Target,2024-01-01 14:18:53,0
T4603,C425,32.66,31.0,0,148.3,0,mobile,South,electronics,BestBuy,01/01/2024 20:29,0
T4604,C465,24.68,,0,128.01,0,mobile,West,grocery,Starbucks,01/01/2024 01:06,0
T4605,C476,20.19,,0,0.69,0,pos,East,grocery,,2024-01-01 22:38:10,0
T4606,C123,174.7,36.0,1,113.87,0,pos,South,travel,Amazon,2024-01-01 06:57:18,0
T4607,C240,33.65,47.0,0,61.35,0,mobile,East,grocery,BestBuy,01/01/2024 01:26,0
T4608,C189,261.9,22.0,0,154.85,1,web,North,shopping,Target,Jan 01 2024 20:21,0
T4609,C391,350.41,48.0,0,27.73,0,pos,West,food,Starbucks,01/01/2024 14:18,0
T4610,C102,84.69,24.0,1,82.18,0,pos,East,travel,Starbucks,Jan 01 2024 06:45,0
T4611,C457,15.43,36.0,0,118.1,0,mobile,North,travel,Amazon,2024-01-01 16:36:03,0
T4612,C450,46.93,48.0,0,102.72,0,web,East,travel,Target,Jan 02 2024 02:41,0
T4613,C196,159.82,69.0,0,138.15,0,web,North,grocery,Amazon,2024-01-01 11:39:53,0
T4614,C426,45.79,56.0,0,24.08,0,pos,South,grocery,Amazon,2024-01-02 01:11:39,0
T4615,C468,9.1,41.0,0,182.6,0,pos,North,travel,Amazon,2024-01-01 11:09:53,0
T4616,C463,81.37,51.0,0,126.26,1,pos,West,travel,BestBuy,01/01/2024 10:42,0
T4617,C295,186.51,40.0,0,167.99,0,pos,West,shopping,Walmart,2024-01-01 06:29:20,0
T4618,C491,158.93,65.0,1,143.71,0,pos,South,electronics,BestBuy,Jan 01 2024 09:52,0
T4619,C249,19.25,62.0,0,99.42,0,mobile,East,shopping,,2024/01/01 09:14,0
T4620,C179,111.71,,1,35.79,1,mobile,West,travel,Amazon,01/01/2024 23:57,0
T4621,C357,24.91,23.0,1,71.82,0,mobile,South,grocery,Amazon,2024-01-01 03:02:11,0
T4622,C399,24.62,55.0,0,179.48,0,pos,West,grocery,Walmart,2024/01/01 05:49,0
T4623,C408,207.2,58.0,0,169.27,1,mobile,South,travel,Starbucks,Jan 02 2024 01:50,0
T4624,C286,28.72,53.0,0,69.02,1,pos,West,,Amazon,Jan 01 2024 17:34,0
T4625,C120,30.55,,0,-40.92,0,web,South,food,BestBuy,01/01/2024 17:22,0
T4626,C419,0.07,,0,89.37,0,web,West,food,,Jan 01 2024 15:50,0
T4627,C348,204.54,,0,85.61,0,mobile,East,shopping,Target,Jan 02 2024 02:22,0
T4628,C179,157.31,34.0,0,87.51,0,web,North,,Walmart,01/01/2024 01:23,0
T4629,C283,98.71,69.0,0,126.43,0,web,West,,Starbucks,Jan 02 2024 02:27,0
T4630,C202,138.74,24.0,0,143.81,0,web,South,electronics,Target,02/01/2024 00:31,0
T4631,C133,16.49,44.0,1,149.51,0,mobile,East,grocery,BestBuy,2024/01/01 23:07,0
T4632,C337,61.31,64.0,0,122.29,0,web,West,,Target,2024/01/01 21:03,0
T4633,C159,43.27,32.0,0,9.96,1,mobile,South,electronics,Amazon,01/01/2024 01:23,0
T4634,C460,9.85,,2,82.94,0,pos,North,travel,Walmart,2024-01-01 08:15:56,0
T4635,C459,66.58,,1,215.2,0,pos,South,food,Amazon,01/01/2024 10:33,0
T4636,C484,253.5,28.0,1,118.71,1,mobile,West,food,Walmart,Jan 01 2024 15:17,0
T4637,C500,4.09,62.0,0,118.39,0,mobile,South,grocery,BestBuy,Jan 01 2024 03:50,0
T4638,C201,34.46,43.0,0,117.97,0,web,South,shopping,Target,2024/01/01 14:56,0
T4639,C410,23.26,39.0,0,120.77,0,pos,North,food,Walmart,2024-01-01 03:15:34,0
T4640,C308,27.2,,0,-19.16,0,web,West,grocery,Target,2024-01-01 23:26:06,0
T4641,C371,239.07,,0,88.02,0,pos,West,grocery,Walmart,Jan 01 2024 20:55,0
T4642,C151,63.12,46.0,1,98.11,0,web,North,electronics,Amazon,Jan 01 2024 23:36,0
T4643,C132,62.79,26.0,0,164.07,0,web,East,electronics,Walmart,2024-01-02 00:26:15,0
T4644,C496,142.95,,0,102.38,0,pos,South,electronics,Walmart,2024/01/01 20:27,0
T4645,C149,16.78,21.0,0,17.67,0,web,South,shopping,Starbucks,01/01/2024 17:56,0
T4646,C366,66.8,66.0,1,121.5,0,pos,South,food,BestBuy,01/01/2024 02:53,0
T4647,C447,56.21,63.0,0,59.81,0,mobile,West,shopping,Amazon,01/01/2024 11:50,0
T4648,C118,90.86,35.0,0,39.16,0,web,West,shopping,Amazon,2024-01-01 05:52:19,0
T4649,C189,772.35,60.0,0,58.29,1,pos,South,electronics,Target,01/01/2024 21:37,0
T4650,C163,146.73,33.0,1,127.13,0,pos,West,grocery,Walmart,01/01/2024 13:16,0
T4651,C328,50.73,50.0,1,162.94,0,web,North,travel,Walmart,01/01/2024 20:31,0
T4652,C386,175.77,46.0,0,124.15,0,pos,North,grocery,Walmart,Jan 01 2024 09:35,0
T4653,C222,18.72,56.0,1,131.6,0,web,West,grocery,Amazon,01/01/2024 08:02,0
T4654,C213,3.09,27.0,0,123.65,0,web,South,grocery,Starbucks,2024/01/01 12:05,0
T4655,C307,22.87,26.0,0,105.07,0,mobile,South,grocery,Target,2024-01-01 03:36:51,0
T4656,C141,41.61,48.0,0,134.85,0,mobile,South,shopping,Walmart,Jan 01 2024 03:12,0
T4657,C123,71.45,45.0,1,-20.94,0,mobile,South,,Starbucks,01/01/2024 13:22,0
T4658,C391,95.48,20.0,1,105.55,0,web,West,,BestBuy,Jan 01 2024 20:09,0
T4659,C326,241.47,31.0,0,47.75,0,web,East,grocery,Amazon,01/01/2024 08:12,0
T4660,C198,71.31,42.0,0,158.15,0,pos,East,travel,BestBuy,Jan 02 2024 03:15,0
T4661,C492,69.57,32.0,0,92.64,0,mobile,South,food,Amazon,2024-01-01 03:17:46,0
T4662,C176,5.15,19.0,1,101.55,1,mobile,South,grocery,Target,2024-01-01 21:02:35,1
T4663,C378,3.55,41.0,0,24.75,0,pos,South,grocery,BestBuy,01/01/2024 11:36,0
T4664,C122,80.11,31.0,1,150.84,1,mobile,East,travel,Target,Jan 01 2024 02:13,0
T4665,C121,57.66,65.0,0,131.37,0,mobile,North,shopping,Target,2024/01/01 02:38,0
T4666,C123,182.75,24.0,0,127.85,0,mobile,East,grocery,Target,2024-01-02 00:46:33,0
T4667,C176,17.52,53.0,0,59.35,0,pos,West,travel,BestBuy,01/01/2024 10:52,0
T4668,C248,2.53,67.0,0,61.32,0,mobile,East,shopping,BestBuy,01/01/2024 05:25,0
T4669,C277,59.61,41.0,0,111.18,0,web,West,shopping,BestBuy,2024/01/02 00:43,0
T4670,C199,27.11,44.0,0,65.28,0,mobile,South,grocery,Walmart,2024/01/02 01:08,0
T4671,C289,5.09,54.0,0,121.74,0,web,West,shopping,Target,01/01/2024 14:03,0
T4672,C481,128.95,55.0,0,-8.05,0,mobile,South,grocery,,Jan 01 2024 10:39,0
T4673,C301,11.83,47.0,0,75.62,0,web,North,grocery,Amazon,2024-01-01 03:49:48,0
T4674,C491,93.73,,0,189.84,0,mobile,South,electronics,BestBuy,2024-01-01 11:45:30,0
T4675,C363,33.0,56.0,1,121.97,0,web,South,food,Starbucks,Jan 01 2024 11:30,0
T4676,C146,19.06,32.0,0,108.34,0,web,North,food,,2024-01-02 00:41:56,0
T4677,C414,47.76,43.0,0,199.26,0,mobile,South,electronics,Target,2024/01/01 09:12,0
T4678,C449,8083.499999999999,18.0,0,-16.8,1,pos,South,grocery,Target,2024-01-01 02:15:33,0
T4679,C194,49.77,21.0,0,59.23,0,mobile,South,travel,Walmart,Jan 01 2024 01:03,0
T4680,C288,138.94,46.0,0,79.94,0,pos,East,,,Jan 01 2024 18:15,0
T4681,C311,13.41,18.0,0,142.92,0,pos,West,electronics,BestBuy,2024-01-01 19:32:12,0
T4682,C443,148.18,60.0,0,143.78,0,pos,South,electronics,Amazon,2024/01/01 11:19,0
T4683,C428,27.04,67.0,0,56.7,0,pos,East,electronics,Amazon,Jan 01 2024 06:30,0
T4684,C151,113.13,63.0,0,149.9,0,pos,South,electronics,,01/01/2024 00:44,0
T4685,C460,83.42,39.0,0,79.83,0,pos,West,food,,Jan 01 2024 16:10,0
T4686,C491,264.71,28.0,0,160.58,0,mobile,South,grocery,Starbucks,Jan 01 2024 07:13,0
T4687,C236,48.99,27.0,0,48.37,0,web,West,electronics,,01/01/2024 03:27,0
T4688,C197,6.85,34.0,0,93.83,0,web,East,electronics,Target,Jan 01 2024 03:12,0
T4689,C400,1.93,53.0,0,75.49,0,mobile,East,electronics,Target,2024/01/01 04:51,0
T4690,C220,175.36,,0,152.8,0,mobile,South,travel,BestBuy,Jan 01 2024 13:02,0
T4691,C177,74.39,43.0,0,73.86,1,mobile,North,travel,Target,Jan 01 2024 20:21,0
T4692,C327,149.27,65.0,1,97.88,0,pos,West,shopping,Walmart,Jan 01 2024 11:51,0
T4693,C454,26.71,38.0,0,125.34,0,pos,South,grocery,Amazon,2024/01/01 09:31,0
T4694,C474,42.32,30.0,0,127.26,0,web,East,electronics,BestBuy,Jan 01 2024 02:38,0
T4695,C224,3.06,26.0,0,144.35,0,mobile,South,shopping,Starbucks,01/01/2024 20:43,0
T4696,C237,325.69,28.0,0,110.56,0,web,West,shopping,Amazon,2024/01/01 07:11,0
T4697,C466,110.22,28.0,0,79.09,0,web,South,,,2024-01-01 05:42:19,0
T4698,C453,270.61,23.0,0,82.52,0,pos,West,travel,Starbucks,2024/01/01 19:29,0
T4699,C179,30.86,18.0,0,101.28,0,pos,East,grocery,Starbucks,2024/01/02 03:44,0
T4700,C330,94.54,23.0,0,112.48,0,web,North,shopping,,2024/01/01 14:02,0
T4701,C386,113.48,30.0,0,92.64,0,pos,North,,Amazon,Jan 01 2024 01:35,0
T4702,C360,38.21,39.0,0,100.96,0,pos,East,travel,,2024-01-01 04:59:16,0
T4703,C459,188.46,48.0,0,24.14,0,pos,East,shopping,Amazon,Jan 01 2024 05:06,0
T4704,C234,294.05,39.0,0,133.37,0,web,South,grocery,Walmart,2024-01-02 01:16:51,0
T4705,C411,216.16,54.0,0,109.06,0,web,East,electronics,Target,Jan 01 2024 04:51,0
T4706,C458,134.35,64.0,1,150.09,0,web,East,electronics,BestBuy,2024/01/01 02:16,0
T4707,C224,32.5,44.0,0,100.01,1,mobile,West,grocery,BestBuy,Jan 01 2024 05:54,0
T4708,C432,33.08,67.0,0,13.08,0,web,South,grocery,Target,2024/01/02 00:46,0
T4709,C391,330.66,69.0,1,82.08,0,pos,West,travel,Walmart,01/01/2024 07:52,0
T4710,C297,1.03,31.0,0,90.0,0,web,South,shopping,Starbucks,2024-01-01 10:18:08,0
T4711,C343,125.9,64.0,0,137.15,0,mobile,South,grocery,Target,01/01/2024 08:02,0
T4712,C402,122.5,22.0,0,-3.51,1,pos,North,shopping,Starbucks,2024/01/01 06:04,0
T4713,C305,97.47,53.0,0,102.06,0,web,North,electronics,Target,2024/01/01 08:26,0
T4714,C399,461.61,49.0,1,125.68,0,web,East,shopping,Amazon,2024-01-01 07:54:20,0
T4715,C421,37.38,51.0,1,66.93,0,pos,South,food,Walmart,01/01/2024 12:03,0
T4716,C470,41.55,24.0,1,103.73,0,web,East,travel,Walmart,2024-01-01 11:29:21,0
T4717,C134,8.22,,1,68.65,0,mobile,West,travel,Target,Jan 01 2024 13:13,0
T4718,C358,58.48,,0,63.52,0,pos,East,shopping,Walmart,Jan 01 2024 05:27,0
T4719,C110,30.25,27.0,0,79.58,0,web,West,travel,Starbucks,Jan 01 2024 03:07,0
T4720,C452,42.07,,0,64.47,0,pos,North,shopping,Walmart,01/01/2024 01:04,0
T4721,C477,179.92,34.0,0,134.18,0,web,North,shopping,Walmart,Jan 01 2024 11:52,0
T4722,C243,274.08,47.0,1,63.25,0,web,West,electronics,Walmart,Jan 01 2024 10:34,0
T4723,C243,20.55,38.0,0,54.85,1,pos,West,shopping,BestBuy,Jan 01 2024 05:13,0
T4724,C103,46.6,30.0,0,188.4,0,web,West,,Target,02/01/2024 02:21,0
T4725,C400,263.99,18.0,1,148.04,1,web,East,food,,Jan 01 2024 04:32,0
T4726,C173,6.38,18.0,0,6.92,0,pos,West,grocery,Amazon,2024/01/01 08:33,0
T4727,C243,9.69,64.0,0,61.76,0,web,South,travel,BestBuy,2024/01/01 22:23,0
T4728,C328,17.77,50.0,0,112.12,0,web,West,,BestBuy,2024/01/01 23:21,0
T4729,C197,90.44,,0,116.19,0,pos,North,travel,,2024/01/01 07:36,0
T4730,C394,16.31,42.0,0,25.48,0,mobile,West,food,Starbucks,01/01/2024 00:21,0
T4731,C284,344.44,43.0,0,157.93,0,mobile,North,travel,Amazon,01/01/2024 08:05,0
T4732,C166,59.19,30.0,0,141.26,0,mobile,North,grocery,,2024/01/02 02:09,0
T4733,C455,69.62,45.0,0,124.1,0,mobile,East,electronics,Target,01/01/2024 05:25,0
T4734,C473,28.32,50.0,0,167.84,0,mobile,West,electronics,Amazon,2024-01-01 23:36:52,0
T4735,C121,63.67,54.0,0,122.61,1,mobile,North,grocery,,2024/01/01 11:26,0
T4736,C100,108.45,58.0,0,122.43,0,pos,South,travel,Walmart,2024-01-02 01:39:11,0
T4737,C405,139.1,47.0,0,177.88,0,pos,West,food,BestBuy,2024/01/01 05:16,0
T4738,C361,140.19,66.0,0,155.06,0,pos,West,shopping,Amazon,Jan 01 2024 10:02,0
T4739,C438,86.25,65.0,0,57.92,0,web,North,travel,Amazon,2024-01-01 05:44:07,0
T4740,C277,234.72,,0,131.66,0,mobile,East,grocery,Starbucks,Jan 01 2024 22:03,0
T4741,C415,170.05,66.0,0,66.79,0,mobile,East,electronics,,01/01/2024 17:40,0
T4742,C285,141.49,64.0,0,125.21,0,pos,West,electronics,Target,Jan 01 2024 10:07,0
T4743,C370,5.72,18.0,0,123.83,0,web,West,travel,Starbucks,Jan 01 2024 12:51,0
T4744,C395,0.69,29.0,0,30.83,0,web,East,food,Amazon,Jan 01 2024 19:46,0
T4745,C410,1194.0,22.0,1,93.91,0,pos,East,grocery,Target,2024/01/01 23:05,0
T4746,C181,108.92,,0,113.26,0,mobile,South,grocery,BestBuy,2024/01/01 11:55,0
T4747,C168,52.97,23.0,0,78.19,0,web,West,,Amazon,Jan 02 2024 00:00,0
T4748,C125,51.48,42.0,0,115.74,0,mobile,West,food,BestBuy,Jan 01 2024 02:24,0
T4749,C444,215.92,18.0,0,140.29,0,web,West,travel,Amazon,Jan 01 2024 22:25,0
T4750,C354,225.92,42.0,0,98.47,0,mobile,East,travel,Starbucks,01/01/2024 05:25,0
T4751,C419,239.88,18.0,1,111.23,0,web,North,electronics,Starbucks,2024-01-01 18:50:30,0
T4752,C428,37.67,49.0,0,169.17,1,mobile,South,electronics,Target,2024-01-01 04:10:19,0
T4753,C261,117.46,59.0,0,123.66,0,mobile,East,food,Walmart,01/01/2024 01:05,0
T4754,C393,31.7,59.0,0,110.04,1,mobile,East,shopping,Target,2024/01/02 02:27,0
T4755,C258,21.15,20.0,0,52.1,1,pos,South,shopping,Amazon,2024-01-02 00:41:48,0
T4756,C257,20.41,66.0,0,133.55,0,mobile,West,shopping,BestBuy,2024-01-01 22:43:38,0
T4757,C385,2093.5,36.0,0,116.51,0,mobile,North,grocery,BestBuy,01/01/2024 08:53,0
T4758,C372,56.2,60.0,0,164.19,0,web,South,travel,Amazon,01/01/2024 06:50,0
T4759,C249,177.76,,1,102.34,0,web,North,food,Walmart,2024/01/01 22:44,0
T4760,C449,12.77,67.0,0,9.19,1,pos,West,electronics,,2024/01/02 03:03,0
T4761,C290,132.77,19.0,0,14.99,0,web,North,,Walmart,2024/01/01 09:58,0
T4762,C211,75.81,26.0,0,136.78,1,mobile,West,electronics,Amazon,Jan 01 2024 17:23,0
T4763,C164,33.96,34.0,1,71.49,0,pos,East,travel,Starbucks,2024/01/01 16:40,0
T4764,C363,67.89,63.0,0,121.84,0,pos,West,food,Starbucks,01/01/2024 22:03,0
T4765,C112,35.66,53.0,0,105.71,0,pos,South,shopping,Amazon,2024-01-01 07:05:25,0
T4766,C369,90.65,34.0,0,91.66,0,mobile,South,,Starbucks,2024/01/01 03:16,0
T4767,C151,56.89,66.0,0,95.18,0,mobile,West,food,Walmart,01/01/2024 07:34,0
T4768,C438,17.96,29.0,0,56.73,0,web,West,electronics,Starbucks,Jan 01 2024 10:09,0
T4769,C456,12.4,37.0,1,99.21,1,web,East,travel,Amazon,02/01/2024 00:12,0
T4770,C114,79.12,67.0,0,70.78,0,web,East,travel,Starbucks,01/01/2024 04:02,0
T4771,C336,232.7,20.0,0,81.39,1,pos,West,,Starbucks,02/01/2024 03:03,0
T4772,C207,42.15,60.0,0,83.82,1,mobile,North,electronics,Starbucks,Jan 02 2024 01:57,0
T4773,C197,132.05,67.0,0,88.67,0,web,East,electronics,Starbucks,Jan 01 2024 13:36,0
T4774,C235,107.49,21.0,0,146.11,0,mobile,South,shopping,Amazon,2024-01-01 08:34:49,0
T4775,C486,268.17,34.0,0,93.51,0,pos,East,electronics,,01/01/2024 12:59,0
T4776,C336,172.03,67.0,0,151.19,0,mobile,East,grocery,Starbucks,01/01/2024 12:16,0
T4777,C125,83.61,54.0,0,176.89,0,mobile,East,food,Target,2024/01/01 05:28,0
T4778,C398,107.01,63.0,0,142.75,0,pos,East,electronics,Amazon,01/01/2024 12:39,0
T4779,C406,228.66,59.0,1,126.72,1,web,West,,BestBuy,Jan 01 2024 05:40,1
T4780,C376,51.0,32.0,1,116.34,0,mobile,East,electronics,Target,2024-01-01 23:22:21,0
T4781,C154,39.57,50.0,0,143.27,0,mobile,North,shopping,Amazon,2024-01-01 04:30:44,0
T4782,C279,1.09,33.0,0,104.47,0,pos,East,food,BestBuy,Jan 01 2024 08:07,0
T4783,C183,175.19,28.0,0,149.23,0,mobile,East,food,Starbucks,Jan 01 2024 10:17,0
T4784,C185,161.44,37.0,1,130.71,0,mobile,South,travel,Amazon,2024-01-01 11:38:37,0
T4785,C426,11.03,55.0,1,82.01,0,mobile,East,food,Walmart,02/01/2024 00:38,0
T4786,C397,86.0,41.0,0,144.79,0,pos,South,grocery,BestBuy,2024-01-01 15:00:56,0
T4787,C205,62.36,,0,104.57,0,mobile,South,food,Walmart,01/01/2024 05:51,0
T4788,C392,12.64,47.0,0,94.69,1,pos,West,travel,Starbucks,02/01/2024 00:05,0
T4789,C334,394.08,51.0,0,76.19,0,web,South,food,Starbucks,01/01/2024 07:29,0
T4790,C163,24.17,18.0,0,108.3,0,mobile,South,electronics,Target,Jan 02 2024 01:25,0
T4791,C117,6.96,41.0,0,149.82,0,pos,North,shopping,Starbucks,2024-01-01 02:00:37,0
T4792,C281,90.35,41.0,0,144.45,0,pos,North,electronics,Target,Jan 01 2024 00:49,0
T4793,C145,134.27,26.0,0,117.67,1,mobile,South,grocery,BestBuy,2024/01/01 15:13,0
T4794,C383,3.3,39.0,0,129.98,0,pos,West,grocery,Walmart,01/01/2024 05:27,0
T4795,C112,107.5,29.0,0,163.58,0,web,North,shopping,BestBuy,Jan 01 2024 07:13,0
T4796,C414,75.99,34.0,0,92.5,1,web,North,shopping,Walmart,2024/01/01 10:20,0
T4797,C128,10.9,42.0,0,44.23,0,web,West,,Amazon,2024/01/02 01:01,0
T4798,C338,18.94,45.0,1,165.06,0,web,East,shopping,BestBuy,01/01/2024 01:59,0
T4799,C467,83.93,32.0,0,73.51,0,pos,North,food,Amazon,01/01/2024 14:03,0
T4800,C171,35.15,47.0,1,65.48,0,pos,South,electronics,Walmart,2024-01-01 11:52:14,0
T4801,C465,278.57,68.0,1,10.19,0,web,South,grocery,,2024/01/02 03:25,0
T4802,C242,170.78,44.0,0,128.56,0,web,South,food,BestBuy,02/01/2024 00:33,0
T4803,C150,410.85,39.0,0,18.93,0,web,West,shopping,BestBuy,2024/01/01 18:28,0
T4804,C295,30.07,27.0,0,62.49,0,web,South,travel,Target,01/01/2024 06:20,0
T4805,C400,349.74,48.0,1,129.41,1,web,East,travel,Target,Jan 01 2024 23:04,0
T4806,C234,56.43,44.0,0,136.1,0,pos,West,electronics,Starbucks,2024/01/01 11:43,0
T4807,C202,42.7,29.0,0,67.41,0,web,North,grocery,Starbucks,01/01/2024 10:21,0
T4808,C162,5.17,,0,93.29,1,web,West,grocery,,01/01/2024 22:59,0
T4809,C437,5.42,48.0,0,56.37,0,mobile,South,electronics,BestBuy,2024-01-01 08:21:29,0
T4810,C340,117.77,49.0,0,72.58,0,pos,West,shopping,Target,2024/01/01 18:05,0
T4811,C394,61.24,49.0,1,113.31,0,web,West,shopping,Target,02/01/2024 02:56,0
T4812,C407,25.69,58.0,0,74.92,1,pos,West,grocery,Amazon,2024-01-01 12:30:53,0
T4813,C200,95.18,62.0,0,87.79,1,mobile,West,grocery,Starbucks,2024-01-01 13:36:24,0
T4814,C385,29.15,52.0,0,26.76,0,mobile,East,grocery,,2024-01-01 21:57:08,0
T4815,C213,86.19,63.0,0,156.65,1,web,West,shopping,Target,2024-01-01 02:07:12,0
T4816,C259,44.51,38.0,1,125.5,0,web,South,travel,BestBuy,2024/01/01 04:16,0
T4817,C259,173.47,,0,139.65,1,web,North,electronics,BestBuy,01/01/2024 23:56,0
T4818,C170,171.87,33.0,0,164.52,0,web,East,electronics,Amazon,Jan 01 2024 11:04,0
T4819,C132,64.88,24.0,0,58.74,0,mobile,West,food,Starbucks,Jan 01 2024 07:22,0
T4820,C418,43.2,21.0,0,82.08,0,pos,North,food,Walmart,2024/01/01 06:42,0
T4821,C349,45.03,44.0,0,5.26,0,web,East,travel,BestBuy,2024/01/01 00:41,0
T4822,C132,163.84,69.0,0,257.02,0,pos,South,,Walmart,01/01/2024 08:09,0
T4823,C426,39.78,,0,92.52,0,web,South,travel,Starbucks,01/01/2024 17:31,0
T4824,C412,23.45,,0,151.94,0,web,North,food,Amazon,Jan 01 2024 08:08,0
T4825,C352,8.85,,0,38.09,0,mobile,West,food,Starbucks,2024-01-01 12:44:10,0
T4826,C164,62.87,65.0,0,149.82,0,web,North,,Target,01/01/2024 14:59,0
T4827,C267,65.8,37.0,0,192.88,0,web,East,travel,Starbucks,01/01/2024 10:50,0
T4828,C117,183.83,53.0,0,96.99,0,web,North,shopping,Amazon,2024/01/01 13:12,0
T4829,C147,25.01,34.0,0,49.46,1,mobile,North,food,Amazon,01/01/2024 05:45,0
T4830,C468,47.96,62.0,0,93.06,0,pos,West,electronics,,2024/01/01 05:58,0
T4831,C349,165.24,28.0,1,-11.34,0,mobile,South,grocery,Amazon,2024-01-01 07:02:28,0
T4832,C105,173.51,47.0,0,98.11,1,web,West,travel,Target,Jan 02 2024 00:11,0
T4833,C418,48.55,52.0,0,141.05,0,web,South,food,Walmart,01/01/2024 21:30,0
T4834,C458,61.46,58.0,0,98.21,0,web,West,shopping,Starbucks,Jan 01 2024 03:22,0
T4835,C457,36.14,55.0,0,85.79,0,pos,South,food,Amazon,2024/01/01 03:26,0
T4836,C276,269.64,39.0,1,126.38,0,pos,West,shopping,Walmart,Jan 01 2024 21:16,0
T4837,C135,12.63,,0,130.2,0,web,South,travel,Target,2024-01-01 17:51:18,0
T4838,C367,271.43,65.0,0,17.0,0,web,South,shopping,Starbucks,2024-01-01 21:13:28,0
T4839,C366,115.16,68.0,0,104.44,0,pos,South,shopping,Amazon,Jan 01 2024 18:41,0
T4840,C215,75.84,44.0,0,221.8,0,mobile,South,electronics,Walmart,Jan 02 2024 01:35,0
T4841,C470,3.32,54.0,0,33.25,0,mobile,West,travel,Target,01/01/2024 06:59,0
T4842,C482,64.55,63.0,0,95.73,0,pos,East,food,BestBuy,01/01/2024 18:16,0
T4843,C196,52.38,66.0,0,197.09,0,pos,South,grocery,Amazon,2024/01/01 18:37,0
T4844,C392,878.9999999999999,,0,155.21,0,web,South,travel,Target,2024-01-01 02:51:37,0
T4845,C141,106.83,21.0,0,74.33,1,pos,South,travel,Walmart,2024/01/01 21:53,0
T4846,C451,354.57,33.0,0,110.31,0,pos,South,grocery,,2024/01/01 00:59,0
T4847,C250,82.6,33.0,0,99.89,1,web,South,food,,Jan 01 2024 15:14,0
T4848,C283,125.44,38.0,0,62.6,0,pos,North,electronics,Starbucks,01/01/2024 12:31,0
T4849,C381,7.09,43.0,0,96.29,0,web,North,food,Target,2024/01/01 22:16,0
T4850,C323,54.07,53.0,0,86.0,0,mobile,South,,Target,01/01/2024 00:21,0
T4851,C308,12.37,36.0,0,105.64,0,mobile,South,food,Walmart,Jan 01 2024 23:06,0
T4852,C298,94.88,34.0,1,62.58,1,mobile,South,travel,Walmart,2024-01-01 19:24:31,0
T4853,C378,278.84,62.0,0,36.17,0,web,East,electronics,Starbucks,Jan 01 2024 03:14,0
T4854,C286,108.41,43.0,0,97.94,0,mobile,West,shopping,Amazon,2024/01/02 01:21,0
T4855,C411,7.99,39.0,0,185.76,0,mobile,South,food,Walmart,01/01/2024 16:24,0
T4856,C148,43.8,45.0,0,104.11,0,web,East,shopping,Amazon,2024/01/02 02:14,0
T4857,C393,80.0,18.0,0,83.42,0,web,East,electronics,Amazon,Jan 01 2024 21:09,0
T4858,C255,51.62,61.0,0,137.7,1,mobile,South,,Amazon,Jan 01 2024 00:37,0
T4859,C253,179.36,53.0,0,92.08,0,mobile,West,food,,2024/01/01 09:32,0
T4860,C168,168.56,60.0,0,193.4,1,mobile,North,grocery,Target,2024-01-01 17:44:12,0
T4861,C139,94.63,54.0,0,99.8,0,pos,South,travel,Amazon,2024-01-01 07:03:28,0
T4862,C490,46.75,19.0,0,135.02,0,web,South,travel,,2024-01-01 11:45:29,0
T4863,C480,29.48,34.0,0,62.27,0,web,North,shopping,,2024-01-01 03:21:34,0
T4864,C250,11.19,57.0,0,125.15,0,web,West,travel,Starbucks,2024/01/01 20:38,0
T4865,C317,43.83,55.0,0,113.75,0,web,North,travel,BestBuy,2024-01-01 21:39:43,0
T4866,C456,53.3,38.0,0,97.17,0,mobile,South,grocery,,Jan 01 2024 03:55,0
T4867,C167,112.65,26.0,0,74.91,0,web,South,shopping,Amazon,2024-01-01 07:59:27,0
T4868,C206,107.34,30.0,0,68.1,0,pos,East,,Target,2024/01/01 22:18,0
T4869,C279,363.5,28.0,0,114.12,0,pos,North,grocery,Amazon,Jan 01 2024 12:29,0
T4870,C236,50.3,,1,131.45,0,mobile,East,electronics,Amazon,2024/01/01 00:53,0
T4871,C365,20.06,33.0,0,93.64,0,mobile,East,shopping,Amazon,Jan 01 2024 22:55,0
T4872,C210,17.06,19.0,0,114.36,0,web,East,grocery,Amazon,2024/01/01 12:53,0
T4873,C245,175.62,59.0,0,98.1,0,mobile,East,food,Starbucks,01/01/2024 11:23,0
T4874,C265,4.28,,0,104.93,0,mobile,North,travel,,Jan 01 2024 13:14,0
T4875,C173,54.33,25.0,0,89.98,0,mobile,North,,,Jan 01 2024 12:47,0
T4876,C174,18.42,60.0,0,100.9,0,pos,North,electronics,Target,01/01/2024 16:54,0
T4877,C275,211.47,59.0,0,234.9,0,web,South,grocery,Starbucks,Jan 01 2024 22:06,0
T4878,C303,81.43,30.0,0,115.58,0,mobile,West,food,Starbucks,01/01/2024 23:16,0
T4879,C162,26.32,34.0,0,132.26,0,web,East,travel,Walmart,2024/01/01 08:30,0
T4880,C225,69.8,56.0,0,121.9,0,web,South,travel,Target,2024-01-01 17:49:16,0
T4881,C208,131.49,41.0,1,86.86,0,web,North,food,Starbucks,2024-01-01 22:44:52,0
T4882,C310,317.29,,0,164.7,0,pos,North,,Target,Jan 01 2024 06:35,0
T4883,C358,24.9,47.0,0,85.44,0,web,South,,Walmart,Jan 01 2024 16:02,0
T4884,C366,217.32,69.0,0,152.75,0,web,East,travel,Amazon,01/01/2024 06:12,0
T4885,C102,272.27,,0,83.29,0,mobile,North,travel,Starbucks,01/01/2024 15:15,0
T4886,C326,248.2,36.0,0,52.0,0,mobile,East,grocery,Target,2024/01/01 01:54,0
T4887,C401,100.9,24.0,0,118.27,0,pos,East,grocery,Amazon,2024-01-01 18:48:18,0
T4888,C131,99.38,26.0,1,44.77,0,web,West,travel,Walmart,Jan 01 2024 13:30,0
T4889,C336,51.62,,0,126.78,0,pos,North,electronics,BestBuy,2024/01/01 14:06,0
T4890,C182,139.59,62.0,0,40.29,0,web,South,travel,Starbucks,01/01/2024 20:01,0
T4891,C142,75.78,57.0,0,84.05,0,pos,West,shopping,Starbucks,02/01/2024 02:25,0
T4892,C286,113.15,39.0,0,28.41,0,web,East,electronics,Target,02/01/2024 00:59,0
T4893,C462,55.94,,0,241.21,0,mobile,South,shopping,Walmart,01/01/2024 14:27,0
T4894,C280,131.49,40.0,0,17.3,1,pos,West,,Walmart,2024-01-01 10:46:51,0
T4895,C161,174.0,19.0,0,100.49,0,mobile,West,food,Starbucks,2024-01-01 19:01:58,0
T4896,C173,15.83,67.0,0,157.17,1,web,West,grocery,Starbucks,01/01/2024 07:04,0
T4897,C305,178.93,67.0,0,151.82,0,pos,East,,Target,02/01/2024 00:56,0
T4898,C165,77.72,28.0,0,142.57,0,mobile,East,,Target,Jan 01 2024 00:58,0
T4899,C306,186.22,48.0,0,84.14,0,mobile,North,,BestBuy,2024-01-01 11:16:35,0
T4900,C105,56.44,50.0,0,167.55,0,mobile,West,shopping,Amazon,01/01/2024 22:45,0
T4901,C333,47.65,31.0,0,145.67,0,web,South,electronics,Target,2024-01-01 18:22:51,0
T4902,C396,246.58,33.0,0,110.61,0,pos,East,grocery,Amazon,01/01/2024 14:12,0
T4903,C133,28.92,28.0,0,112.03,0,mobile,West,food,Starbucks,2024/01/01 12:54,0
T4904,C107,185.93,50.0,2,84.8,0,web,South,grocery,BestBuy,Jan 01 2024 11:58,0
T4905,C405,66.17,24.0,1,54.52,0,web,East,travel,BestBuy,2024-01-02 03:28:10,0
T4906,C303,72.17,48.0,1,161.86,0,web,South,electronics,BestBuy,Jan 01 2024 15:44,0
T4907,C459,36.88,65.0,0,165.61,0,pos,South,shopping,Walmart,01/01/2024 17:24,0
T4908,C229,85.11,,0,55.79,0,web,North,grocery,Starbucks,2024-01-01 19:12:38,0
T4909,C131,39.34,64.0,0,92.31,0,web,East,travel,Walmart,Jan 01 2024 06:36,0
T4910,C369,4.01,,0,92.83,0,pos,East,travel,,Jan 01 2024 08:30,0
T4911,C330,31.75,45.0,0,98.37,0,pos,East,electronics,BestBuy,Jan 01 2024 23:43,0
T4912,C403,0.64,60.0,0,103.21,0,web,East,food,Walmart,01/01/2024 23:47,0
T4913,C350,383.3,33.0,0,147.34,0,web,North,,Starbucks,2024-01-01 21:35:37,0
T4914,C400,337.4,36.0,0,62.64,0,mobile,North,grocery,Starbucks,2024/01/01 00:57,0
T4915,C360,50.28,34.0,0,57.68,0,pos,West,grocery,Walmart,02/01/2024 01:23,0
T4916,C475,130.33,43.0,1,161.83,0,pos,East,food,,01/01/2024 01:55,0
T4917,C230,42.44,23.0,0,76.87,0,mobile,South,shopping,Amazon,01/01/2024 08:31,0
T4918,C196,111.2,,0,36.85,0,web,North,shopping,Walmart,2024-01-01 20:35:18,0
T4919,C484,163.7,66.0,0,75.74,1,web,South,travel,BestBuy,01/01/2024 11:55,0
T4920,C470,293.29,26.0,0,83.5,0,web,South,electronics,BestBuy,Jan 01 2024 01:42,0
T4921,C236,51.12,67.0,1,177.75,0,web,South,shopping,Starbucks,Jan 01 2024 09:50,0
T4922,C470,152.92,34.0,0,146.24,0,mobile,West,grocery,Starbucks,2024-01-01 10:45:35,0
T4923,C177,30.91,48.0,0,157.38,0,pos,West,shopping,BestBuy,2024/01/01 07:34,0
T4924,C287,463.9,29.0,0,141.0,0,pos,East,electronics,Amazon,2024/01/01 11:17,0
T4925,C141,2.61,40.0,0,147.31,0,web,North,grocery,BestBuy,2024-01-01 12:50:07,0
T4926,C363,92.52,22.0,0,65.6,0,mobile,East,,Walmart,01/01/2024 05:41,0
T4927,C346,107.74,60.0,0,90.07,0,web,West,food,BestBuy,Jan 01 2024 15:44,0
T4928,C463,5824.5,53.0,0,50.5,0,web,West,electronics,Target,01/01/2024 04:00,0
T4929,C350,12.83,53.0,0,89.48,0,mobile,South,electronics,Amazon,2024-01-01 19:11:14,0
T4930,C104,278.92,20.0,0,134.21,0,mobile,East,electronics,Amazon,2024-01-01 04:13:11,0
T4931,C180,19.99,41.0,1,106.73,0,pos,South,grocery,BestBuy,2024/01/01 00:45,0
T4932,C341,97.49,34.0,1,165.57,0,pos,West,electronics,Target,Jan 01 2024 05:00,0
T4933,C445,25.19,56.0,0,42.93,0,web,East,electronics,Walmart,2024-01-01 20:44:19,0
T4934,C198,36.7,43.0,0,125.01,0,web,East,travel,BestBuy,2024/01/02 01:03,0
T4935,C433,79.07,,0,37.58,0,pos,North,grocery,Walmart,Jan 01 2024 13:08,0
T4936,C147,53.99,62.0,0,104.71,0,mobile,West,electronics,Target,2024/01/02 02:49,0
T4937,C100,17.46,29.0,0,137.02,0,web,West,shopping,BestBuy,2024/01/01 21:54,0
T4938,C459,18.75,18.0,0,89.27,0,web,North,,BestBuy,2024-01-01 19:00:01,0
T4939,C429,54.15,38.0,0,127.56,0,mobile,West,shopping,Walmart,Jan 02 2024 01:06,0
T4940,C334,141.59,36.0,0,52.01,1,web,South,food,BestBuy,2024-01-01 17:39:14,0
T4941,C136,228.24,38.0,1,16.82,0,mobile,South,food,Target,Jan 01 2024 21:29,0
T4942,C293,8.79,69.0,0,127.85,0,pos,South,grocery,BestBuy,2024-01-01 11:03:14,0
T4943,C355,49.94,35.0,0,187.2,0,pos,East,grocery,Starbucks,2024/01/01 21:21,0
T4944,C398,10.56,60.0,0,50.2,0,pos,South,food,Target,Jan 01 2024 15:55,0
T4945,C364,1.67,69.0,0,161.11,0,pos,West,grocery,Amazon,2024-01-01 17:29:49,0
T4946,C235,108.39,20.0,0,102.17,0,pos,North,shopping,Walmart,Jan 02 2024 02:14,0
T4947,C160,92.24,66.0,0,33.22,0,web,South,,,2024-01-01 09:25:14,0
T4948,C194,17.8,61.0,0,43.42,0,pos,South,travel,Amazon,2024/01/01 05:51,0
T4949,C403,26.63,49.0,0,100.79,1,web,East,grocery,Amazon,01/01/2024 07:28,0
T4950,C499,2.4,27.0,1,79.78,0,web,West,grocery,Target,Jan 01 2024 12:30,0
T4951,C337,180.15,57.0,0,34.35,0,mobile,North,travel,Amazon,Jan 01 2024 12:39,0
T4952,C361,367.66,,0,15.3,0,web,West,electronics,Amazon,2024/01/01 03:12,0
T4953,C441,14.56,22.0,1,57.66,0,web,South,shopping,Starbucks,2024/01/01 00:14,0
T4954,C138,26.33,21.0,0,109.69,0,pos,West,electronics,BestBuy,2024/01/01 16:39,0
T4955,C410,202.81,45.0,0,99.68,0,pos,North,travel,Starbucks,Jan 01 2024 20:26,0
T4956,C487,261.0,69.0,0,74.94,0,mobile,South,grocery,BestBuy,Jan 01 2024 16:32,0
T4957,C497,54.41,68.0,0,110.09,0,mobile,West,electronics,Amazon,02/01/2024 03:24,0
T4958,C175,5.19,21.0,1,152.0,0,web,North,grocery,BestBuy,Jan 01 2024 23:10,0
T4959,C483,4.02,,0,119.71,0,mobile,South,travel,Starbucks,2024-01-01 13:26:15,0
T4960,C202,85.32,34.0,0,93.93,0,pos,South,food,Walmart,Jan 02 2024 00:21,0
T4961,C175,49.91,,0,146.4,0,pos,West,grocery,Walmart,2024-01-01 13:44:02,0
T4962,C499,2.91,20.0,0,52.01,0,pos,East,electronics,BestBuy,Jan 01 2024 22:11,0
T4963,C109,87.53,27.0,1,88.75,0,web,East,electronics,Walmart,2024-01-01 05:55:39,0
T4964,C179,1.14,64.0,1,89.95,0,web,North,travel,Target,Jan 01 2024 14:14,0
T4965,C224,154.82,59.0,0,38.15,0,mobile,West,electronics,Walmart,01/01/2024 15:34,0
T4966,C198,36.59,40.0,0,79.01,0,pos,North,shopping,BestBuy,Jan 02 2024 00:19,0
T4967,C322,4.11,35.0,0,-3.75,0,web,West,grocery,,Jan 02 2024 02:06,0
T4968,C291,88.76,18.0,0,195.61,1,web,North,,Starbucks,2024-01-02 00:29:44,0
T4969,C120,50.7,52.0,0,53.13,0,mobile,North,travel,Walmart,01/01/2024 01:45,0
T4970,C499,364.2,48.0,0,179.31,0,pos,West,shopping,BestBuy,2024-01-01 21:27:55,0
T4971,C200,78.57,61.0,0,101.9,0,pos,East,shopping,Starbucks,Jan 01 2024 23:11,0
T4972,C380,32.19,18.0,0,128.24,0,mobile,North,grocery,Target,2024/01/01 12:02,0
T4973,C290,123.59,20.0,1,75.56,0,mobile,West,grocery,Amazon,2024-01-01 09:14:07,0
T4974,C381,31.68,20.0,0,110.4,0,mobile,West,food,Starbucks,01/01/2024 10:27,0
T4975,C314,234.59,54.0,0,132.52,1,mobile,West,shopping,Starbucks,2024-01-01 19:38:48,0
T4976,C130,46.96,36.0,0,133.23,0,pos,South,grocery,,2024-01-02 00:51:18,0
T4977,C117,79.82,46.0,0,138.74,0,pos,West,,Target,01/01/2024 20:10,0
T4978,C118,5.19,42.0,0,81.58,0,mobile,West,shopping,Walmart,2024-01-01 09:24:27,0
T4979,C131,55.53,,0,75.98,0,web,South,travel,Target,Jan 01 2024 12:25,0
T4980,C320,178.6,53.0,0,20.29,0,web,South,travel,,Jan 01 2024 03:58,0
T4981,C247,163.81,46.0,0,126.16,1,pos,East,shopping,Walmart,2024/01/01 12:53,0
T4982,C500,25.4,43.0,0,154.12,1,pos,West,travel,Target,Jan 02 2024 01:09,0
T4983,C391,25.63,21.0,0,180.8,1,mobile,North,grocery,Amazon,2024/01/01 12:18,0
T4984,C482,169.99,66.0,1,115.26,0,web,South,shopping,Starbucks,2024-01-01 23:00:36,0
T4985,C330,266.5,31.0,0,61.68,0,pos,South,travel,Starbucks,2024/01/01 10:25,0
T4986,C500,10.02,67.0,0,15.15,0,web,East,,Starbucks,01/01/2024 02:53,0
T4987,C460,59.79,44.0,0,152.08,0,mobile,East,shopping,Starbucks,2024-01-01 16:30:15,0
T4988,C242,41.17,50.0,0,10.19,0,pos,East,shopping,Walmart,01/01/2024 20:51,0
T4989,C225,204.55,39.0,0,82.97,0,pos,West,,,Jan 01 2024 14:00,0
T4990,C332,8.72,65.0,1,88.78,0,web,West,grocery,Walmart,Jan 01 2024 05:10,0
T4991,C462,23.71,20.0,0,96.53,0,web,West,shopping,Walmart,2024/01/01 15:43,0
T4992,C199,139.62,40.0,0,101.79,0,pos,South,shopping,Target,Jan 01 2024 10:29,0
T4993,C456,5.27,38.0,0,106.91,1,web,East,,Starbucks,01/01/2024 03:03,0
T4994,C126,67.83,58.0,0,-20.77,0,web,South,shopping,BestBuy,01/01/2024 12:34,0
T4995,C178,58.36,40.0,0,100.73,0,mobile,North,food,Starbucks,Jan 01 2024 20:40,0
T4996,C247,40.71,21.0,0,-11.48,0,web,West,food,BestBuy,Jan 01 2024 04:35,0
T4997,C431,50.18,38.0,0,136.61,0,pos,South,grocery,Starbucks,2024-01-01 23:39:43,0
T4998,C419,75.49,54.0,0,72.24,0,mobile,North,electronics,Walmart,01/01/2024 01:17,0
T4999,C426,17.6,60.0,0,-7.85,1,pos,South,food,Starbucks,Jan 01 2024 22:30,0
T5000,C261,84.86,48.0,0,59.29,1,mobile,North,grocery,Starbucks,2024/01/01 06:26,0
T5001,C312,163.7,38.0,1,71.5,1,mobile,South,travel,Starbucks,Jan 01 2024 07:59,1
T5002,C275,142.78,43.0,0,159.53,0,web,South,food,Starbucks,Jan 01 2024 11:13,0
T5003,C478,16.71,58.0,0,109.83,0,web,West,electronics,Target,2024/01/01 20:51,0
T5004,C236,16.16,52.0,1,117.22,0,pos,South,travel,,Jan 01 2024 15:53,0
T5005,C170,31.22,55.0,0,159.06,0,web,South,food,Walmart,01/01/2024 13:12,0
T5006,C379,44.8,41.0,0,95.19,0,mobile,East,food,Walmart,Jan 02 2024 03:35,0
T5007,C240,52.5,28.0,0,137.71,0,web,South,electronics,BestBuy,Jan 01 2024 08:01,0
T5008,C173,113.85,58.0,0,134.19,0,pos,West,shopping,Walmart,Jan 01 2024 15:09,0
T5009,C280,5.84,46.0,2,35.68,0,mobile,South,electronics,Target,2024-01-01 05:36:27,0
T5010,C387,3.53,64.0,0,173.65,0,pos,West,grocery,Walmart,2024/01/01 14:41,0
T5011,C323,49.74,,0,28.98,0,web,East,grocery,BestBuy,01/01/2024 14:53,0
T5012,C447,119.46,18.0,0,145.87,1,mobile,West,electronics,BestBuy,02/01/2024 01:11,0
T5013,C316,21.5,69.0,1,24.15,0,pos,East,electronics,Target,01/01/2024 00:36,0
T5014,C383,102.58,36.0,0,130.06,1,web,East,electronics,Walmart,Jan 01 2024 19:42,0
T5015,C172,30.09,63.0,0,193.1,0,web,East,electronics,BestBuy,2024-01-01 18:07:00,0
T5016,C160,217.23,66.0,0,89.35,0,pos,East,electronics,Walmart,Jan 01 2024 09:15,0
T5017,C127,226.04,39.0,0,87.18,0,mobile,East,food,Walmart,2024-01-01 19:59:56,0
T5018,C188,35.28,31.0,0,130.52,0,pos,West,travel,Target,2024/01/01 23:52,0
T5019,C451,26.14,66.0,0,83.53,0,web,East,grocery,Target,2024-01-01 20:29:07,0
T5020,C331,52.98,31.0,0,190.91,0,pos,East,grocery,Walmart,01/01/2024 05:39,0
T5021,C316,27.51,61.0,1,109.61,1,web,East,travel,,2024/01/01 20:50,0
T5022,C185,111.59,33.0,0,83.99,0,mobile,East,electronics,Starbucks,2024-01-01 00:59:01,0
T5023,C313,174.91,50.0,0,72.99,0,pos,East,travel,Amazon,2024/01/01 09:58,0
T5024,C356,111.81,30.0,0,53.35,0,mobile,North,electronics,Amazon,2024/01/01 15:16,0
T5025,C156,173.93,,0,68.61,0,pos,South,grocery,Amazon,2024/01/01 03:18,0
T5026,C114,50.58,66.0,0,82.47,0,web,South,shopping,Target,2024/01/01 01:49,0
T5027,C207,17.0,29.0,0,75.62,0,mobile,East,grocery,Walmart,01/01/2024 15:37,0
T5028,C266,133.92,,0,67.09,0,web,East,grocery,,Jan 01 2024 18:34,0
T5029,C184,44.7,55.0,0,204.94,0,pos,North,shopping,Walmart,Jan 01 2024 08:30,0
T5030,C110,111.25,56.0,1,48.5,0,web,East,travel,Walmart,2024/01/01 05:13,0
T5031,C500,31.56,50.0,0,107.33,0,pos,North,food,Amazon,2024/01/02 02:07,0
T5032,C492,8.47,50.0,1,129.63,0,mobile,South,electronics,Walmart,Jan 01 2024 23:00,0
T5033,C292,490.38,46.0,0,131.51,0,web,West,electronics,Amazon,2024-01-01 02:20:29,0
T5034,C443,16.98,22.0,0,97.07,0,web,South,grocery,Walmart,01/01/2024 20:31,0
T5035,C369,445.86,23.0,0,87.96,0,pos,West,shopping,BestBuy,Jan 01 2024 20:23,0
T5036,C477,378.45,48.0,0,122.58,0,pos,West,grocery,Starbucks,Jan 01 2024 09:35,0
T5037,C223,157.9,33.0,0,113.33,0,pos,West,grocery,Starbucks,2024/01/01 11:46,0
T5038,C409,107.71,48.0,0,87.05,0,mobile,East,travel,Target,Jan 01 2024 20:17,0
T5039,C282,86.23,42.0,0,21.91,0,web,North,electronics,BestBuy,2024/01/01 13:15,0
T5040,C474,201.07,65.0,0,76.6,0,pos,West,food,Walmart,2024-01-01 14:02:13,0
T5041,C198,34.17,63.0,0,42.67,0,pos,North,shopping,BestBuy,2024-01-01 18:18:17,0
T5042,C194,63.05,50.0,0,66.64,0,web,South,food,Walmart,2024-01-01 06:58:11,0
T5043,C234,96.6,30.0,0,101.66,0,mobile,West,shopping,BestBuy,2024/01/01 06:55,0
T5044,C185,52.97,69.0,0,117.94,0,web,South,electronics,BestBuy,2024-01-02 00:32:12,0
T5045,C165,55.77,27.0,1,189.02,0,pos,North,travel,,01/01/2024 00:52,0
T5046,C429,40.09,41.0,0,73.13,0,web,North,food,BestBuy,01/01/2024 15:13,0
T5047,C312,83.06,27.0,0,138.73,0,pos,South,shopping,Target,Jan 01 2024 23:47,0
T5048,C415,190.1,58.0,0,115.3,0,pos,North,grocery,Walmart,2024-01-01 12:46:50,0
T5049,C267,22.51,,1,164.8,0,web,South,electronics,Amazon,2024-01-01 22:50:12,0
T5050,C243,272.47,30.0,0,128.81,0,web,North,travel,BestBuy,2024-01-01 10:36:13,0
T5051,C490,116.82,20.0,0,49.58,0,mobile,East,grocery,Amazon,2024/01/01 04:39,0
T5052,C105,173.32,67.0,1,13.85,0,pos,South,travel,Starbucks,Jan 01 2024 00:26,0
T5053,C311,81.24,69.0,0,115.56,0,pos,West,shopping,Amazon,2024-01-01 09:28:48,0
T5054,C272,151.19,51.0,1,73.58,0,pos,West,grocery,Target,2024/01/01 00:10,0
T5055,C254,1.63,66.0,0,50.98,0,pos,West,travel,,01/01/2024 09:32,0
T5056,C389,170.58,45.0,1,36.62,0,pos,North,electronics,Starbucks,2024/01/01 09:38,0
T5057,C319,4.1,36.0,0,108.05,0,web,South,food,Target,2024/01/01 15:44,0
T5058,C439,220.65,40.0,0,175.39,0,pos,North,food,Walmart,Jan 01 2024 06:21,0
T5059,C150,482.37,62.0,0,79.57,0,web,West,grocery,Target,01/01/2024 17:24,0
T5060,C457,34.82,49.0,0,129.51,0,mobile,East,electronics,BestBuy,2024/01/02 00:03,0
T5061,C422,1180.5,30.0,1,94.89,0,pos,West,electronics,Target,01/01/2024 06:11,1
T5062,C193,144.97,50.0,2,35.53,0,mobile,West,travel,Walmart,Jan 02 2024 00:57,0
T5063,C386,29.17,51.0,1,136.74,0,web,West,grocery,Starbucks,2024-01-01 20:38:22,0
T5064,C494,200.67,,0,45.27,0,web,East,electronics,,Jan 01 2024 09:39,0
T5065,C386,10.85,,0,101.08,1,mobile,East,travel,Walmart,2024/01/01 18:18,0
T5066,C485,13.46,20.0,0,82.92,0,pos,South,,BestBuy,Jan 02 2024 02:51,0
T5067,C204,387.05,24.0,0,144.65,0,web,East,grocery,,2024-01-01 15:13:47,0
T5068,C305,112.04,41.0,1,47.09,1,web,South,electronics,Amazon,Jan 01 2024 12:07,1
T5069,C299,187.66,39.0,0,119.54,0,web,East,electronics,Starbucks,Jan 01 2024 19:27,0
T5070,C240,39.2,62.0,1,58.01,0,web,South,electronics,,2024/01/01 09:31,0
T5071,C338,112.85,40.0,0,74.44,0,web,West,,,Jan 01 2024 02:51,0
T5072,C114,90.2,47.0,0,-81.76,0,web,East,shopping,Amazon,2024/01/01 17:15,0
T5073,C252,92.42,35.0,0,204.6,0,mobile,North,grocery,,01/01/2024 12:33,0
T5074,C500,114.74,49.0,0,127.53,1,pos,North,food,Amazon,Jan 01 2024 17:08,0
T5075,C111,85.65,24.0,0,61.63,0,pos,South,shopping,Target,2024-01-01 00:44:52,0
T5076,C495,56.05,50.0,0,43.77,0,pos,East,electronics,Walmart,Jan 01 2024 13:09,0
T5077,C423,32.29,,0,75.22,0,pos,East,electronics,,Jan 01 2024 18:46,0
T5078,C210,146.35,66.0,0,135.84,1,mobile,North,food,Walmart,01/01/2024 11:02,0
T5079,C335,25.65,45.0,0,5.4,1,mobile,East,travel,BestBuy,Jan 02 2024 00:04,0
T5080,C278,117.88,25.0,0,92.92,0,pos,East,grocery,BestBuy,Jan 02 2024 01:47,0
T5081,C230,26.57,32.0,0,188.53,1,web,South,shopping,Target,Jan 01 2024 02:07,0
T5082,C440,98.17,69.0,0,43.3,0,pos,West,electronics,BestBuy,01/01/2024 13:32,0
T5083,C343,137.47,21.0,0,104.02,1,web,North,grocery,Starbucks,Jan 01 2024 18:06,0
T5084,C273,24.68,51.0,0,210.17,0,web,West,electronics,Target,01/01/2024 19:23,0
T5085,C270,6.18,22.0,0,131.61,0,mobile,East,electronics,Target,2024-01-01 10:24:37,0
T5086,C497,14.04,50.0,0,106.3,0,web,East,electronics,Starbucks,01/01/2024 21:10,0
T5087,C421,93.14,22.0,0,125.33,0,mobile,South,grocery,Amazon,01/01/2024 14:11,0
T5088,C157,189.34,55.0,0,79.96,0,pos,West,food,Walmart,Jan 01 2024 19:36,0
T5089,C321,4.6,51.0,0,164.98,0,mobile,West,grocery,Starbucks,02/01/2024 01:50,0
T5090,C318,132.48,43.0,0,80.03,0,web,South,,Amazon,01/01/2024 18:33,0
T5091,C414,41.75,18.0,0,2.04,1,web,West,travel,Amazon,02/01/2024 02:14,0
T5092,C244,65.11,21.0,0,80.43,0,web,South,travel,BestBuy,2024-01-01 09:02:42,0
T5093,C372,264.31,56.0,0,51.66,0,pos,South,food,Target,2024/01/02 03:19,0
T5094,C463,40.34,43.0,1,85.94,0,mobile,East,travel,Target,Jan 01 2024 23:50,0
T5095,C369,62.61,50.0,0,87.05,1,pos,East,food,BestBuy,2024/01/01 04:43,0
T5096,C315,1.38,50.0,1,159.87,0,mobile,East,electronics,BestBuy,Jan 01 2024 03:54,0
T5097,C191,8.51,25.0,0,134.76,1,pos,South,electronics,Target,01/01/2024 08:24,0
T5098,C132,29.92,37.0,0,113.16,1,pos,East,grocery,Starbucks,2024/01/01 01:01,0
T5099,C254,2.82,33.0,0,99.85,0,web,North,electronics,Starbucks,2024-01-01 16:32:42,0
T5100,C261,99.8,38.0,2,47.06,0,pos,North,travel,Starbucks,01/01/2024 05:01,0
T5101,C123,55.58,62.0,1,-9.06,0,pos,East,shopping,Starbucks,2024-01-01 18:34:38,0
T5102,C313,79.44,43.0,0,105.66,1,mobile,South,grocery,BestBuy,2024/01/01 10:25,0
T5103,C327,19.19,40.0,1,139.73,0,pos,North,food,Walmart,2024/01/01 10:28,0
T5104,C480,35.09,35.0,0,94.58,0,web,East,electronics,Walmart,Jan 01 2024 09:23,0
T5105,C369,109.01,48.0,0,73.26,0,pos,North,grocery,Target,Jan 01 2024 11:02,0
T5106,C239,336.11,69.0,0,123.23,0,mobile,North,,Walmart,01/01/2024 22:57,0
T5107,C285,5.17,59.0,0,95.83,0,mobile,North,grocery,Starbucks,2024-01-01 11:29:17,0
T5108,C153,221.08,29.0,0,184.29,0,pos,West,electronics,,Jan 01 2024 07:41,0
T5109,C371,86.01,18.0,0,161.64,0,pos,North,food,Starbucks,Jan 01 2024 20:44,0
T5110,C274,82.99,59.0,0,147.98,0,mobile,East,grocery,Amazon,01/01/2024 18:19,0
T5111,C418,69.37,26.0,1,137.89,1,web,North,grocery,BestBuy,2024/01/01 06:51,0
T5112,C243,359.5,20.0,0,35.49,0,pos,East,grocery,,2024/01/01 04:45,0
T5113,C304,9.42,68.0,1,133.15,1,web,North,electronics,Amazon,01/01/2024 07:03,0
T5114,C257,91.86,43.0,0,118.82,0,web,North,travel,Target,2024/01/01 08:10,0
T5115,C413,41.7,26.0,0,130.32,0,pos,West,food,Amazon,2024-01-01 18:22:08,0
T5116,C383,249.21,,0,124.63,0,web,North,grocery,Walmart,2024-01-01 19:47:12,0
T5117,C237,52.19,68.0,0,122.64,1,mobile,East,grocery,Walmart,01/01/2024 15:49,0
T5118,C271,15.46,33.0,0,235.04,1,web,West,grocery,Amazon,01/01/2024 23:24,0
T5119,C469,125.43,41.0,0,96.19,0,mobile,West,,Target,Jan 01 2024 04:57,0
T5120,C481,34.72,67.0,0,146.82,0,pos,North,travel,Amazon,2024-01-02 03:42:26,0
T5121,C127,74.54,31.0,1,76.45,0,web,North,grocery,BestBuy,2024/01/01 18:59,0
T5122,C136,119.68,,2,139.53,0,mobile,South,grocery,BestBuy,2024/01/01 13:19,0
T5123,C444,230.52,51.0,0,146.97,1,mobile,North,electronics,BestBuy,2024/01/02 03:04,0
T5124,C168,157.11,50.0,0,118.22,0,pos,South,food,BestBuy,2024-01-01 15:43:22,0
T5125,C184,112.81,67.0,1,183.46,1,web,East,food,Amazon,2024/01/01 19:07,1
T5126,C352,113.83,41.0,0,55.79,0,mobile,North,travel,Starbucks,Jan 01 2024 10:56,0
T5127,C287,291.74,,0,75.64,0,mobile,North,food,Starbucks,Jan 01 2024 23:47,0
T5128,C275,35.07,30.0,0,110.62,0,pos,South,grocery,BestBuy,01/01/2024 06:03,0
T5129,C305,0.11,19.0,1,144.04,0,web,South,electronics,Target,Jan 01 2024 02:29,0
T5130,C129,31.74,,1,108.97,0,web,West,grocery,Target,01/01/2024 11:20,0
T5131,C227,24.58,65.0,0,164.29,0,mobile,West,grocery,Amazon,2024/01/01 22:24,0
T5132,C259,108.42,38.0,1,66.92,0,web,North,travel,Starbucks,2024/01/01 02:55,0
T5133,C357,100.43,36.0,1,42.97,0,web,East,,Amazon,2024-01-01 12:16:57,0
T5134,C279,90.01,42.0,0,115.41,0,web,West,food,Walmart,2024-01-02 02:09:51,0
T5135,C209,1.64,64.0,0,96.14,0,web,West,food,BestBuy,2024/01/01 03:11,0
T5136,C375,130.48,39.0,2,127.14,0,web,West,,Walmart,2024/01/01 20:38,0
T5137,C402,39.09,28.0,0,98.63,0,web,South,electronics,,01/01/2024 09:40,0
T5138,C160,109.38,50.0,0,83.0,0,web,North,electronics,Target,2024/01/01 09:46,0
T5139,C476,81.32,49.0,0,96.25,0,mobile,South,grocery,Starbucks,Jan 01 2024 10:36,0
T5140,C328,41.97,38.0,0,101.44,0,mobile,East,shopping,BestBuy,2024-01-01 18:14:26,0
T5141,C224,14.45,56.0,0,84.75,0,web,South,grocery,Amazon,01/01/2024 05:24,0
T5142,C339,9.92,37.0,1,89.84,1,web,North,food,,2024-01-01 23:41:11,0
T5143,C287,178.09,25.0,1,79.82,0,pos,South,,Amazon,2024/01/01 00:38,0
T5144,C463,250.59,59.0,0,142.83,0,mobile,East,shopping,Amazon,01/01/2024 00:12,0
T5145,C201,104.92,54.0,1,109.7,0,pos,North,grocery,Starbucks,01/01/2024 10:10,0
T5146,C435,10.92,26.0,2,212.84,0,mobile,North,food,Walmart,Jan 01 2024 14:00,0
T5147,C167,51.42,42.0,0,108.04,0,pos,North,travel,Amazon,2024/01/01 23:03,0
T5148,C126,130.54,42.0,0,72.46,0,pos,North,electronics,Starbucks,01/01/2024 00:03,0
T5149,C487,151.33,50.0,0,233.53,0,pos,East,shopping,Walmart,Jan 02 2024 02:54,0
T5150,C257,12.58,19.0,0,120.68,0,mobile,North,travel,Walmart,2024-01-01 13:42:53,0
T5151,C271,0.0,36.0,0,149.51,0,mobile,East,electronics,BestBuy,Jan 01 2024 16:03,0
T5152,C310,124.53,63.0,0,129.61,0,web,East,travel,BestBuy,2024/01/01 10:42,0
T5153,C302,44.1,37.0,0,131.15,0,mobile,South,grocery,,01/01/2024 14:52,0
T5154,C361,29.37,59.0,0,126.78,0,mobile,South,grocery,Target,2024-01-01 18:27:51,0
T5155,C488,1.3,58.0,0,44.9,1,mobile,North,electronics,Walmart,Jan 01 2024 19:47,0
T5156,C398,77.72,59.0,0,118.38,0,mobile,West,electronics,Target,Jan 01 2024 06:48,0
T5157,C500,190.48,,0,33.76,0,web,West,grocery,BestBuy,2024-01-01 02:06:07,0
T5158,C434,316.14,23.0,0,91.28,1,web,North,,Starbucks,2024-01-02 03:40:47,0
T5159,C337,83.41,34.0,0,63.72,0,mobile,East,electronics,BestBuy,2024/01/01 00:06,0
T5160,C199,72.25,,0,117.87,0,pos,South,electronics,Amazon,2024-01-01 08:59:38,0
T5161,C360,8.89,55.0,0,116.71,1,pos,North,electronics,Starbucks,01/01/2024 02:24,0
T5162,C238,79.6,21.0,1,124.06,1,mobile,North,food,Starbucks,Jan 01 2024 07:18,0
T5163,C210,47.8,47.0,0,114.36,0,web,East,food,Walmart,01/01/2024 21:59,0
T5164,C409,93.43,37.0,1,69.66,0,pos,South,grocery,Target,01/01/2024 04:07,0
T5165,C441,49.22,20.0,0,86.95,0,web,West,food,Amazon,2024/01/01 12:36,0
T5166,C484,27.48,40.0,0,146.02,0,web,West,shopping,Starbucks,01/01/2024 03:18,0
T5167,C151,9.98,68.0,0,153.39,0,pos,North,grocery,Target,2024-01-02 02:10:04,0
T5168,C104,37.82,35.0,0,42.66,0,mobile,North,shopping,Target,2024-01-02 01:34:37,0
T5169,C130,10.16,43.0,1,23.45,1,web,North,travel,Amazon,2024-01-01 23:41:51,0
T5170,C369,19.47,53.0,1,63.66,0,pos,North,shopping,Amazon,01/01/2024 13:51,0
T5171,C349,436.9,25.0,1,152.26,0,web,North,travel,BestBuy,2024/01/02 02:52,0
T5172,C193,58.72,34.0,0,160.74,0,pos,West,shopping,BestBuy,2024-01-01 13:12:44,0
T5173,C474,75.9,48.0,0,53.76,0,mobile,North,travel,Starbucks,Jan 01 2024 23:45,0
T5174,C325,206.85,,0,115.37,0,mobile,South,travel,Starbucks,Jan 01 2024 14:03,0
T5175,C406,541.91,62.0,0,191.72,0,mobile,East,grocery,Starbucks,2024-01-01 09:04:07,0
T5176,C353,87.4,50.0,1,120.77,0,web,West,electronics,BestBuy,Jan 02 2024 00:03,0
T5177,C286,167.38,44.0,0,171.08,1,mobile,East,electronics,Starbucks,01/01/2024 17:31,0
T5178,C354,39.59,62.0,0,149.94,0,mobile,East,grocery,Starbucks,Jan 01 2024 04:24,0
T5179,C289,36.49,21.0,0,54.49,0,mobile,North,travel,BestBuy,2024/01/02 01:15,0
T5180,C410,51.53,39.0,1,90.5,0,mobile,East,electronics,BestBuy,2024/01/01 11:22,0
T5181,C459,111.63,43.0,0,101.74,0,pos,South,electronics,Starbucks,2024/01/01 18:20,0
T5182,C139,114.63,49.0,0,105.21,0,pos,North,shopping,Starbucks,2024/01/01 13:12,0
T5183,C292,37.87,41.0,0,145.82,0,web,West,food,Target,01/01/2024 01:27,0
T5184,C337,14.3,63.0,1,120.43,0,pos,South,grocery,Walmart,2024/01/02 02:51,0
T5185,C258,100.07,52.0,0,-46.81,0,pos,West,food,BestBuy,Jan 01 2024 11:46,0
T5186,C161,13.73,,1,34.36,1,pos,North,travel,Walmart,2024/01/01 18:06,1
T5187,C371,86.39,49.0,0,-9.37,0,pos,North,shopping,BestBuy,2024-01-01 16:09:47,0
T5188,C206,118.23,24.0,1,108.77,0,pos,West,electronics,Target,2024-01-02 01:00:51,0
T5189,C472,120.6,50.0,0,112.02,0,mobile,East,shopping,Walmart,Jan 01 2024 03:25,0
T5190,C476,140.03,48.0,0,114.16,0,web,West,grocery,Target,2024/01/01 19:54,0
T5191,C454,206.25,29.0,1,52.05,0,pos,South,travel,,Jan 01 2024 17:33,0
T5192,C490,69.31,28.0,0,133.71,0,pos,East,shopping,Walmart,2024/01/02 02:46,0
T5193,C385,6551.5,,0,135.81,0,web,North,shopping,,Jan 01 2024 03:14,0
T5194,C250,96.54,25.0,0,37.24,0,pos,South,shopping,Walmart,2024-01-01 05:25:19,0
T5195,C362,20.66,49.0,0,26.7,0,pos,South,electronics,Amazon,2024-01-01 15:36:25,0
T5196,C414,2.6,,0,99.99,0,web,North,travel,Amazon,2024/01/01 12:06,0
T5197,C412,33.48,39.0,0,189.59,1,mobile,East,electronics,Target,2024-01-01 19:36:47,0
T5198,C178,58.53,51.0,0,184.99,1,mobile,North,shopping,Amazon,01/01/2024 10:45,0
T5199,C155,96.0,36.0,1,128.17,0,web,South,,BestBuy,2024/01/01 08:48,0
T5200,C183,189.68,69.0,0,63.5,0,mobile,South,electronics,Starbucks,01/01/2024 20:50,0
T5201,C446,21.85,37.0,0,144.34,0,mobile,South,,Walmart,2024/01/01 05:54,0
T5202,C468,13.42,,0,77.38,0,mobile,North,food,Target,2024/01/01 01:17,0
T5203,C354,330.99,50.0,0,61.62,1,mobile,West,food,Target,Jan 01 2024 00:49,0
T5204,C443,11.43,27.0,0,-7.2,0,pos,South,grocery,Target,Jan 02 2024 02:44,0
T5205,C451,65.1,33.0,2,105.12,0,web,South,grocery,Target,01/01/2024 03:30,0
T5206,C314,88.08,21.0,0,68.51,0,mobile,East,,,2024-01-01 00:40:10,0
T5207,C388,77.95,44.0,0,104.82,0,mobile,West,electronics,Target,2024-01-01 18:22:04,0
T5208,C460,9.0,45.0,0,-14.97,0,web,East,,Walmart,2024/01/01 05:07,0
T5209,C379,5.87,60.0,0,108.49,0,pos,South,food,Target,Jan 02 2024 00:22,0
T5210,C250,11.15,33.0,0,-21.56,0,mobile,West,,Target,Jan 01 2024 09:59,0
T5211,C422,88.09,69.0,0,154.4,0,mobile,East,travel,Starbucks,2024-01-01 17:55:56,0
T5212,C399,78.6,50.0,0,126.09,0,pos,North,food,BestBuy,01/01/2024 08:32,0
T5213,C140,26.62,65.0,0,86.07,0,web,East,travel,Amazon,2024/01/01 21:19,0
T5214,C416,101.55,36.0,0,128.14,0,mobile,West,travel,Amazon,01/01/2024 23:52,0
T5215,C327,171.52,,0,51.1,0,mobile,East,grocery,Amazon,2024/01/01 01:14,0
T5216,C270,4.25,39.0,2,103.62,0,web,West,,BestBuy,01/01/2024 12:49,0
T5217,C346,68.94,26.0,0,139.74,1,pos,West,shopping,Walmart,01/01/2024 21:34,0
T5218,C294,116.9,26.0,0,-54.71,0,web,East,shopping,Amazon,2024-01-01 01:59:26,0
T5219,C355,29.08,26.0,0,77.64,0,mobile,East,travel,Amazon,2024/01/02 00:12,0
T5220,C294,36.78,44.0,0,98.87,0,pos,North,electronics,Amazon,01/01/2024 03:30,0
T5221,C213,95.1,34.0,0,90.19,0,pos,East,shopping,,01/01/2024 05:38,0
T5222,C434,228.21,61.0,0,172.86,1,pos,West,electronics,BestBuy,01/01/2024 09:33,0
T5223,C466,166.03,62.0,0,43.8,0,web,South,food,BestBuy,Jan 01 2024 05:00,0
T5224,C309,87.5,25.0,0,68.94,0,web,East,shopping,Walmart,2024-01-01 16:04:06,0
T5225,C425,131.02,33.0,1,4.21,1,web,East,travel,Starbucks,Jan 01 2024 22:11,0
T5226,C327,45.39,35.0,0,175.51,0,mobile,West,grocery,Target,2024/01/02 01:41,0
T5227,C115,102.43,50.0,0,87.69,0,web,South,travel,Walmart,2024/01/01 02:17,0
T5228,C350,62.77,18.0,0,78.08,0,pos,North,electronics,Target,2024-01-01 21:26:17,0
T5229,C183,21.06,29.0,0,97.38,0,mobile,South,food,BestBuy,2024-01-01 15:15:18,0
T5230,C486,120.98,23.0,0,131.81,0,mobile,West,travel,Target,01/01/2024 06:06,0
T5231,C279,81.3,58.0,0,117.37,0,mobile,West,grocery,Amazon,Jan 02 2024 00:20,0
T5232,C493,44.41,22.0,0,232.39,0,pos,West,grocery,Target,01/01/2024 21:44,0
T5233,C479,242.29,33.0,0,122.7,1,web,West,food,Target,2024-01-01 04:17:23,0
T5234,C179,2.12,35.0,0,76.74,0,pos,South,shopping,BestBuy,Jan 01 2024 04:05,0
T5235,C209,37.95,66.0,0,71.93,0,web,South,travel,Starbucks,Jan 01 2024 04:15,0
T5236,C432,5.86,35.0,0,80.36,0,mobile,South,travel,Target,2024/01/02 03:46,0
T5237,C168,145.47,18.0,0,24.91,0,mobile,East,grocery,BestBuy,02/01/2024 00:46,0
T5238,C458,121.1,,0,101.99,0,pos,West,electronics,Amazon,01/01/2024 22:36,0
T5239,C386,40.25,25.0,0,139.17,0,web,East,travel,Target,01/01/2024 04:39,0
T5240,C492,112.6,20.0,0,69.33,0,mobile,East,grocery,Target,2024/01/01 22:13,0
T5241,C264,50.41,42.0,2,59.63,0,pos,East,electronics,Amazon,2024/01/01 17:21,0
T5242,C328,141.16,22.0,1,175.8,0,pos,North,shopping,Walmart,2024/01/01 04:42,0
T5243,C184,60.55,57.0,1,28.68,0,web,East,shopping,Starbucks,2024-01-01 23:12:24,0
T5244,C376,53.15,36.0,0,-3.39,0,web,West,grocery,Amazon,2024-01-01 03:57:40,0
T5245,C292,272.92,35.0,0,42.35,0,web,East,grocery,Amazon,2024-01-01 15:53:00,0
T5246,C417,28.89,67.0,0,22.98,0,mobile,West,shopping,Amazon,Jan 01 2024 22:27,0
T5247,C126,641.5,48.0,0,119.31,0,pos,North,grocery,Walmart,2024-01-01 16:36:25,0
T5248,C179,87.84,50.0,1,81.96,0,web,South,food,Amazon,01/01/2024 07:23,0
T5249,C302,348.42,64.0,0,89.02,0,pos,West,travel,Walmart,2024-01-01 03:09:24,0
T5250,C130,47.46,35.0,0,157.65,1,mobile,East,food,Starbucks,2024-01-01 11:53:11,0
T5251,C337,6.4,56.0,0,65.43,0,mobile,West,electronics,Walmart,01/01/2024 01:05,0
T5252,C446,41.45,33.0,0,138.75,0,web,East,grocery,Starbucks,2024-01-01 06:47:24,0
T5253,C202,70.51,33.0,0,175.57,0,mobile,South,,Starbucks,Jan 01 2024 07:44,0
T5254,C330,17.66,64.0,0,77.22,0,pos,West,electronics,Starbucks,2024-01-01 00:42:50,0
T5255,C140,107.32,55.0,0,136.85,1,pos,East,travel,BestBuy,Jan 01 2024 08:59,0
T5256,C310,609.66,,0,87.91,0,mobile,West,shopping,Starbucks,2024-01-01 04:34:36,0
T5257,C141,60.1,24.0,0,146.2,1,mobile,South,food,Walmart,2024/01/01 02:53,0
T5258,C284,43.81,31.0,0,21.43,0,mobile,South,travel,BestBuy,2024-01-02 03:08:22,0
T5259,C225,51.2,60.0,1,17.72,0,pos,South,shopping,Amazon,01/01/2024 21:42,0
T5260,C357,12.23,65.0,0,80.44,0,mobile,West,shopping,Amazon,02/01/2024 01:16,0
T5261,C192,214.79,42.0,0,55.55,0,web,West,grocery,Target,01/01/2024 05:51,0
T5262,C392,53.58,,0,74.16,0,web,East,electronics,Starbucks,01/01/2024 11:15,0
T5263,C309,48.98,55.0,0,89.02,1,pos,South,grocery,Target,01/01/2024 09:37,0
T5264,C268,107.79,39.0,0,136.0,0,mobile,East,electronics,Starbucks,01/01/2024 07:05,0
T5265,C328,58.35,33.0,0,79.62,0,mobile,West,grocery,Starbucks,2024-01-01 16:45:06,0
T5266,C349,104.48,69.0,0,58.81,0,mobile,North,food,Walmart,02/01/2024 02:51,0
T5267,C121,6.34,46.0,0,82.42,0,web,South,grocery,Walmart,2024/01/01 02:35,0
T5268,C254,168.05,33.0,0,61.54,0,web,East,food,,2024/01/01 01:45,0
T5269,C301,282.18,29.0,0,53.3,0,web,South,,BestBuy,2024/01/02 00:59,0
T5270,C314,104.63,34.0,0,19.35,0,web,East,travel,Amazon,2024-01-01 06:55:58,0
T5271,C118,309.15,54.0,0,103.47,0,web,East,grocery,Starbucks,02/01/2024 02:37,0
T5272,C285,16.42,44.0,0,71.56,0,pos,North,,,2024-01-01 21:32:18,0
T5273,C412,64.9,42.0,1,148.31,0,pos,West,shopping,Target,Jan 02 2024 01:27,0
T5274,C181,92.08,30.0,0,27.63,0,mobile,South,food,Starbucks,01/01/2024 09:54,0
T5275,C196,87.16,25.0,0,72.9,1,mobile,West,,Walmart,01/01/2024 05:58,0
T5276,C365,51.33,22.0,0,190.65,0,web,East,food,,Jan 01 2024 21:55,0
T5277,C450,41.26,29.0,0,53.02,0,mobile,West,grocery,Amazon,Jan 01 2024 14:20,0
T5278,C277,13.56,58.0,0,88.17,0,pos,North,travel,Target,2024-01-01 22:11:15,0
T5279,C330,49.72,20.0,0,39.21,0,pos,West,travel,Amazon,2024-01-01 13:57:38,0
T5280,C167,17.75,52.0,0,32.58,0,mobile,East,shopping,Amazon,2024-01-01 05:57:00,0
T5281,C201,132.56,50.0,0,177.37,1,web,East,travel,BestBuy,Jan 01 2024 23:44,0
T5282,C418,23.42,39.0,0,108.55,0,pos,North,grocery,,01/01/2024 16:52,0
T5283,C222,6.04,67.0,0,106.68,1,mobile,South,,BestBuy,2024/01/01 12:03,0
T5284,C135,80.38,61.0,1,15.18,0,web,North,electronics,BestBuy,2024-01-01 10:48:00,0
T5285,C262,90.44,26.0,3,117.94,0,mobile,South,food,Amazon,2024/01/01 18:46,0
T5286,C431,205.5,58.0,0,157.87,0,web,East,food,Starbucks,2024/01/01 03:45,0
T5287,C464,86.03,35.0,0,157.47,0,web,West,,Amazon,2024/01/01 19:35,0
T5288,C115,42.39,67.0,0,133.42,0,pos,East,electronics,,01/01/2024 16:31,0
T5289,C439,162.46,46.0,0,43.53,0,pos,North,electronics,BestBuy,2024-01-01 09:53:46,0
T5290,C175,77.71,56.0,2,115.66,0,mobile,North,electronics,Walmart,2024/01/01 11:27,0
T5291,C199,8.26,44.0,0,133.38,0,mobile,West,shopping,Walmart,Jan 01 2024 00:12,0
T5292,C215,83.44,53.0,0,10.28,0,web,North,electronics,BestBuy,2024-01-01 15:42:37,0
T5293,C344,238.62,62.0,0,43.94,0,pos,East,travel,BestBuy,01/01/2024 04:38,0
T5294,C455,50.47,34.0,0,144.41,0,web,West,shopping,Amazon,2024-01-01 23:45:22,0
T5295,C200,35.14,51.0,0,143.8,1,web,South,travel,Starbucks,01/01/2024 08:31,0
T5296,C435,15.49,63.0,1,22.57,1,web,North,food,Amazon,2024-01-01 06:59:21,0
T5297,C200,16.42,20.0,1,139.75,0,web,South,grocery,Amazon,Jan 01 2024 23:17,0
T5298,C238,56.7,,1,104.77,0,web,West,food,Target,2024/01/01 01:43,0
T5299,C270,90.55,31.0,1,139.05,0,web,North,electronics,Amazon,Jan 01 2024 21:08,0
T5300,C233,8.41,20.0,0,68.27,0,mobile,West,grocery,Starbucks,01/01/2024 01:22,0
T5301,C257,280.62,40.0,0,132.26,0,pos,North,food,Amazon,Jan 01 2024 20:05,0
T5302,C301,140.7,56.0,1,142.19,0,pos,North,shopping,BestBuy,2024/01/01 14:06,0
T5303,C446,88.34,47.0,0,82.43,0,web,North,electronics,Starbucks,01/01/2024 14:01,0
T5304,C154,176.28,,0,100.89,0,web,West,food,BestBuy,2024/01/01 09:35,0
T5305,C285,8.36,62.0,0,67.57,0,web,West,grocery,Target,01/01/2024 19:00,0
T5306,C369,64.79,40.0,1,182.58,0,pos,East,travel,Target,01/01/2024 13:55,0
T5307,C309,4972.5,44.0,0,93.99,0,pos,East,food,Starbucks,2024-01-01 01:32:23,0
T5308,C463,176.41,27.0,1,53.9,0,web,West,shopping,,2024/01/01 01:58,0
T5309,C272,153.0,42.0,1,64.21,0,pos,West,grocery,Walmart,2024/01/01 14:13,0
T5310,C106,32.44,30.0,0,106.34,0,web,North,food,,2024/01/01 03:55,0
T5311,C229,282.82,33.0,0,137.67,0,web,East,travel,Starbucks,2024-01-01 22:11:15,0
T5312,C240,13.28,58.0,0,33.21,0,web,East,electronics,,Jan 01 2024 08:39,0
T5313,C484,208.05,51.0,0,192.38,0,mobile,West,electronics,Target,2024/01/01 07:26,0
T5314,C355,353.84,54.0,0,115.43,0,pos,East,electronics,,2024/01/01 15:09,0
T5315,C108,19.5,39.0,0,123.32,0,pos,West,grocery,Amazon,2024/01/01 11:23,0
T5316,C176,128.04,34.0,0,95.14,0,pos,East,,BestBuy,01/01/2024 20:45,0
T5317,C195,4.11,40.0,1,100.96,0,web,South,travel,Target,2024/01/01 01:42,0
T5318,C500,51.99,53.0,0,92.59,1,mobile,South,food,BestBuy,01/01/2024 14:12,0
T5319,C495,72.63,66.0,1,150.89,0,web,East,electronics,Target,01/01/2024 16:27,0
T5320,C335,86.9,,0,99.6,0,web,West,,Amazon,2024/01/01 23:15,0
T5321,C277,274.79,,2,138.35,1,web,South,electronics,Target,2024/01/01 19:07,0
T5322,C416,111.55,19.0,0,78.31,1,mobile,North,electronics,BestBuy,Jan 01 2024 01:39,0
T5323,C248,65.64,49.0,0,109.78,0,web,West,food,Target,2024/01/01 15:17,0
T5324,C293,165.9,,0,59.8,0,web,South,food,BestBuy,01/01/2024 19:55,0
T5325,C183,300.64,39.0,0,160.83,0,mobile,North,food,Starbucks,2024/01/01 04:47,0
T5326,C331,2.23,,0,58.31,0,web,South,shopping,Amazon,Jan 01 2024 22:47,0
T5327,C117,404.68,30.0,0,83.75,0,web,South,shopping,BestBuy,Jan 01 2024 10:32,0
T5328,C133,9.01,25.0,0,84.25,0,pos,North,grocery,Walmart,01/01/2024 22:37,0
T5329,C280,168.41,,0,82.3,0,mobile,North,grocery,Walmart,2024/01/02 01:46,0
T5330,C209,32.9,34.0,0,136.12,0,pos,East,food,Target,2024/01/01 00:16,0
T5331,C392,14.18,,0,84.17,0,web,South,travel,Starbucks,01/01/2024 10:42,0
T5332,C179,57.96,21.0,0,169.7,1,mobile,North,grocery,Starbucks,Jan 02 2024 00:48,0
T5333,C282,103.27,30.0,0,59.08,0,mobile,East,,Walmart,Jan 01 2024 07:18,0
T5334,C204,47.96,48.0,0,108.47,0,web,North,shopping,Target,Jan 01 2024 18:55,0
T5335,C225,5.61,58.0,0,61.21,0,pos,East,electronics,Starbucks,2024/01/02 01:53,0
T5336,C230,91.49,24.0,0,121.05,0,web,East,food,,01/01/2024 00:49,0
T5337,C273,232.69,40.0,0,99.2,0,mobile,North,,Target,01/01/2024 06:02,0
T5338,C341,48.32,41.0,0,92.25,0,mobile,North,food,BestBuy,Jan 01 2024 08:21,0
T5339,C244,24.38,22.0,0,159.42,0,web,South,shopping,Walmart,2024/01/01 07:04,0
T5340,C387,58.44,22.0,0,67.28,0,web,South,travel,Starbucks,01/01/2024 14:37,0
T5341,C252,4.96,34.0,0,129.33,0,web,East,grocery,BestBuy,2024/01/01 19:45,0
T5342,C109,171.75,47.0,0,61.55,0,web,North,electronics,BestBuy,2024/01/01 11:06,0
T5343,C482,8753.5,26.0,0,105.63,1,pos,South,shopping,BestBuy,01/01/2024 21:42,0
T5344,C180,88.67,,0,40.22,0,pos,East,electronics,BestBuy,01/01/2024 18:13,0
T5345,C256,43.56,42.0,0,66.87,0,pos,South,food,,2024/01/01 03:34,0
T5346,C118,160.84,36.0,1,95.89,0,pos,East,travel,,Jan 01 2024 19:15,0
T5347,C232,80.9,33.0,0,190.73,0,mobile,South,food,Target,2024-01-01 05:19:37,0
T5348,C355,174.83,38.0,2,105.04,0,mobile,North,electronics,Walmart,Jan 02 2024 03:42,0
T5349,C350,99.82,,0,182.73,0,pos,West,shopping,Target,2024/01/01 01:31,0
T5350,C360,153.44,,0,111.02,0,web,West,electronics,Amazon,2024/01/01 21:43,0
T5351,C304,91.27,33.0,0,80.65,0,mobile,East,shopping,Target,01/01/2024 18:35,0
T5352,C430,53.47,54.0,0,176.97,0,web,West,electronics,Target,01/01/2024 17:24,0
T5353,C395,316.88,32.0,0,121.85,1,pos,West,food,BestBuy,01/01/2024 10:36,0
T5354,C324,77.9,30.0,0,67.86,0,mobile,East,electronics,Starbucks,2024-01-01 01:43:27,0
T5355,C313,92.91,30.0,0,123.53,0,mobile,West,grocery,Amazon,Jan 01 2024 02:19,0
T5356,C228,24.91,49.0,0,85.37,0,mobile,South,food,Amazon,2024-01-01 22:49:14,0
T5357,C442,98.26,62.0,1,0.55,0,mobile,South,electronics,Target,2024-01-01 18:24:57,0
T5358,C328,84.77,64.0,0,146.8,0,pos,South,electronics,Starbucks,2024-01-02 00:15:26,0
T5359,C241,20.44,63.0,0,154.75,1,mobile,North,,Target,Jan 01 2024 00:21,0
T5360,C131,6.14,25.0,0,191.9,0,pos,South,food,Walmart,01/01/2024 22:36,0
T5361,C476,4636.0,60.0,0,121.11,0,mobile,West,travel,Amazon,01/01/2024 04:54,0
T5362,C458,144.26,,2,87.56,0,pos,West,food,BestBuy,2024-01-02 02:01:26,0
T5363,C185,74.11,53.0,0,141.75,1,pos,South,shopping,BestBuy,2024-01-02 00:20:23,0
T5364,C386,25.72,43.0,0,142.49,0,web,North,food,BestBuy,Jan 01 2024 10:06,0
T5365,C110,109.82,27.0,0,181.91,0,pos,South,food,Amazon,2024/01/01 10:20,0
T5366,C125,8.35,48.0,0,97.77,0,web,North,electronics,Amazon,2024-01-02 00:43:49,0
T5367,C404,58.31,50.0,0,91.72,0,mobile,North,grocery,BestBuy,2024/01/01 19:08,0
T5368,C336,17.84,46.0,0,64.22,0,web,South,food,,2024-01-01 23:35:29,0
T5369,C402,20.39,22.0,0,126.87,0,pos,North,travel,BestBuy,2024-01-01 14:06:14,0
T5370,C290,22.6,30.0,0,22.59,0,web,West,grocery,Walmart,2024/01/01 07:37,0
T5371,C173,48.89,18.0,1,138.8,0,mobile,South,food,,2024/01/01 00:00,0
T5372,C361,5.25,40.0,0,129.39,0,web,West,grocery,Walmart,2024-01-01 13:44:20,0
T5373,C340,50.72,57.0,0,129.25,0,pos,North,shopping,Target,01/01/2024 20:53,0
T5374,C370,71.68,20.0,0,106.91,0,pos,East,grocery,Target,01/01/2024 23:20,0
T5375,C483,66.03,20.0,0,176.65,0,mobile,South,shopping,,2024/01/01 14:36,0
T5376,C379,48.25,24.0,0,143.6,0,mobile,East,,Starbucks,01/01/2024 22:58,0
T5377,C363,182.73,53.0,1,69.65,0,web,East,grocery,Starbucks,2024-01-01 23:11:58,0
T5378,C341,15.7,52.0,0,70.54,0,mobile,East,travel,Walmart,Jan 01 2024 20:53,0
T5379,C105,70.46,32.0,0,56.02,0,pos,East,travel,Walmart,2024-01-01 09:49:31,0
T5380,C469,6.4,57.0,2,127.56,0,web,West,,Walmart,01/01/2024 00:41,0
T5381,C292,7.38,20.0,0,49.99,0,web,South,grocery,Amazon,2024-01-01 02:30:38,0
T5382,C426,85.3,46.0,0,154.17,0,web,West,shopping,Amazon,2024/01/01 06:53,0
T5383,C396,83.48,47.0,0,166.15,0,web,North,grocery,,Jan 01 2024 17:37,0
T5384,C216,10520.0,56.0,0,56.05,0,mobile,South,food,BestBuy,2024/01/01 16:37,0
T5385,C461,81.62,35.0,0,90.72,0,web,South,shopping,Starbucks,2024-01-01 23:37:30,0
T5386,C237,321.37,28.0,0,100.83,0,web,West,food,Target,2024-01-01 02:37:01,0
T5387,C306,4.99,60.0,0,144.2,0,web,North,electronics,,2024/01/01 13:38,0
T5388,C344,10.31,66.0,0,180.47,0,pos,East,,BestBuy,Jan 02 2024 00:33,0
T5389,C403,4.51,55.0,1,15.73,0,pos,North,electronics,Amazon,02/01/2024 00:03,0
T5390,C158,20.49,57.0,0,84.09,1,mobile,West,electronics,,Jan 01 2024 06:24,0
T5391,C397,77.93,18.0,0,86.7,1,pos,West,electronics,Amazon,Jan 01 2024 18:58,0
T5392,C491,103.73,46.0,0,29.97,0,pos,West,food,Amazon,Jan 01 2024 09:24,0
T5393,C110,4.67,27.0,0,75.74,1,mobile,East,electronics,BestBuy,2024/01/01 20:00,0
T5394,C266,291.82,45.0,0,121.39,0,mobile,South,electronics,Amazon,01/01/2024 12:40,0
T5395,C405,184.62,,0,86.07,1,web,North,travel,Amazon,2024-01-01 00:21:27,0
T5396,C343,35.18,36.0,0,22.77,0,web,North,grocery,Starbucks,Jan 02 2024 00:06,0
T5397,C396,8.03,20.0,0,243.7,1,mobile,East,electronics,,2024-01-01 06:58:44,0
T5398,C328,18.62,53.0,0,113.31,0,web,West,shopping,BestBuy,2024/01/01 05:38,0
T5399,C470,13.58,60.0,1,105.58,0,web,North,shopping,Walmart,2024-01-01 10:11:37,0
T5400,C463,13.16,,0,45.1,0,web,South,,Starbucks,2024-01-01 16:16:57,0
T5401,C245,73.1,50.0,0,113.04,0,mobile,North,,,01/01/2024 17:23,0
T5402,C110,28.22,58.0,1,91.79,0,pos,West,food,,01/01/2024 07:03,0
T5403,C116,44.34,,0,5.57,1,pos,North,food,,2024-01-01 18:44:23,0
T5404,C480,455.69,68.0,1,46.49,0,mobile,West,electronics,Target,2024/01/02 01:54,0
T5405,C129,115.3,62.0,0,139.75,0,mobile,South,food,Walmart,2024/01/01 08:18,0
T5406,C121,297.56,43.0,0,197.2,0,web,East,food,Amazon,02/01/2024 00:58,0
T5407,C455,15.38,33.0,1,118.36,0,mobile,West,grocery,Starbucks,2024-01-01 05:39:25,0
T5408,C216,48.15,53.0,0,155.15,1,mobile,West,,Walmart,01/01/2024 05:02,0
T5409,C278,80.91,50.0,0,92.21,1,mobile,North,electronics,BestBuy,01/01/2024 08:03,0
T5410,C279,7.99,37.0,0,95.67,0,mobile,East,shopping,Walmart,2024/01/01 12:52,0
T5411,C181,0.42,30.0,0,154.55,0,web,West,shopping,BestBuy,2024-01-01 21:43:31,0
T5412,C324,111.0,50.0,0,183.14,0,web,North,grocery,,01/01/2024 06:48,0
T5413,C369,102.67,22.0,0,165.05,0,mobile,South,travel,Starbucks,01/01/2024 15:23,0
T5414,C148,52.9,54.0,0,46.68,0,mobile,East,electronics,Target,01/01/2024 01:39,0
T5415,C422,67.26,31.0,0,96.65,0,pos,North,shopping,BestBuy,2024-01-01 05:07:30,0
T5416,C121,53.69,44.0,1,113.88,0,pos,East,food,Amazon,2024-01-01 04:04:16,0
T5417,C149,2.43,40.0,1,87.02,0,mobile,West,electronics,Starbucks,Jan 01 2024 11:24,0
T5418,C484,40.85,31.0,0,119.39,0,pos,North,electronics,BestBuy,2024-01-02 03:20:33,0
T5419,C471,19.49,57.0,0,141.03,0,pos,South,,Starbucks,2024-01-01 02:01:12,0
T5420,C115,10.36,21.0,0,150.14,0,web,South,,Amazon,01/01/2024 11:04,0
T5421,C198,314.01,56.0,2,184.29,0,web,North,grocery,Starbucks,2024-01-01 19:06:44,0
T5422,C425,91.47,69.0,0,83.53,1,web,North,shopping,Starbucks,Jan 01 2024 07:22,0
T5423,C365,130.44,36.0,0,31.8,0,pos,East,,,2024-01-01 09:22:34,0
T5424,C164,37.89,64.0,0,117.91,0,mobile,North,,Walmart,2024-01-01 09:57:58,0
T5425,C431,49.95,21.0,0,194.19,0,web,East,travel,Starbucks,2024-01-01 05:32:36,0
T5426,C164,27.04,47.0,0,76.15,1,pos,West,shopping,BestBuy,Jan 01 2024 16:09,0
T5427,C411,10.2,36.0,0,134.34,0,mobile,North,shopping,Amazon,2024-01-01 06:34:42,0
T5428,C469,19.73,,0,134.79,0,web,West,travel,Amazon,Jan 02 2024 02:46,0
T5429,C402,159.71,48.0,1,109.57,0,pos,South,travel,Walmart,2024/01/01 09:49,0
T5430,C415,113.18,26.0,0,100.35,0,web,East,electronics,Amazon,01/01/2024 13:27,0
T5431,C346,79.17,30.0,1,53.83,0,pos,East,electronics,BestBuy,Jan 01 2024 09:42,0
T5432,C120,64.45,31.0,0,-14.08,0,web,South,food,Walmart,01/01/2024 05:02,0
T5433,C115,255.66,63.0,0,44.41,1,pos,West,grocery,BestBuy,01/01/2024 04:45,0
T5434,C437,7.55,27.0,0,80.48,0,mobile,East,,,01/01/2024 09:25,0
T5435,C439,32.93,,0,154.87,0,web,South,shopping,Walmart,2024/01/01 06:35,0
T5436,C119,43.07,48.0,2,94.84,1,web,South,grocery,BestBuy,2024-01-01 09:49:22,1
T5437,C287,152.52,54.0,0,74.05,0,pos,South,electronics,Walmart,2024-01-02 00:14:10,0
T5438,C224,489.48,40.0,0,55.45,0,mobile,North,travel,BestBuy,2024/01/01 00:51,0
T5439,C377,27.53,44.0,0,132.84,0,mobile,West,travel,Amazon,Jan 01 2024 09:12,0
T5440,C130,207.39,23.0,0,167.92,1,web,South,food,Amazon,Jan 01 2024 00:40,0
T5441,C368,177.56,43.0,0,153.17,0,pos,West,shopping,Starbucks,01/01/2024 07:40,0
T5442,C225,25.45,,0,130.31,0,web,East,shopping,Target,2024-01-02 03:13:03,0
T5443,C205,50.97,62.0,0,26.22,0,pos,North,travel,Target,01/01/2024 17:03,0
T5444,C215,52.71,30.0,0,82.42,1,mobile,South,food,Amazon,02/01/2024 01:04,0
T5445,C291,19134.0,,0,197.37,1,web,South,food,Starbucks,01/01/2024 21:15,1
T5446,C270,19.95,67.0,0,156.1,0,pos,South,electronics,Target,01/01/2024 03:33,0
T5447,C117,160.52,,0,23.12,0,mobile,East,electronics,,01/01/2024 20:30,0
T5448,C325,40.68,18.0,0,97.22,0,pos,North,electronics,BestBuy,Jan 01 2024 23:38,0
T5449,C102,131.26,57.0,0,118.15,0,web,West,,Walmart,01/01/2024 14:24,0
T5450,C259,54.47,49.0,0,61.89,0,pos,West,food,Target,Jan 01 2024 21:07,0
T5451,C317,86.36,39.0,1,-15.46,0,web,West,food,BestBuy,Jan 01 2024 12:11,0
T5452,C259,178.74,65.0,0,104.94,0,mobile,West,electronics,Target,01/01/2024 15:44,0
T5453,C431,163.05,46.0,0,60.61,0,pos,West,travel,Walmart,Jan 01 2024 10:27,0
T5454,C172,201.31,19.0,0,60.81,0,mobile,West,electronics,,Jan 02 2024 01:42,0
T5455,C123,6.15,57.0,0,82.27,0,mobile,West,grocery,Starbucks,2024/01/01 09:38,0
T5456,C232,117.78,55.0,0,93.32,0,web,North,travel,Walmart,Jan 01 2024 23:43,0
T5457,C410,15.08,65.0,1,99.55,0,web,North,food,Walmart,2024-01-01 19:01:55,0
T5458,C107,53.75,28.0,0,55.8,0,mobile,East,,Walmart,01/01/2024 18:34,0
T5459,C414,79.54,34.0,0,88.99,0,web,South,grocery,Starbucks,Jan 01 2024 21:32,0
T5460,C177,51.54,68.0,0,12.13,0,mobile,North,travel,BestBuy,01/01/2024 18:56,0
T5461,C304,73.32,60.0,0,115.55,1,web,South,electronics,Target,2024-01-01 08:35:27,0
T5462,C403,566.25,25.0,0,-42.81,0,web,East,,,01/01/2024 17:43,0
T5463,C232,14.53,39.0,1,85.53,1,pos,North,,Amazon,2024-01-01 06:50:20,0
T5464,C265,112.53,,1,145.96,0,pos,East,travel,Starbucks,2024/01/01 00:05,0
T5465,C481,50.42,28.0,0,47.03,0,web,North,electronics,Amazon,2024/01/01 12:42,0
T5466,C434,14.27,25.0,0,135.82,0,mobile,North,grocery,Starbucks,2024/01/01 05:36,0
T5467,C213,17.29,26.0,0,157.79,0,mobile,West,electronics,Starbucks,01/01/2024 04:29,0
T5468,C135,298.13,43.0,1,-65.39,0,mobile,South,electronics,Target,Jan 01 2024 03:35,0
T5469,C382,211.69,19.0,0,92.43,0,web,East,,Target,01/01/2024 17:47,0
T5470,C169,237.56,33.0,2,-43.79,1,web,West,travel,Starbucks,2024/01/01 08:03,0
T5471,C153,477.16,48.0,1,94.09,0,mobile,North,,Target,2024-01-01 19:35:36,0
T5472,C495,23.36,23.0,1,99.64,0,pos,North,electronics,BestBuy,2024/01/01 11:23,0
T5473,C422,43.92,,1,-24.13,0,pos,East,electronics,Walmart,01/01/2024 05:12,0
T5474,C119,110.63,43.0,0,196.24,0,mobile,South,electronics,Amazon,2024-01-01 22:35:19,0
T5475,C342,66.13,36.0,0,114.3,0,web,East,travel,Amazon,01/01/2024 19:15,0
T5476,C310,54.2,45.0,0,57.55,0,web,North,,Amazon,02/01/2024 03:25,0
T5477,C370,44.29,25.0,0,173.27,0,mobile,West,grocery,Amazon,2024/01/01 08:42,0
T5478,C240,90.09,31.0,0,10.22,0,pos,East,grocery,BestBuy,Jan 01 2024 09:46,0
T5479,C245,85.71,,1,38.54,0,mobile,West,grocery,BestBuy,2024-01-01 12:40:09,0
T5480,C106,880.5,,0,-14.97,0,mobile,South,grocery,Walmart,Jan 01 2024 10:31,0
T5481,C254,63.82,61.0,0,190.05,0,mobile,South,grocery,Starbucks,2024/01/01 00:50,0
T5482,C341,80.63,54.0,1,116.62,1,pos,West,electronics,Target,01/01/2024 18:51,0
T5483,C206,84.46,43.0,0,132.97,0,mobile,South,electronics,Walmart,Jan 02 2024 00:37,0
T5484,C336,23.59,48.0,1,115.05,0,pos,West,grocery,Amazon,2024/01/02 02:55,0
T5485,C447,135.58,68.0,0,128.69,0,web,West,grocery,Target,01/01/2024 08:21,0
T5486,C424,2.55,49.0,0,103.9,0,pos,West,travel,Walmart,Jan 02 2024 00:07,0
T5487,C325,43.82,67.0,1,113.55,0,pos,South,,Amazon,2024-01-01 17:03:21,0
T5488,C385,151.51,58.0,0,105.38,0,mobile,West,food,Walmart,2024-01-01 06:50:13,0
T5489,C495,82.99,19.0,1,69.57,0,web,South,electronics,Amazon,Jan 01 2024 16:16,0
T5490,C360,30.27,,0,97.67,0,mobile,West,,Amazon,2024/01/01 01:37,0
T5491,C447,118.73,69.0,1,113.68,0,pos,West,,BestBuy,2024/01/01 11:16,0
T5492,C344,83.79,61.0,0,105.53,0,pos,South,food,,2024/01/01 11:27,0
T5493,C153,159.08,19.0,0,26.11,0,mobile,West,travel,Walmart,02/01/2024 00:43,0
T5494,C186,132.81,59.0,1,32.75,0,web,West,food,Target,2024/01/02 00:18,0
T5495,C346,94.19,18.0,0,154.14,0,pos,South,shopping,BestBuy,Jan 01 2024 11:18,0
T5496,C275,66.98,53.0,1,84.65,0,pos,North,travel,Target,2024-01-01 17:24:48,0
T5497,C226,14.29,29.0,0,129.24,0,pos,East,electronics,Starbucks,2024-01-01 03:59:23,0
T5498,C333,30.29,26.0,1,45.39,1,web,South,travel,Target,2024/01/01 03:36,0
T5499,C134,54.32,53.0,1,26.34,0,mobile,West,,,Jan 01 2024 13:17,0
T5500,C486,91.45,58.0,0,57.82,1,web,East,grocery,Starbucks,2024/01/01 16:35,0
T5501,C121,72.09,,0,88.87,0,web,East,food,BestBuy,2024-01-01 10:37:40,0
T5502,C293,33.99,,0,66.74,0,pos,West,food,Target,2024/01/01 03:55,0
T5503,C495,0.65,50.0,0,164.7,0,web,West,grocery,Amazon,2024/01/01 10:57,0
T5504,C398,68.57,59.0,0,108.98,0,pos,North,electronics,BestBuy,02/01/2024 00:49,0
T5505,C452,33.63,63.0,1,192.45,0,web,West,electronics,BestBuy,2024-01-02 03:21:47,0
T5506,C496,132.65,39.0,0,120.22,0,web,East,,Amazon,2024/01/02 02:59,0
T5507,C421,2.42,42.0,0,-20.63,0,mobile,West,food,Target,2024/01/01 06:00,0
T5508,C206,87.91,35.0,0,152.8,0,web,East,travel,,2024/01/02 01:19,0
T5509,C267,283.83,23.0,0,24.52,0,mobile,South,grocery,Starbucks,2024-01-01 12:47:43,0
T5510,C354,19.17,35.0,0,111.53,0,pos,South,shopping,Amazon,2024/01/01 05:00,0
T5511,C437,63.8,69.0,0,61.27,1,pos,East,electronics,Walmart,2024-01-01 14:19:55,0
T5512,C201,9.59,33.0,0,207.14,0,mobile,South,grocery,BestBuy,Jan 01 2024 05:37,0
T5513,C347,98.26,32.0,0,171.98,0,pos,North,electronics,Starbucks,Jan 01 2024 14:41,0
T5514,C417,79.97,65.0,0,62.91,1,pos,East,travel,Target,Jan 01 2024 08:03,0
T5515,C478,52.32,25.0,0,93.63,0,web,East,shopping,Target,2024/01/01 04:52,0
T5516,C312,73.68,30.0,1,112.23,0,mobile,West,food,Amazon,2024-01-01 02:59:13,0
T5517,C364,226.89,,0,143.17,1,pos,North,electronics,Starbucks,2024-01-01 20:37:53,0
T5518,C283,21.85,,0,101.46,0,mobile,West,food,Amazon,Jan 01 2024 12:35,0
T5519,C162,2.28,34.0,0,48.76,0,web,North,travel,BestBuy,2024-01-02 01:13:04,0
T5520,C241,197.81,67.0,0,64.12,0,pos,North,,Amazon,2024-01-01 08:42:05,0
T5521,C387,86.07,49.0,1,99.78,0,pos,North,travel,Walmart,2024-01-01 07:02:15,0
T5522,C338,221.33,39.0,0,161.72,0,mobile,East,food,Amazon,Jan 01 2024 02:38,0
T5523,C142,90.87,68.0,0,121.39,0,pos,South,travel,Amazon,Jan 01 2024 08:38,0
T5524,C288,166.16,30.0,0,61.33,0,mobile,South,,BestBuy,01/01/2024 09:14,0
T5525,C229,56.15,64.0,1,132.42,0,pos,West,travel,Starbucks,01/01/2024 02:13,0
T5526,C162,138.57,40.0,0,80.65,0,web,West,grocery,Walmart,2024/01/01 23:55,0
T5527,C412,244.23,46.0,0,144.52,0,web,South,grocery,Amazon,2024/01/01 22:26,0
T5528,C236,84.89,39.0,0,226.35,0,mobile,South,electronics,BestBuy,01/01/2024 07:49,0
T5529,C277,19.94,18.0,0,82.06,0,pos,North,travel,BestBuy,Jan 02 2024 03:10,0
T5530,C338,31.31,,1,140.08,0,pos,West,,BestBuy,02/01/2024 02:26,0
T5531,C350,22.15,65.0,0,62.73,1,mobile,West,travel,Starbucks,01/01/2024 03:36,0
T5532,C227,28.35,22.0,0,94.39,0,web,West,grocery,Amazon,Jan 01 2024 12:22,0
T5533,C318,1829.5000000000002,52.0,0,101.48,0,web,West,food,Target,2024-01-01 03:40:46,0
T5534,C413,81.0,27.0,0,90.32,0,web,South,travel,Walmart,01/01/2024 20:00,0
T5535,C344,88.67,36.0,0,223.15,0,mobile,South,shopping,,01/01/2024 03:59,0
T5536,C389,55.6,54.0,0,84.67,0,web,East,electronics,Starbucks,2024/01/01 18:42,0
T5537,C234,95.56,24.0,0,129.34,1,mobile,East,grocery,Amazon,2024/01/01 23:19,0
T5538,C211,8.51,63.0,1,3.5,0,web,South,food,Target,2024/01/01 04:16,0
T5539,C153,9.19,52.0,0,121.6,1,web,North,shopping,Target,2024-01-01 18:32:00,0
T5540,C248,18.85,62.0,0,157.1,0,mobile,South,travel,Target,2024-01-01 22:15:35,0
T5541,C324,73.0,30.0,0,73.62,1,pos,North,,Walmart,Jan 01 2024 22:51,0
T5542,C303,24.08,27.0,0,-25.51,0,pos,West,travel,Amazon,2024-01-02 03:13:52,0
T5543,C291,33.31,,1,98.07,1,pos,East,electronics,BestBuy,2024-01-01 22:18:16,0
T5544,C416,51.13,23.0,0,100.86,0,web,North,grocery,,2024/01/01 02:26,0
T5545,C342,167.06,25.0,0,136.2,1,web,West,shopping,Target,2024-01-01 09:13:23,0
T5546,C482,1.4,53.0,0,200.55,0,pos,South,food,Amazon,01/01/2024 10:29,0
T5547,C237,104.8,42.0,0,81.0,0,web,East,food,BestBuy,01/01/2024 14:31,0
T5548,C156,110.53,61.0,1,57.19,0,web,South,electronics,Walmart,2024/01/01 18:38,0
T5549,C263,160.27,64.0,0,41.65,0,pos,West,,Amazon,2024/01/01 15:00,0
T5550,C220,269.94,57.0,0,109.9,0,mobile,West,food,Amazon,Jan 01 2024 07:08,0
T5551,C214,2.03,24.0,0,123.97,1,pos,South,electronics,Walmart,01/01/2024 17:54,0
T5552,C303,16.7,63.0,0,72.72,0,pos,West,,Walmart,2024/01/01 11:30,0
T5553,C372,217.31,40.0,1,138.93,0,mobile,West,,Target,2024/01/01 04:22,0
T5554,C373,61.34,36.0,1,123.27,0,web,North,grocery,Target,2024/01/01 19:24,0
T5555,C249,83.15,63.0,0,102.16,0,pos,South,,,Jan 01 2024 22:24,0
T5556,C320,108.78,39.0,0,54.88,0,pos,South,travel,BestBuy,2024/01/01 04:21,0
T5557,C251,113.65,30.0,0,75.91,1,web,East,electronics,Target,Jan 01 2024 15:33,0
T5558,C246,268.44,38.0,1,-21.49,0,web,North,electronics,BestBuy,2024/01/01 08:46,0
T5559,C144,579.24,18.0,0,111.79,0,mobile,North,,,02/01/2024 02:30,0
T5560,C331,127.35,36.0,0,101.32,0,web,West,electronics,Amazon,2024-01-02 00:30:38,0
T5561,C437,33.86,,0,109.42,0,pos,East,food,Walmart,01/01/2024 00:11,0
T5562,C242,211.82,21.0,0,125.22,0,web,East,food,Walmart,2024/01/01 12:24,0
T5563,C467,5.05,,0,119.29,0,web,North,,Starbucks,2024/01/01 06:04,0
T5564,C369,26.28,20.0,0,94.48,0,mobile,East,electronics,Walmart,2024/01/01 08:41,0
T5565,C405,227.68,44.0,1,102.43,0,mobile,North,grocery,Target,2024/01/01 02:03,0
T5566,C302,29.6,69.0,0,29.78,0,pos,East,travel,Amazon,2024/01/02 02:05,0
T5567,C142,24.93,58.0,1,70.81,0,pos,North,food,,2024/01/02 01:46,0
T5568,C217,14.86,52.0,1,102.52,1,web,North,grocery,Starbucks,Jan 01 2024 11:25,1
T5569,C473,195.98,45.0,0,63.21,0,pos,West,food,Target,2024-01-01 10:50:54,0
T5570,C189,69.33,23.0,0,143.01,0,pos,West,shopping,,2024/01/01 01:16,0
T5571,C390,112.36,23.0,0,67.07,0,web,East,travel,BestBuy,Jan 01 2024 23:20,0
T5572,C399,27.32,61.0,1,110.82,0,web,West,food,Amazon,2024/01/01 02:05,0
T5573,C259,141.9,40.0,0,105.83,0,web,South,travel,Target,2024/01/01 16:38,0
T5574,C250,142.71,50.0,0,137.31,0,mobile,South,travel,Amazon,2024/01/01 06:17,0
T5575,C432,37.48,33.0,0,145.04,0,mobile,East,grocery,Walmart,2024/01/01 15:47,0
T5576,C406,52.88,41.0,0,134.7,0,web,North,food,Amazon,2024-01-02 03:36:52,0
T5577,C381,23.53,22.0,0,-5.3,0,mobile,West,travel,Walmart,2024/01/01 14:09,0
T5578,C422,18767.0,,0,159.71,0,mobile,East,electronics,Target,Jan 01 2024 21:17,0
T5579,C463,103.73,59.0,0,176.37,0,mobile,South,travel,Starbucks,01/01/2024 05:20,0
T5580,C190,272.64,30.0,0,75.89,0,pos,North,travel,,2024-01-01 17:52:13,0
T5581,C429,36.15,64.0,0,111.83,0,web,West,food,,2024/01/01 23:38,0
T5582,C251,152.28,29.0,0,55.46,0,web,North,,,Jan 01 2024 16:10,0
T5583,C245,145.18,22.0,0,2.58,1,pos,North,travel,Amazon,01/01/2024 11:44,0
T5584,C204,117.65,54.0,0,63.06,0,mobile,West,food,Target,Jan 01 2024 23:42,0
T5585,C111,337.08,48.0,0,72.99,0,web,West,food,BestBuy,2024/01/01 19:49,0
T5586,C352,50.01,45.0,0,82.26,1,mobile,South,travel,,2024-01-01 09:34:47,0
T5587,C360,14.01,45.0,0,52.05,0,pos,South,shopping,Amazon,01/01/2024 18:59,0
T5588,C141,111.39,47.0,0,63.33,0,mobile,North,shopping,Walmart,2024-01-01 11:38:50,0
T5589,C478,130.68,,0,99.45,0,pos,North,grocery,Starbucks,01/01/2024 12:21,0
T5590,C497,85.58,61.0,0,61.49,0,pos,South,shopping,Amazon,2024-01-01 18:13:22,0
T5591,C221,23.17,44.0,1,127.18,1,mobile,South,shopping,Target,2024-01-01 06:44:45,1
T5592,C163,70.21,52.0,0,134.08,0,mobile,North,food,BestBuy,01/01/2024 05:37,0
T5593,C369,37.42,43.0,0,219.02,1,web,East,food,BestBuy,01/01/2024 07:03,0
T5594,C173,55.77,56.0,1,156.28,0,pos,East,travel,BestBuy,2024-01-01 04:48:30,0
T5595,C364,103.63,66.0,0,112.16,0,mobile,East,travel,,2024/01/01 19:12,0
T5596,C374,136.73,68.0,0,68.99,0,mobile,West,food,BestBuy,01/01/2024 21:25,0
T5597,C223,26.43,,0,114.69,1,web,South,travel,BestBuy,Jan 01 2024 06:48,0
T5598,C470,51.97,50.0,0,116.33,0,web,East,,Walmart,01/01/2024 21:52,0
T5599,C173,31.36,42.0,1,74.33,0,web,East,shopping,BestBuy,2024/01/02 03:37,0
T5600,C437,22.14,48.0,0,139.19,0,pos,South,travel,Walmart,2024/01/01 05:56,0
T5601,C307,152.96,54.0,0,30.1,0,web,West,shopping,Walmart,2024/01/01 07:29,0
T5602,C449,239.97,19.0,0,87.78,0,pos,East,grocery,Walmart,01/01/2024 04:46,0
T5603,C179,46.24,50.0,0,127.79,0,web,West,travel,Target,01/01/2024 17:24,0
T5604,C409,139.14,56.0,0,85.62,1,pos,West,food,Amazon,Jan 01 2024 21:14,0
T5605,C377,227.3,60.0,0,89.66,0,web,North,food,,2024-01-01 16:32:05,0
T5606,C255,187.16,60.0,1,93.11,0,pos,South,grocery,,2024/01/01 15:36,0
T5607,C365,20.19,49.0,0,58.22,0,web,North,food,Starbucks,2024/01/01 19:37,0
T5608,C400,313.02,35.0,0,158.7,0,web,East,shopping,Amazon,Jan 01 2024 16:05,0
T5609,C139,47.27,,0,49.1,0,mobile,North,food,Walmart,Jan 02 2024 03:18,0
T5610,C101,41.44,,0,115.91,1,pos,South,grocery,Walmart,2024/01/01 18:10,0
T5611,C261,6.45,56.0,1,120.68,0,mobile,West,electronics,Walmart,2024/01/01 14:01,0
T5612,C211,66.59,24.0,0,52.57,1,pos,West,electronics,Walmart,2024/01/01 03:41,0
T5613,C339,11.54,59.0,0,103.66,0,mobile,East,shopping,,2024/01/01 18:28,0
T5614,C136,28.57,52.0,0,54.52,0,web,South,electronics,Amazon,Jan 01 2024 17:31,0
T5615,C440,38.12,47.0,0,169.55,0,mobile,West,food,Amazon,01/01/2024 05:35,0
T5616,C259,165.46,29.0,0,43.06,0,web,East,grocery,Amazon,Jan 01 2024 23:20,0
T5617,C298,208.34,52.0,1,67.31,0,pos,South,shopping,,2024-01-01 03:09:28,0
T5618,C156,36.02,28.0,0,38.79,0,web,South,electronics,Walmart,02/01/2024 01:32,0
T5619,C220,195.69,61.0,0,32.12,0,mobile,North,food,Target,01/01/2024 23:37,0
T5620,C266,194.65,21.0,0,179.56,0,pos,West,food,Amazon,Jan 01 2024 05:35,0
T5621,C294,144.67,,0,127.14,1,mobile,South,travel,Starbucks,Jan 01 2024 01:55,0
T5622,C378,15.86,65.0,0,107.01,0,web,West,travel,BestBuy,Jan 01 2024 09:35,0
T5623,C279,117.22,49.0,0,67.17,0,web,West,grocery,Walmart,Jan 01 2024 23:06,0
T5624,C300,290.09,37.0,0,145.38,0,mobile,South,shopping,Starbucks,2024/01/01 02:49,0
T5625,C217,114.74,67.0,0,58.79,0,pos,West,electronics,Target,2024-01-01 11:24:32,0
T5626,C475,40.29,48.0,0,139.68,0,mobile,North,electronics,Target,2024/01/01 13:17,0
T5627,C187,69.43,21.0,0,56.37,1,web,East,,BestBuy,2024/01/01 10:08,0
T5628,C390,103.77,55.0,1,67.77,0,pos,East,electronics,Amazon,Jan 01 2024 14:34,0
T5629,C221,71.45,64.0,0,137.91,0,mobile,South,grocery,Amazon,2024/01/01 01:42,0
T5630,C127,12.78,18.0,0,143.19,0,web,North,travel,Starbucks,2024/01/01 03:15,0
T5631,C260,37.41,20.0,0,129.87,0,pos,East,food,Starbucks,Jan 01 2024 18:34,0
T5632,C142,162.15,54.0,0,47.52,0,mobile,North,shopping,Amazon,2024/01/01 03:05,0
T5633,C320,197.63,39.0,0,77.66,0,pos,South,food,Amazon,02/01/2024 02:08,0
T5634,C181,738.5,34.0,0,107.84,1,web,North,electronics,Starbucks,01/01/2024 12:00,0
T5635,C327,304.46,31.0,0,57.54,0,mobile,South,,Walmart,Jan 01 2024 13:26,0
T5636,C419,39.87,58.0,0,168.55,0,mobile,East,shopping,Target,2024/01/01 10:57,0
T5637,C137,108.56,52.0,0,-20.1,0,web,East,food,Target,Jan 01 2024 03:22,0
T5638,C178,139.36,30.0,1,61.06,0,web,East,electronics,,2024/01/01 04:30,0
T5639,C339,167.1,52.0,0,74.52,0,web,East,food,Target,01/01/2024 19:46,0
T5640,C196,291.41,60.0,0,-42.2,0,mobile,West,shopping,Starbucks,2024/01/01 00:57,0
T5641,C162,37.53,19.0,0,30.19,0,web,North,,Walmart,01/01/2024 04:27,0
T5642,C347,195.55,64.0,0,131.26,0,mobile,North,,Starbucks,Jan 02 2024 02:44,0
T5643,C407,14.12,30.0,2,101.51,0,mobile,North,shopping,Amazon,01/01/2024 10:36,0
T5644,C105,122.09,68.0,0,178.66,0,pos,South,travel,Amazon,2024-01-01 04:09:02,0
T5645,C239,135.47,33.0,0,177.26,0,web,East,travel,Target,2024-01-01 22:33:09,0
T5646,C120,113.23,35.0,0,121.65,0,web,East,,Walmart,2024/01/01 06:23,0
T5647,C481,29.08,,0,115.66,0,pos,West,,BestBuy,2024-01-01 01:38:13,0
T5648,C191,206.39,62.0,1,103.3,1,mobile,West,food,Starbucks,Jan 01 2024 04:55,0
T5649,C434,18.5,53.0,0,-32.75,0,mobile,East,grocery,BestBuy,2024-01-02 02:31:24,0
T5650,C227,5.51,58.0,0,30.27,1,mobile,North,,BestBuy,2024-01-01 18:17:23,0
T5651,C424,126.4,47.0,0,105.03,0,web,North,shopping,BestBuy,01/01/2024 02:38,0
T5652,C164,64.53,59.0,0,130.8,0,mobile,East,electronics,BestBuy,2024-01-01 03:51:59,0
T5653,C154,189.11,58.0,0,114.48,0,pos,South,electronics,Starbucks,2024/01/02 01:16,0
T5654,C460,48.35,,0,55.38,0,mobile,North,,Amazon,Jan 01 2024 15:36,0
T5655,C155,18.43,32.0,0,146.87,0,web,East,grocery,Starbucks,2024/01/01 02:10,0
T5656,C311,181.06,57.0,0,174.12,0,web,East,travel,Amazon,Jan 01 2024 17:38,0
T5657,C318,79.61,36.0,0,146.9,0,mobile,West,grocery,Amazon,2024-01-01 12:42:46,0
T5658,C171,20.97,60.0,0,149.48,0,mobile,West,food,,01/01/2024 08:19,0
T5659,C401,127.43,,0,72.04,0,web,East,travel,Starbucks,01/01/2024 06:41,0
T5660,C198,71.56,19.0,0,153.8,0,mobile,South,grocery,Starbucks,2024/01/01 08:47,0
T5661,C219,92.71,59.0,0,107.29,1,pos,East,,Amazon,01/01/2024 11:21,0
T5662,C402,61.79,65.0,0,125.58,1,web,North,food,Starbucks,2024/01/01 11:47,0
T5663,C116,176.44,30.0,0,118.27,0,mobile,South,travel,Walmart,2024-01-01 22:27:12,0
T5664,C476,176.94,57.0,0,93.93,0,mobile,South,travel,Target,2024/01/01 00:38,0
T5665,C142,123.58,58.0,0,57.0,0,mobile,West,food,Target,Jan 01 2024 08:38,0
T5666,C373,11.14,60.0,0,95.89,1,pos,East,electronics,Walmart,01/01/2024 06:48,0
T5667,C168,182.54,60.0,1,149.34,0,web,West,travel,Target,Jan 01 2024 05:36,0
T5668,C268,111.17,48.0,0,77.93,0,pos,North,shopping,Amazon,Jan 01 2024 07:04,0
T5669,C398,119.41,33.0,0,144.67,0,mobile,West,electronics,,2024/01/01 00:23,0
T5670,C371,45.1,,0,136.85,1,pos,North,shopping,Starbucks,Jan 01 2024 23:45,0
T5671,C457,211.43,61.0,0,85.05,0,mobile,East,grocery,Starbucks,2024-01-02 01:49:34,0
T5672,C497,129.23,23.0,0,169.44,0,mobile,East,travel,Walmart,2024-01-02 00:43:35,0
T5673,C403,11.94,45.0,0,82.22,0,web,West,travel,Walmart,01/01/2024 20:45,0
T5674,C238,52.39,49.0,0,175.48,1,web,West,food,Amazon,Jan 01 2024 16:35,0
T5675,C186,217.49,,0,121.71,1,mobile,West,travel,Walmart,01/01/2024 06:51,0
T5676,C221,4.83,27.0,1,99.21,0,mobile,North,shopping,Starbucks,Jan 01 2024 09:48,0
T5677,C197,325.49,,0,55.61,0,mobile,South,electronics,Amazon,2024-01-01 13:16:20,0
T5678,C401,113.68,35.0,1,95.59,0,web,South,grocery,Amazon,Jan 01 2024 16:31,0
T5679,C170,99.8,21.0,0,89.81,0,web,West,electronics,,Jan 02 2024 01:22,0
T5680,C463,31.55,26.0,0,37.09,1,mobile,West,shopping,BestBuy,Jan 02 2024 00:55,0
T5681,C451,1430.5,24.0,0,89.12,0,web,East,grocery,Starbucks,2024-01-01 23:02:43,0
T5682,C217,284.83,67.0,0,59.81,0,mobile,West,food,Amazon,2024/01/01 08:53,0
T5683,C225,35.42,25.0,1,129.3,0,pos,East,travel,BestBuy,01/01/2024 23:27,0
T5684,C367,149.39,60.0,0,165.31,0,web,North,travel,Starbucks,01/01/2024 12:26,0
T5685,C404,49.94,24.0,1,38.65,1,mobile,North,food,Starbucks,Jan 01 2024 21:27,1
T5686,C397,15.0,58.0,0,185.62,0,pos,North,shopping,BestBuy,01/01/2024 06:42,0
T5687,C266,1.08,57.0,1,93.57,0,mobile,North,food,BestBuy,2024/01/01 19:04,0
T5688,C430,78.58,20.0,1,51.25,0,pos,West,shopping,Target,2024-01-01 22:54:55,0
T5689,C226,372.05,34.0,0,137.89,0,web,West,grocery,BestBuy,01/01/2024 07:45,0
T5690,C301,46.07,19.0,0,77.68,0,web,East,electronics,Walmart,2024/01/01 03:03,0
T5691,C462,44.19,32.0,0,95.91,1,mobile,West,electronics,BestBuy,2024/01/02 03:25,0
T5692,C265,42.17,63.0,1,79.79,0,web,East,food,Amazon,01/01/2024 20:33,0
T5693,C408,73.51,46.0,0,59.16,1,web,North,travel,BestBuy,2024/01/01 00:27,0
T5694,C195,58.1,67.0,0,136.2,0,pos,East,food,Starbucks,Jan 01 2024 06:45,0
T5695,C269,211.96,65.0,0,85.68,1,web,East,travel,Walmart,01/01/2024 13:28,0
T5696,C312,70.43,,0,28.17,0,pos,West,food,BestBuy,01/01/2024 05:53,0
T5697,C283,70.88,39.0,0,127.55,0,pos,North,food,Walmart,01/01/2024 03:12,0
T5698,C448,14.89,21.0,0,39.72,0,pos,South,,Target,Jan 01 2024 08:22,0
T5699,C115,405.93,69.0,0,42.34,1,web,West,travel,Walmart,01/01/2024 19:19,0
T5700,C274,28.76,23.0,1,159.63,0,mobile,West,electronics,Starbucks,01/01/2024 09:50,0
T5701,C282,7.62,55.0,0,40.18,0,mobile,South,travel,Target,2024-01-01 19:39:37,0
T5702,C488,108.81,,0,-15.82,1,web,North,grocery,,2024-01-01 04:26:43,0
T5703,C201,4524.0,28.0,1,131.14,0,pos,South,,Walmart,Jan 01 2024 12:56,0
T5704,C434,53.64,43.0,0,84.81,0,web,East,grocery,Target,Jan 01 2024 01:03,0
T5705,C346,54.85,34.0,0,89.12,0,mobile,South,shopping,,Jan 01 2024 05:18,0
T5706,C270,153.74,41.0,0,84.27,0,pos,North,electronics,BestBuy,Jan 01 2024 18:21,0
T5707,C381,21.78,45.0,0,111.58,0,web,North,electronics,Walmart,Jan 01 2024 12:39,0
T5708,C125,171.62,52.0,0,62.36,0,pos,South,grocery,,01/01/2024 17:12,0
T5709,C461,104.62,48.0,0,173.81,0,pos,West,food,Target,2024-01-01 17:38:19,0
T5710,C333,54.3,30.0,1,26.19,0,mobile,South,electronics,Walmart,01/01/2024 01:08,0
T5711,C461,61.25,52.0,0,122.24,0,pos,East,travel,BestBuy,2024-01-01 19:19:50,0
T5712,C195,29.66,33.0,0,132.11,0,web,South,electronics,,2024-01-02 01:46:38,0
T5713,C403,139.48,32.0,0,62.02,0,pos,South,electronics,Target,Jan 02 2024 00:56,0
T5714,C292,71.92,60.0,0,48.81,0,pos,South,travel,,2024/01/01 05:39,0
T5715,C358,38.69,35.0,0,150.86,0,web,East,grocery,Starbucks,2024/01/02 03:20,0
T5716,C300,90.65,64.0,0,50.46,1,mobile,South,grocery,BestBuy,01/01/2024 05:52,0
T5717,C492,545.72,54.0,0,69.67,1,mobile,West,travel,Starbucks,2024-01-01 08:24:55,0
T5718,C453,57.14,65.0,0,144.37,0,web,East,,Amazon,2024/01/02 01:25,0
T5719,C344,253.44,65.0,0,101.74,1,pos,West,electronics,Target,2024/01/02 02:51,0
T5720,C432,42.31,66.0,0,10.14,1,web,East,grocery,BestBuy,01/01/2024 14:03,0
T5721,C289,5.63,58.0,0,187.35,0,web,North,shopping,Walmart,2024-01-01 10:25:39,0
T5722,C436,22.85,44.0,0,73.5,0,web,North,grocery,BestBuy,Jan 01 2024 04:58,0
T5723,C479,54.25,52.0,0,79.86,0,mobile,East,travel,Walmart,2024/01/01 09:44,0
T5724,C455,24.8,69.0,0,112.79,0,pos,East,shopping,,01/01/2024 11:45,0
T5725,C490,0.02,62.0,3,131.25,1,web,East,shopping,Amazon,Jan 01 2024 20:44,0
T5726,C166,246.51,52.0,0,198.06,0,mobile,North,travel,Target,2024-01-01 03:20:37,0
T5727,C442,185.71,45.0,0,17.0,0,mobile,East,food,Starbucks,2024-01-01 20:13:16,0
T5728,C219,6779.5,56.0,0,141.3,0,pos,North,grocery,BestBuy,2024/01/01 10:59,0
T5729,C492,18.37,55.0,0,137.15,0,web,North,electronics,Target,2024/01/01 04:00,0
T5730,C187,12.82,26.0,1,93.14,0,pos,East,,Target,Jan 01 2024 20:46,0
T5731,C142,7.0,29.0,0,139.36,1,web,East,travel,Target,01/01/2024 07:38,0
T5732,C443,128.75,32.0,0,146.71,0,mobile,East,,Target,01/01/2024 22:48,0
T5733,C143,264.24,38.0,1,30.9,1,mobile,North,food,Target,2024-01-01 02:56:22,1
T5734,C188,56.31,69.0,0,187.49,0,pos,South,travel,Starbucks,Jan 01 2024 15:44,0
T5735,C405,12.69,52.0,1,22.06,0,web,East,grocery,Starbucks,01/01/2024 13:27,0
T5736,C348,71.82,59.0,0,43.23,0,pos,South,,BestBuy,02/01/2024 01:48,0
T5737,C487,42.9,50.0,0,86.91,1,web,South,travel,Walmart,2024/01/02 01:05,0
T5738,C325,46.97,68.0,0,196.25,0,pos,South,,BestBuy,01/01/2024 04:46,0
T5739,C287,97.11,36.0,0,84.59,0,mobile,West,grocery,Target,Jan 01 2024 16:15,0
T5740,C440,126.84,40.0,0,98.4,0,pos,South,food,,01/01/2024 16:53,0
T5741,C350,11.72,30.0,1,171.6,1,web,South,grocery,BestBuy,2024-01-01 23:28:07,0
T5742,C424,3.62,61.0,0,84.98,0,pos,North,grocery,Walmart,2024/01/01 05:08,0
T5743,C177,517.26,18.0,0,41.08,0,web,West,,Starbucks,01/01/2024 10:52,0
T5744,C412,26.49,68.0,0,79.14,0,pos,North,food,Target,2024/01/01 16:34,0
T5745,C380,5.53,,0,168.54,0,web,North,travel,Walmart,2024/01/01 22:24,0
T5746,C168,21.06,41.0,0,103.54,0,web,South,shopping,Amazon,Jan 01 2024 21:16,0
T5747,C338,3.97,33.0,0,196.53,1,web,North,,Target,Jan 01 2024 18:40,0
T5748,C270,49.73,42.0,0,136.9,0,pos,East,shopping,Starbucks,2024-01-01 13:58:18,0
T5749,C376,162.15,,0,67.76,1,pos,South,food,Starbucks,2024-01-01 22:32:11,0
T5750,C230,41.74,,0,102.55,0,mobile,East,food,BestBuy,Jan 02 2024 00:31,0
T5751,C285,58.73,64.0,1,57.34,0,web,South,grocery,Amazon,02/01/2024 01:15,0
T5752,C163,112.57,33.0,0,66.58,1,mobile,South,travel,,01/01/2024 07:52,0
T5753,C240,71.11,,0,323.95,0,mobile,South,grocery,BestBuy,2024/01/01 20:35,0
T5754,C487,197.65,55.0,0,150.93,0,web,West,travel,Starbucks,2024-01-02 00:30:34,0
T5755,C426,201.02,28.0,0,143.05,0,mobile,South,electronics,Walmart,01/01/2024 10:39,0
T5756,C274,1.0,20.0,1,68.84,0,pos,East,travel,Starbucks,2024/01/01 20:55,0
T5757,C414,150.53,32.0,0,178.48,0,mobile,South,grocery,Starbucks,Jan 02 2024 02:10,0
T5758,C200,61.75,18.0,0,154.97,0,pos,South,,Amazon,2024/01/01 13:38,0
T5759,C490,449.55,24.0,0,194.08,0,web,North,,Target,01/01/2024 00:04,0
T5760,C437,66.02,,0,191.66,0,web,South,,Walmart,2024/01/01 21:55,0
T5761,C210,21674.0,66.0,0,26.05,0,web,South,travel,Amazon,2024/01/01 15:45,0
T5762,C447,140.47,49.0,0,44.51,1,mobile,South,electronics,Starbucks,01/01/2024 23:04,0
T5763,C415,28.58,26.0,0,49.81,0,web,South,electronics,Starbucks,2024/01/01 15:36,0
T5764,C358,77.3,46.0,0,52.8,0,web,South,shopping,,2024-01-02 02:40:04,0
T5765,C255,484.54,43.0,0,116.17,0,pos,South,electronics,,01/01/2024 06:44,0
T5766,C131,194.86,40.0,2,71.66,0,mobile,West,grocery,Starbucks,2024-01-01 09:05:44,0
T5767,C118,10.24,62.0,0,203.63,0,mobile,East,shopping,,2024-01-01 06:07:00,0
T5768,C280,122.54,60.0,0,195.23,0,web,West,shopping,Amazon,2024/01/01 01:52,0
T5769,C418,42.4,46.0,0,99.68,1,mobile,East,shopping,Starbucks,01/01/2024 14:25,0
T5770,C378,0.7,,1,197.77,1,web,West,travel,BestBuy,2024/01/01 10:47,0
T5771,C290,51.66,,0,174.41,0,pos,South,travel,,2024/01/01 19:27,0
T5772,C212,26.76,50.0,0,77.46,0,mobile,West,shopping,Starbucks,Jan 01 2024 00:36,0
T5773,C281,8542.5,24.0,0,-0.46,0,mobile,East,electronics,Target,01/01/2024 14:17,0
T5774,C261,41.15,29.0,0,89.1,0,pos,North,,Starbucks,Jan 01 2024 15:21,0
T5775,C130,175.75,48.0,0,67.77,0,mobile,North,grocery,Starbucks,2024/01/01 22:31,0
T5776,C479,3.0,49.0,0,110.33,0,web,South,,Starbucks,01/01/2024 01:09,0
T5777,C285,36.79,37.0,0,104.46,0,mobile,South,food,Amazon,2024/01/01 12:09,0
T5778,C391,27.6,68.0,0,103.15,0,mobile,East,shopping,Starbucks,01/01/2024 04:12,0
T5779,C107,26.6,34.0,0,126.18,0,pos,North,food,Starbucks,2024/01/01 10:20,0
T5780,C487,7.06,53.0,0,39.37,0,pos,South,grocery,Amazon,Jan 01 2024 16:31,0
T5781,C374,20.72,20.0,0,120.57,0,web,West,travel,Starbucks,01/01/2024 22:10,0
T5782,C464,81.09,18.0,0,78.02,0,mobile,West,,BestBuy,01/01/2024 22:01,0
T5783,C495,34.44,67.0,1,110.0,0,mobile,North,travel,BestBuy,Jan 01 2024 03:00,0
T5784,C132,54.02,44.0,1,147.87,1,pos,East,travel,Starbucks,Jan 01 2024 16:08,0
T5785,C208,47.3,64.0,1,38.78,1,web,South,travel,Amazon,2024-01-01 11:55:26,0
T5786,C186,208.67,57.0,1,85.94,0,mobile,South,shopping,Starbucks,2024/01/02 01:41,0
T5787,C146,235.7,50.0,1,94.07,0,web,South,food,Starbucks,2024/01/01 23:25,0
T5788,C445,67.92,37.0,0,74.29,0,mobile,North,grocery,Walmart,Jan 01 2024 04:28,0
T5789,C479,40.07,31.0,0,144.99,0,pos,West,grocery,Target,2024-01-01 18:00:59,0
T5790,C205,11.29,53.0,0,63.98,0,pos,East,travel,Amazon,2024/01/01 14:33,0
T5791,C418,306.62,22.0,0,72.23,0,pos,North,travel,Target,2024/01/02 00:17,0
T5792,C402,310.5,40.0,0,64.5,0,pos,North,travel,Walmart,2024/01/01 10:15,0
T5793,C226,35.33,62.0,0,154.6,0,pos,South,electronics,Target,2024/01/01 07:34,0
T5794,C356,35.39,32.0,0,75.38,0,pos,West,grocery,Starbucks,2024/01/01 22:05,0
T5795,C130,38.63,,0,123.0,0,web,East,travel,BestBuy,Jan 01 2024 21:47,0
T5796,C316,17.95,50.0,0,198.79,0,pos,East,food,Amazon,2024-01-01 17:36:14,0
T5797,C122,152.86,36.0,0,96.26,0,web,South,electronics,Amazon,01/01/2024 11:22,0
T5798,C299,13.07,30.0,0,155.6,0,pos,East,shopping,Starbucks,2024/01/01 21:17,0
T5799,C216,100.76,46.0,0,183.57,0,mobile,West,electronics,Target,01/01/2024 10:11,0
T5800,C362,13.22,23.0,0,151.36,0,mobile,South,,Amazon,2024-01-01 14:25:31,0
T5801,C231,7.31,32.0,0,99.16,0,mobile,South,electronics,Walmart,Jan 01 2024 20:02,0
T5802,C406,240.16,33.0,0,132.11,0,web,West,food,Walmart,01/01/2024 02:24,0
T5803,C364,21.09,41.0,0,35.63,0,pos,East,grocery,Target,01/01/2024 14:39,0
T5804,C387,172.18,40.0,0,61.0,0,web,West,travel,Walmart,2024-01-01 06:23:58,0
T5805,C208,78.66,65.0,0,69.77,0,pos,East,food,,01/01/2024 05:27,0
T5806,C203,8.11,27.0,1,212.03,0,mobile,East,food,Starbucks,2024-01-01 21:52:38,0
T5807,C263,311.11,58.0,0,59.37,0,web,East,travel,,01/01/2024 01:11,0
T5808,C116,28.36,58.0,0,58.63,0,pos,West,electronics,Starbucks,Jan 01 2024 15:49,0
T5809,C476,196.36,,0,47.8,0,web,West,shopping,Target,02/01/2024 03:17,0
T5810,C274,18.49,34.0,0,127.99,0,web,North,,Starbucks,01/01/2024 06:06,0
T5811,C246,192.38,66.0,0,107.13,0,mobile,West,electronics,Amazon,2024/01/01 15:08,0
T5812,C290,1.33,61.0,0,154.34,0,mobile,South,grocery,Amazon,Jan 01 2024 04:03,0
T5813,C180,71.7,,0,133.56,0,mobile,South,electronics,Target,2024-01-01 09:34:49,0
T5814,C128,146.73,47.0,0,30.98,1,mobile,South,shopping,Amazon,2024/01/01 23:19,0
T5815,C365,273.02,61.0,0,59.64,1,mobile,South,food,Walmart,01/01/2024 15:30,0
T5816,C483,239.91,63.0,1,168.27,0,pos,North,electronics,Starbucks,Jan 01 2024 13:04,0
T5817,C209,171.27,27.0,0,89.84,0,pos,West,food,,01/01/2024 04:52,0
T5818,C204,219.1,36.0,1,159.38,0,mobile,West,grocery,BestBuy,01/01/2024 14:49,0
T5819,C481,22.22,46.0,0,92.52,1,mobile,East,shopping,BestBuy,2024-01-01 09:29:57,0
T5820,C429,33.43,19.0,0,51.62,0,mobile,West,,Target,01/01/2024 18:23,0
T5821,C386,34.1,53.0,0,84.84,0,web,East,travel,BestBuy,Jan 01 2024 15:51,0
T5822,C427,47.33,36.0,0,51.6,0,mobile,East,grocery,Starbucks,Jan 01 2024 09:12,0
T5823,C107,49.98,24.0,0,71.72,0,pos,South,shopping,Amazon,Jan 01 2024 00:47,0
T5824,C376,78.65,43.0,0,110.05,0,pos,North,food,,2024/01/01 02:15,0
T5825,C470,17.42,32.0,0,125.58,0,web,North,grocery,BestBuy,2024-01-01 04:19:41,0
T5826,C453,117.52,,0,20.49,0,pos,West,electronics,BestBuy,2024/01/01 07:46,0
T5827,C167,18.34,55.0,0,99.13,0,mobile,East,food,BestBuy,Jan 01 2024 10:33,0
T5828,C153,37.15,20.0,0,70.67,1,web,South,electronics,Walmart,2024-01-01 06:19:23,0
T5829,C171,69.99,55.0,0,67.58,0,web,East,electronics,Starbucks,2024/01/01 19:17,0
T5830,C290,159.18,33.0,0,106.63,0,pos,South,food,BestBuy,2024-01-01 16:15:35,0
T5831,C300,134.5,19.0,0,72.48,0,mobile,East,electronics,Amazon,01/01/2024 06:06,0
T5832,C456,103.71,48.0,0,169.11,0,mobile,West,travel,Target,2024-01-01 01:58:05,0
T5833,C144,16.93,45.0,1,159.4,0,mobile,West,food,Walmart,2024-01-01 17:05:08,0
T5834,C480,79.2,24.0,0,159.09,0,web,East,grocery,Starbucks,2024-01-01 13:00:00,0
T5835,C361,9.15,47.0,1,75.25,1,pos,North,travel,Amazon,2024/01/01 22:49,0
T5836,C229,47.38,60.0,1,51.88,0,pos,South,grocery,Walmart,2024-01-01 20:14:13,0
T5837,C425,53.36,24.0,0,104.1,0,pos,North,shopping,Walmart,2024-01-02 02:23:42,0
T5838,C358,4.06,53.0,0,92.48,0,mobile,North,grocery,,2024/01/01 05:04,0
T5839,C144,32.02,46.0,0,69.56,0,web,East,food,Target,01/01/2024 23:11,0
T5840,C143,311.56,,0,41.21,0,web,South,grocery,Starbucks,Jan 01 2024 09:12,0
T5841,C450,307.12,69.0,1,97.92,0,pos,South,shopping,,2024-01-01 09:33:23,0
T5842,C110,43.44,,0,79.8,0,pos,West,electronics,Target,2024-01-01 17:10:13,0
T5843,C314,4.41,21.0,0,134.42,0,web,East,food,Starbucks,01/01/2024 16:07,0
T5844,C103,19.73,46.0,0,133.26,0,pos,East,travel,Walmart,2024-01-01 02:54:36,0
T5845,C301,49.79,61.0,0,155.04,1,web,East,travel,BestBuy,01/01/2024 12:23,0
T5846,C229,295.23,22.0,0,37.04,0,web,West,grocery,Amazon,Jan 01 2024 16:35,0
T5847,C363,15.22,46.0,0,120.05,0,pos,West,travel,Walmart,01/01/2024 18:10,0
T5848,C387,144.19,47.0,0,63.63,0,web,South,shopping,,2024/01/01 02:03,0
T5849,C348,11.51,46.0,0,38.98,1,web,West,travel,Amazon,01/01/2024 18:56,0
T5850,C137,397.7,43.0,1,78.57,0,pos,East,grocery,Walmart,01/01/2024 13:18,0
T5851,C118,48.06,36.0,0,153.44,0,pos,East,travel,Target,2024-01-01 01:32:50,0
T5852,C211,149.27,43.0,0,81.38,0,pos,North,electronics,Starbucks,2024-01-02 00:06:09,0
T5853,C255,41.94,54.0,0,178.27,0,web,West,electronics,,Jan 01 2024 10:46,0
T5854,C417,98.8,44.0,0,127.44,0,pos,East,,Target,2024/01/01 07:13,0
T5855,C380,1066.0,47.0,1,80.3,0,pos,East,,Amazon,Jan 01 2024 06:12,0
T5856,C233,15.78,68.0,0,158.0,0,web,South,travel,,Jan 01 2024 09:04,0
T5857,C427,278.17,,0,122.27,0,web,West,electronics,BestBuy,Jan 01 2024 17:24,0
T5858,C241,249.67,20.0,0,53.37,0,pos,East,electronics,,2024-01-01 13:39:32,0
T5859,C258,218.45,60.0,0,192.94,0,pos,South,shopping,,01/01/2024 21:42,0
T5860,C400,4910.0,24.0,1,112.97,0,web,North,grocery,BestBuy,2024-01-02 01:58:56,1
T5861,C269,165.17,66.0,0,100.94,0,web,North,shopping,Walmart,2024/01/01 03:34,0
T5862,C286,7.15,26.0,0,57.22,0,mobile,South,food,Walmart,02/01/2024 03:35,0
T5863,C305,40.77,,0,158.98,0,web,West,grocery,BestBuy,2024/01/01 12:38,0
T5864,C414,37.64,,0,125.86,0,web,East,travel,BestBuy,01/01/2024 02:09,0
T5865,C227,100.96,30.0,1,131.46,0,mobile,West,travel,Starbucks,01/01/2024 13:09,0
T5866,C498,44.0,32.0,1,74.62,0,pos,South,food,Starbucks,01/01/2024 11:05,0
T5867,C200,16.08,,0,141.71,0,mobile,East,electronics,Walmart,01/01/2024 15:07,0
T5868,C499,90.75,,0,145.59,0,web,East,travel,Target,2024/01/01 16:13,0
T5869,C176,168.41,52.0,0,66.56,1,mobile,East,shopping,,2024-01-01 05:17:12,0
T5870,C456,48.15,44.0,1,29.15,0,mobile,West,electronics,Target,2024-01-01 17:32:28,0
T5871,C230,14.19,44.0,0,129.07,0,mobile,West,travel,Starbucks,Jan 01 2024 20:22,0
T5872,C280,21.9,25.0,0,21.33,0,mobile,South,electronics,Target,2024/01/01 04:09,0
T5873,C332,27.11,49.0,0,107.6,0,mobile,North,grocery,Starbucks,2024-01-01 15:00:04,0
T5874,C103,35.65,37.0,1,77.64,0,mobile,South,,Target,01/01/2024 12:36,0
T5875,C199,102.94,27.0,0,160.93,0,pos,East,,Walmart,01/01/2024 13:36,0
T5876,C486,91.87,,1,80.36,0,mobile,South,,Starbucks,01/01/2024 08:15,0
T5877,C240,119.1,,1,155.36,0,mobile,North,grocery,Walmart,2024-01-01 13:06:32,0
T5878,C162,45.02,,1,74.29,0,mobile,South,shopping,Target,Jan 01 2024 22:22,0
T5879,C151,173.73,,0,150.0,0,mobile,North,grocery,BestBuy,Jan 01 2024 07:52,0
T5880,C106,22.83,46.0,1,203.02,0,web,North,shopping,BestBuy,2024/01/01 17:22,0
T5881,C190,63.31,48.0,0,46.6,0,mobile,East,food,Amazon,Jan 01 2024 14:20,0
T5882,C342,161.41,58.0,0,114.6,0,mobile,North,grocery,BestBuy,Jan 01 2024 01:48,0
T5883,C318,19.86,47.0,0,237.44,0,mobile,West,shopping,Amazon,2024/01/01 17:02,0
T5884,C252,11.64,39.0,1,103.33,0,pos,South,electronics,Target,Jan 01 2024 12:28,0
T5885,C404,215.14,38.0,0,103.09,0,mobile,South,shopping,Amazon,2024-01-01 03:18:53,0
T5886,C312,42.0,,0,139.42,0,web,West,food,,2024/01/01 03:21,0
T5887,C244,115.16,28.0,0,102.05,0,pos,West,shopping,Amazon,01/01/2024 12:25,0
T5888,C246,2.57,19.0,0,14.64,0,web,East,grocery,Walmart,Jan 01 2024 06:56,0
T5889,C100,5856.5,,0,156.61,0,pos,South,shopping,Amazon,Jan 01 2024 14:47,0
T5890,C297,37.99,58.0,0,-0.15,0,pos,West,grocery,Starbucks,2024-01-01 12:05:22,0
T5891,C290,5.74,19.0,0,79.16,0,mobile,East,food,Target,2024-01-01 02:05:36,0
T5892,C496,94.11,51.0,0,160.37,0,mobile,South,shopping,Walmart,2024-01-01 06:20:36,0
T5893,C352,27.55,20.0,1,82.17,0,pos,South,shopping,Starbucks,2024-01-01 00:36:57,0
T5894,C172,48.91,33.0,0,65.32,0,mobile,West,food,Target,Jan 01 2024 22:47,0
T5895,C381,8.4,68.0,1,143.96,0,mobile,North,shopping,Walmart,01/01/2024 07:49,0
T5896,C384,15.92,21.0,1,57.44,1,pos,North,grocery,Target,2024/01/01 23:17,0
T5897,C268,35.38,40.0,0,38.89,0,pos,West,travel,,2024-01-01 19:14:50,0
T5898,C358,9.4,67.0,0,113.73,0,web,North,travel,Target,2024-01-01 11:23:59,0
T5899,C379,241.72,37.0,0,90.85,0,pos,South,grocery,BestBuy,2024/01/01 08:11,0
T5900,C243,0.61,,0,37.82,0,web,East,shopping,BestBuy,01/01/2024 20:02,0
T5901,C130,66.14,47.0,1,131.85,1,web,East,,Target,02/01/2024 02:00,1
T5902,C180,13.15,35.0,0,123.22,0,mobile,West,food,BestBuy,Jan 01 2024 04:49,0
T5903,C371,36.77,59.0,0,82.01,0,mobile,East,grocery,Walmart,Jan 01 2024 03:51,0
T5904,C213,260.45,28.0,0,85.43,0,pos,West,travel,BestBuy,Jan 01 2024 05:19,0
T5905,C172,17.64,46.0,0,123.52,0,pos,North,electronics,Amazon,Jan 01 2024 15:45,0
T5906,C286,337.65,34.0,1,159.52,0,web,South,food,Walmart,01/01/2024 16:22,0
T5907,C292,23.04,43.0,0,85.86,1,web,North,shopping,Walmart,2024/01/01 01:13,0
T5908,C177,135.31,40.0,0,132.73,0,mobile,West,grocery,Walmart,Jan 01 2024 20:48,0
T5909,C118,79.12,69.0,2,128.26,0,pos,South,food,Amazon,2024-01-01 01:40:12,0
T5910,C243,215.83,65.0,1,143.97,0,pos,South,,Amazon,Jan 01 2024 19:50,0
T5911,C251,80.74,37.0,1,101.97,0,pos,South,shopping,Amazon,2024/01/01 15:07,0
T5912,C439,76.48,62.0,0,54.38,0,pos,North,grocery,Amazon,2024/01/01 07:38,0
T5913,C395,21.75,19.0,0,76.88,0,mobile,South,grocery,Amazon,01/01/2024 23:44,0
T5914,C282,18.18,41.0,0,117.14,0,mobile,North,shopping,Starbucks,2024-01-01 05:42:28,0
T5915,C318,12414.0,48.0,0,190.92,0,web,North,electronics,Starbucks,2024-01-01 01:17:31,0
T5916,C473,39.73,44.0,0,75.8,0,mobile,South,,Amazon,Jan 01 2024 19:01,0
T5917,C198,46.53,19.0,0,140.24,0,web,West,food,Walmart,2024-01-01 08:06:11,0
T5918,C336,142.64,31.0,1,83.6,0,mobile,South,grocery,BestBuy,Jan 01 2024 13:37,0
T5919,C334,41.37,21.0,0,105.52,0,mobile,South,food,BestBuy,02/01/2024 01:58,0
T5920,C151,303.79,66.0,0,175.77,0,pos,North,shopping,,2024-01-02 01:16:52,0
T5921,C176,6695.5,30.0,2,138.21,0,web,South,food,Amazon,2024-01-01 18:23:15,0
T5922,C412,90.99,53.0,0,37.94,0,web,West,,Target,2024/01/01 02:10,0
T5923,C196,212.78,52.0,0,71.38,0,web,South,electronics,BestBuy,Jan 01 2024 18:24,0
T5924,C298,5.09,61.0,0,162.81,0,mobile,West,electronics,BestBuy,2024-01-02 02:45:09,0
T5925,C217,1485.5,25.0,0,107.09,0,pos,East,shopping,Walmart,2024/01/01 09:22,0
T5926,C444,62.56,19.0,1,42.56,0,mobile,East,travel,,02/01/2024 02:00,0
T5927,C329,25.74,23.0,0,59.05,1,pos,East,food,,2024-01-01 11:51:58,0
T5928,C437,136.22,48.0,0,135.17,0,mobile,South,shopping,Amazon,Jan 01 2024 10:43,0
T5929,C178,251.59,27.0,0,149.72,0,web,North,electronics,Amazon,2024-01-01 01:13:28,0
T5930,C221,55.12,,0,100.89,0,mobile,West,grocery,BestBuy,01/01/2024 18:43,0
T5931,C291,41.88,38.0,0,223.77,0,web,East,,,2024-01-02 01:55:21,0
T5932,C485,325.84,,0,141.21,0,pos,West,travel,Starbucks,2024/01/01 22:51,0
T5933,C225,58.85,27.0,1,87.83,1,web,North,travel,,2024/01/01 19:45,0
T5934,C188,3357.5000000000005,40.0,0,59.21,0,web,West,electronics,Starbucks,2024-01-01 17:14:13,0
T5935,C264,43.33,20.0,1,51.26,0,web,West,travel,Target,2024/01/01 14:49,0
T5936,C219,240.29,49.0,0,116.77,0,web,East,travel,Starbucks,2024/01/02 01:42,0
T5937,C208,84.15,37.0,0,75.56,0,pos,West,grocery,Starbucks,2024-01-01 19:04:58,0
T5938,C201,143.62,27.0,0,183.69,0,mobile,East,food,Starbucks,Jan 01 2024 23:50,0
T5939,C145,167.03,,0,173.32,0,mobile,North,grocery,Amazon,Jan 01 2024 20:32,0
T5940,C222,41.83,58.0,0,131.65,0,mobile,East,grocery,Target,01/01/2024 14:45,0
T5941,C167,56.86,,0,41.05,0,mobile,West,electronics,,Jan 01 2024 16:25,0
T5942,C499,188.7,68.0,0,66.39,0,web,North,electronics,Walmart,Jan 01 2024 18:22,0
T5943,C208,45.14,,0,162.78,0,pos,South,food,BestBuy,01/01/2024 07:34,0
T5944,C130,157.96,51.0,1,71.85,0,pos,South,shopping,Amazon,01/01/2024 02:14,0
T5945,C305,14150.5,54.0,1,156.11,1,mobile,North,travel,Starbucks,01/01/2024 09:25,0
T5946,C444,97.61,37.0,0,123.73,0,mobile,North,travel,Walmart,01/01/2024 03:25,0
T5947,C498,135.34,25.0,0,102.59,0,pos,West,,Target,02/01/2024 01:38,0
T5948,C355,163.53,24.0,0,64.86,0,pos,South,grocery,Target,2024-01-01 19:33:30,0
T5949,C237,186.46,23.0,0,95.29,0,web,North,food,Amazon,2024-01-01 19:35:32,0
T5950,C456,50.26,28.0,0,109.48,0,pos,South,travel,Starbucks,02/01/2024 00:07,0
T5951,C142,5.26,61.0,0,151.63,0,pos,South,,Starbucks,2024-01-01 12:54:25,0
T5952,C408,51.4,35.0,0,55.71,0,web,West,grocery,Target,2024-01-01 02:16:13,0
T5953,C498,112.01,68.0,1,86.86,0,web,North,electronics,Starbucks,2024-01-01 10:50:03,0
T5954,C203,59.85,59.0,0,102.24,0,web,East,,BestBuy,01/01/2024 01:26,0
T5955,C257,138.22,46.0,0,133.13,0,pos,North,food,,Jan 01 2024 02:11,0
T5956,C334,44.16,42.0,1,54.58,0,pos,South,shopping,Amazon,2024/01/01 13:26,0
T5957,C404,100.72,38.0,1,34.17,0,pos,East,shopping,Starbucks,2024-01-01 18:24:34,0
T5958,C308,20.63,63.0,0,133.7,0,web,East,,Target,01/01/2024 22:08,0
T5959,C445,138.38,20.0,0,24.1,0,pos,South,travel,BestBuy,2024/01/02 00:50,0
T5960,C387,78.9,35.0,0,164.25,1,pos,East,grocery,BestBuy,2024-01-01 03:01:32,0
T5961,C449,22.82,41.0,1,92.2,0,web,East,food,BestBuy,2024-01-01 17:39:01,0
T5962,C105,34.52,64.0,1,22.62,0,mobile,North,grocery,Walmart,2024/01/01 10:08,0
T5963,C379,138.07,55.0,1,75.98,1,mobile,South,electronics,Starbucks,2024-01-01 00:10:57,1
T5964,C295,65.89,27.0,0,118.96,0,pos,West,shopping,BestBuy,Jan 02 2024 00:47,0
T5965,C455,24.34,44.0,0,73.36,0,web,East,electronics,Starbucks,01/01/2024 23:30,0
T5966,C159,341.95,29.0,0,101.0,0,web,South,shopping,,Jan 01 2024 20:47,0
T5967,C453,125.57,24.0,0,137.0,0,pos,North,travel,Target,01/01/2024 14:32,0
T5968,C420,314.97,34.0,0,89.89,0,pos,North,food,Target,Jan 01 2024 06:16,0
T5969,C103,55.71,18.0,0,53.15,1,mobile,North,,Walmart,02/01/2024 02:37,0
T5970,C307,64.45,67.0,0,85.05,0,web,East,shopping,Target,Jan 01 2024 06:47,0
T5971,C265,228.23,43.0,0,170.74,1,pos,West,electronics,Starbucks,Jan 01 2024 00:36,0
T5972,C259,74.45,32.0,0,184.25,0,web,North,shopping,Amazon,01/01/2024 15:04,0
T5973,C112,122.85,68.0,0,-1.0,0,pos,West,travel,Amazon,2024/01/01 19:29,0
T5974,C104,29.06,50.0,1,154.55,0,mobile,South,travel,Starbucks,2024/01/01 17:28,0
T5975,C368,59.19,,0,112.51,1,pos,North,electronics,Amazon,2024/01/01 05:48,0
T5976,C263,13.18,64.0,0,146.2,0,mobile,East,electronics,BestBuy,2024-01-01 08:48:52,0
T5977,C205,23.06,48.0,0,72.48,0,mobile,North,travel,Amazon,2024-01-01 17:20:37,0
T5978,C389,0.09,,0,11.59,0,pos,East,,Walmart,2024-01-02 01:58:07,0
T5979,C113,4.01,18.0,0,129.22,0,pos,South,shopping,Target,2024-01-02 00:35:45,0
T5980,C285,378.47,25.0,0,52.95,0,mobile,West,food,Amazon,2024-01-01 12:23:18,0
T5981,C231,27.75,29.0,0,30.59,0,web,West,travel,Amazon,01/01/2024 01:26,0
T5982,C330,108.86,36.0,0,34.08,0,web,West,food,Walmart,2024/01/01 09:21,0
T5983,C335,182.7,42.0,0,130.05,1,mobile,North,travel,Walmart,2024-01-02 00:05:07,0
T5984,C320,80.0,49.0,0,106.97,0,mobile,North,food,Amazon,2024/01/01 17:22,0
T5985,C250,16.62,29.0,0,139.12,0,pos,South,,BestBuy,2024/01/02 02:23,0
T5986,C447,130.24,30.0,0,133.45,0,pos,West,shopping,Amazon,2024/01/01 07:48,0
T5987,C381,4584.5,45.0,0,78.95,1,mobile,South,shopping,BestBuy,02/01/2024 00:21,0
T5988,C286,131.4,18.0,0,96.48,0,mobile,East,,Target,Jan 01 2024 14:51,0
T5989,C214,146.86,68.0,1,74.43,0,web,North,electronics,Starbucks,01/01/2024 23:52,0
T5990,C254,370.54,23.0,0,89.48,0,web,West,grocery,Target,01/01/2024 02:34,0
T5991,C424,85.23,25.0,0,51.64,0,web,North,shopping,,Jan 02 2024 01:54,0
T5992,C230,41.8,21.0,0,119.52,1,mobile,West,travel,,Jan 01 2024 10:42,0
T5993,C274,104.54,22.0,0,153.76,1,mobile,West,food,BestBuy,Jan 01 2024 06:22,0
T5994,C472,7.09,42.0,0,59.17,0,web,North,shopping,,2024-01-01 06:30:15,0
T5995,C239,227.69,39.0,1,164.06,0,web,North,grocery,BestBuy,2024-01-01 18:47:12,0
T5996,C405,12.71,45.0,1,105.68,0,pos,South,travel,Walmart,01/01/2024 01:32,0
T5997,C304,39.73,56.0,1,112.05,0,pos,North,shopping,Walmart,2024/01/01 23:21,0
T5998,C160,169.14,,1,15.03,0,mobile,North,grocery,,Jan 01 2024 21:43,0
T5999,C279,90.96,21.0,0,9.64,0,pos,North,,Walmart,Jan 01 2024 08:10,0
